date,站点,深度_m,u_m_s,v_m_s,流速_m_s
2021-01-03,珠海,0.0,-0.006,-0.02,0.020881
2021-01-03,珠海,2.0,-0.003,-0.003,0.004243
2021-01-03,珠海,4.0,-0.001,0.013000000000000001,0.013038
2021-01-03,珠海,6.0,0.0,0.023,0.023
2021-01-03,珠海,8.0,,,
2021-01-03,珠海,10.0,,,
2021-01-03,珠海,12.0,,,
2021-01-03,珠海,15.0,,,
2021-01-03,珠海,20.0,,,
2021-01-03,珠海,25.0,,,
2021-01-03,珠海,30.0,,,
2021-01-03,珠海,35.0,,,
2021-01-03,珠海,40.0,,,
2021-01-03,珠海,45.0,,,
2021-01-03,珠海,50.0,,,
2021-01-03,珠海,60.0,,,
2021-01-03,珠海,70.0,,,
2021-01-03,珠海,80.0,,,
2021-01-03,珠海,90.0,,,
2021-01-03,珠海,100.0,,,
2021-01-03,珠海,125.0,,,
2021-01-03,珠海,150.0,,,
2021-01-03,珠海,200.0,,,
2021-01-03,珠海,250.0,,,
2021-01-03,珠海,300.0,,,
2021-01-03,珠海,350.0,,,
2021-01-03,珠海,400.0,,,
2021-01-03,珠海,500.0,,,
2021-01-03,珠海,600.0,,,
2021-01-03,珠海,700.0,,,
2021-01-03,珠海,800.0,,,
2021-01-03,珠海,900.0,,,
2021-01-03,珠海,1000.0,,,
2021-01-03,珠海,1250.0,,,
2021-01-03,珠海,1500.0,,,
2021-01-03,珠海,2000.0,,,
2021-01-03,珠海,2500.0,,,
2021-01-03,珠海,3000.0,,,
2021-01-03,珠海,4000.0,,,
2021-01-03,珠海,5000.0,,,
2021-01-02,珠海,0.0,-0.003,0.047,0.047096
2021-01-02,珠海,2.0,0.0,0.069,0.069
2021-01-02,珠海,4.0,0.001,0.08700000000000001,0.087006
2021-01-02,珠海,6.0,0.0,0.094,0.094
2021-01-02,珠海,8.0,,,
2021-01-02,珠海,10.0,,,
2021-01-02,珠海,12.0,,,
2021-01-02,珠海,15.0,,,
2021-01-02,珠海,20.0,,,
2021-01-02,珠海,25.0,,,
2021-01-02,珠海,30.0,,,
2021-01-02,珠海,35.0,,,
2021-01-02,珠海,40.0,,,
2021-01-02,珠海,45.0,,,
2021-01-02,珠海,50.0,,,
2021-01-02,珠海,60.0,,,
2021-01-02,珠海,70.0,,,
2021-01-02,珠海,80.0,,,
2021-01-02,珠海,90.0,,,
2021-01-02,珠海,100.0,,,
2021-01-02,珠海,125.0,,,
2021-01-02,珠海,150.0,,,
2021-01-02,珠海,200.0,,,
2021-01-02,珠海,250.0,,,
2021-01-02,珠海,300.0,,,
2021-01-02,珠海,350.0,,,
2021-01-02,珠海,400.0,,,
2021-01-02,珠海,500.0,,,
2021-01-02,珠海,600.0,,,
2021-01-02,珠海,700.0,,,
2021-01-02,珠海,800.0,,,
2021-01-02,珠海,900.0,,,
2021-01-02,珠海,1000.0,,,
2021-01-02,珠海,1250.0,,,
2021-01-02,珠海,1500.0,,,
2021-01-02,珠海,2000.0,,,
2021-01-02,珠海,2500.0,,,
2021-01-02,珠海,3000.0,,,
2021-01-02,珠海,4000.0,,,
2021-01-02,珠海,5000.0,,,
2021-01-05,珠海,0.0,-0.007,-0.092,0.092266
2021-01-05,珠海,2.0,-0.005,-0.065,0.065192
2021-01-05,珠海,4.0,-0.003,-0.044,0.044102
2021-01-05,珠海,6.0,0.0,-0.032,0.032
2021-01-05,珠海,8.0,,,
2021-01-05,珠海,10.0,,,
2021-01-05,珠海,12.0,,,
2021-01-05,珠海,15.0,,,
2021-01-05,珠海,20.0,,,
2021-01-05,珠海,25.0,,,
2021-01-05,珠海,30.0,,,
2021-01-05,珠海,35.0,,,
2021-01-05,珠海,40.0,,,
2021-01-05,珠海,45.0,,,
2021-01-05,珠海,50.0,,,
2021-01-05,珠海,60.0,,,
2021-01-05,珠海,70.0,,,
2021-01-05,珠海,80.0,,,
2021-01-05,珠海,90.0,,,
2021-01-05,珠海,100.0,,,
2021-01-05,珠海,125.0,,,
2021-01-05,珠海,150.0,,,
2021-01-05,珠海,200.0,,,
2021-01-05,珠海,250.0,,,
2021-01-05,珠海,300.0,,,
2021-01-05,珠海,350.0,,,
2021-01-05,珠海,400.0,,,
2021-01-05,珠海,500.0,,,
2021-01-05,珠海,600.0,,,
2021-01-05,珠海,700.0,,,
2021-01-05,珠海,800.0,,,
2021-01-05,珠海,900.0,,,
2021-01-05,珠海,1000.0,,,
2021-01-05,珠海,1250.0,,,
2021-01-05,珠海,1500.0,,,
2021-01-05,珠海,2000.0,,,
2021-01-05,珠海,2500.0,,,
2021-01-05,珠海,3000.0,,,
2021-01-05,珠海,4000.0,,,
2021-01-05,珠海,5000.0,,,
2021-01-01,珠海,0.0,-0.013000000000000001,-0.019,0.023022
2021-01-01,珠海,2.0,-0.009000000000000001,0.024,0.025632
2021-01-01,珠海,4.0,-0.007,0.052000000000000005,0.052469
2021-01-01,珠海,6.0,0.0,0.068,0.068
2021-01-01,珠海,8.0,,,
2021-01-01,珠海,10.0,,,
2021-01-01,珠海,12.0,,,
2021-01-01,珠海,15.0,,,
2021-01-01,珠海,20.0,,,
2021-01-01,珠海,25.0,,,
2021-01-01,珠海,30.0,,,
2021-01-01,珠海,35.0,,,
2021-01-01,珠海,40.0,,,
2021-01-01,珠海,45.0,,,
2021-01-01,珠海,50.0,,,
2021-01-01,珠海,60.0,,,
2021-01-01,珠海,70.0,,,
2021-01-01,珠海,80.0,,,
2021-01-01,珠海,90.0,,,
2021-01-01,珠海,100.0,,,
2021-01-01,珠海,125.0,,,
2021-01-01,珠海,150.0,,,
2021-01-01,珠海,200.0,,,
2021-01-01,珠海,250.0,,,
2021-01-01,珠海,300.0,,,
2021-01-01,珠海,350.0,,,
2021-01-01,珠海,400.0,,,
2021-01-01,珠海,500.0,,,
2021-01-01,珠海,600.0,,,
2021-01-01,珠海,700.0,,,
2021-01-01,珠海,800.0,,,
2021-01-01,珠海,900.0,,,
2021-01-01,珠海,1000.0,,,
2021-01-01,珠海,1250.0,,,
2021-01-01,珠海,1500.0,,,
2021-01-01,珠海,2000.0,,,
2021-01-01,珠海,2500.0,,,
2021-01-01,珠海,3000.0,,,
2021-01-01,珠海,4000.0,,,
2021-01-01,珠海,5000.0,,,
2021-01-07,珠海,0.0,-0.017,-0.095,0.096509
2021-01-07,珠海,2.0,-0.01,-0.041,0.042202
2021-01-07,珠海,4.0,-0.006,-0.009000000000000001,0.010817
2021-01-07,珠海,6.0,0.0,0.011,0.011
2021-01-07,珠海,8.0,,,
2021-01-07,珠海,10.0,,,
2021-01-07,珠海,12.0,,,
2021-01-07,珠海,15.0,,,
2021-01-07,珠海,20.0,,,
2021-01-07,珠海,25.0,,,
2021-01-07,珠海,30.0,,,
2021-01-07,珠海,35.0,,,
2021-01-07,珠海,40.0,,,
2021-01-07,珠海,45.0,,,
2021-01-07,珠海,50.0,,,
2021-01-07,珠海,60.0,,,
2021-01-07,珠海,70.0,,,
2021-01-07,珠海,80.0,,,
2021-01-07,珠海,90.0,,,
2021-01-07,珠海,100.0,,,
2021-01-07,珠海,125.0,,,
2021-01-07,珠海,150.0,,,
2021-01-07,珠海,200.0,,,
2021-01-07,珠海,250.0,,,
2021-01-07,珠海,300.0,,,
2021-01-07,珠海,350.0,,,
2021-01-07,珠海,400.0,,,
2021-01-07,珠海,500.0,,,
2021-01-07,珠海,600.0,,,
2021-01-07,珠海,700.0,,,
2021-01-07,珠海,800.0,,,
2021-01-07,珠海,900.0,,,
2021-01-07,珠海,1000.0,,,
2021-01-07,珠海,1250.0,,,
2021-01-07,珠海,1500.0,,,
2021-01-07,珠海,2000.0,,,
2021-01-07,珠海,2500.0,,,
2021-01-07,珠海,3000.0,,,
2021-01-07,珠海,4000.0,,,
2021-01-07,珠海,5000.0,,,
2021-01-04,珠海,0.0,-0.006,0.039,0.039459
2021-01-04,珠海,2.0,-0.004,0.059000000000000004,0.059135
2021-01-04,珠海,4.0,-0.003,0.076,0.076059
2021-01-04,珠海,6.0,0.0,0.082,0.082
2021-01-04,珠海,8.0,,,
2021-01-04,珠海,10.0,,,
2021-01-04,珠海,12.0,,,
2021-01-04,珠海,15.0,,,
2021-01-04,珠海,20.0,,,
2021-01-04,珠海,25.0,,,
2021-01-04,珠海,30.0,,,
2021-01-04,珠海,35.0,,,
2021-01-04,珠海,40.0,,,
2021-01-04,珠海,45.0,,,
2021-01-04,珠海,50.0,,,
2021-01-04,珠海,60.0,,,
2021-01-04,珠海,70.0,,,
2021-01-04,珠海,80.0,,,
2021-01-04,珠海,90.0,,,
2021-01-04,珠海,100.0,,,
2021-01-04,珠海,125.0,,,
2021-01-04,珠海,150.0,,,
2021-01-04,珠海,200.0,,,
2021-01-04,珠海,250.0,,,
2021-01-04,珠海,300.0,,,
2021-01-04,珠海,350.0,,,
2021-01-04,珠海,400.0,,,
2021-01-04,珠海,500.0,,,
2021-01-04,珠海,600.0,,,
2021-01-04,珠海,700.0,,,
2021-01-04,珠海,800.0,,,
2021-01-04,珠海,900.0,,,
2021-01-04,珠海,1000.0,,,
2021-01-04,珠海,1250.0,,,
2021-01-04,珠海,1500.0,,,
2021-01-04,珠海,2000.0,,,
2021-01-04,珠海,2500.0,,,
2021-01-04,珠海,3000.0,,,
2021-01-04,珠海,4000.0,,,
2021-01-04,珠海,5000.0,,,
2021-01-08,珠海,0.0,-0.021,0.058,0.061685
2021-01-08,珠海,2.0,-0.013000000000000001,0.129,0.129653
2021-01-08,珠海,4.0,-0.01,0.17200000000000001,0.17229
2021-01-08,珠海,6.0,0.0,0.191,0.191
2021-01-08,珠海,8.0,,,
2021-01-08,珠海,10.0,,,
2021-01-08,珠海,12.0,,,
2021-01-08,珠海,15.0,,,
2021-01-08,珠海,20.0,,,
2021-01-08,珠海,25.0,,,
2021-01-08,珠海,30.0,,,
2021-01-08,珠海,35.0,,,
2021-01-08,珠海,40.0,,,
2021-01-08,珠海,45.0,,,
2021-01-08,珠海,50.0,,,
2021-01-08,珠海,60.0,,,
2021-01-08,珠海,70.0,,,
2021-01-08,珠海,80.0,,,
2021-01-08,珠海,90.0,,,
2021-01-08,珠海,100.0,,,
2021-01-08,珠海,125.0,,,
2021-01-08,珠海,150.0,,,
2021-01-08,珠海,200.0,,,
2021-01-08,珠海,250.0,,,
2021-01-08,珠海,300.0,,,
2021-01-08,珠海,350.0,,,
2021-01-08,珠海,400.0,,,
2021-01-08,珠海,500.0,,,
2021-01-08,珠海,600.0,,,
2021-01-08,珠海,700.0,,,
2021-01-08,珠海,800.0,,,
2021-01-08,珠海,900.0,,,
2021-01-08,珠海,1000.0,,,
2021-01-08,珠海,1250.0,,,
2021-01-08,珠海,1500.0,,,
2021-01-08,珠海,2000.0,,,
2021-01-08,珠海,2500.0,,,
2021-01-08,珠海,3000.0,,,
2021-01-08,珠海,4000.0,,,
2021-01-08,珠海,5000.0,,,
2021-01-09,珠海,0.0,-0.02,0.069,0.07184
2021-01-09,珠海,2.0,-0.014,0.123,0.123794
2021-01-09,珠海,4.0,-0.011,0.157,0.157385
2021-01-09,珠海,6.0,0.0,0.171,0.171
2021-01-09,珠海,8.0,,,
2021-01-09,珠海,10.0,,,
2021-01-09,珠海,12.0,,,
2021-01-09,珠海,15.0,,,
2021-01-09,珠海,20.0,,,
2021-01-09,珠海,25.0,,,
2021-01-09,珠海,30.0,,,
2021-01-09,珠海,35.0,,,
2021-01-09,珠海,40.0,,,
2021-01-09,珠海,45.0,,,
2021-01-09,珠海,50.0,,,
2021-01-09,珠海,60.0,,,
2021-01-09,珠海,70.0,,,
2021-01-09,珠海,80.0,,,
2021-01-09,珠海,90.0,,,
2021-01-09,珠海,100.0,,,
2021-01-09,珠海,125.0,,,
2021-01-09,珠海,150.0,,,
2021-01-09,珠海,200.0,,,
2021-01-09,珠海,250.0,,,
2021-01-09,珠海,300.0,,,
2021-01-09,珠海,350.0,,,
2021-01-09,珠海,400.0,,,
2021-01-09,珠海,500.0,,,
2021-01-09,珠海,600.0,,,
2021-01-09,珠海,700.0,,,
2021-01-09,珠海,800.0,,,
2021-01-09,珠海,900.0,,,
2021-01-09,珠海,1000.0,,,
2021-01-09,珠海,1250.0,,,
2021-01-09,珠海,1500.0,,,
2021-01-09,珠海,2000.0,,,
2021-01-09,珠海,2500.0,,,
2021-01-09,珠海,3000.0,,,
2021-01-09,珠海,4000.0,,,
2021-01-09,珠海,5000.0,,,
2021-01-10,珠海,0.0,-0.009000000000000001,-0.033,0.034205
2021-01-10,珠海,2.0,-0.005,0.002,0.005385
2021-01-10,珠海,4.0,-0.003,0.028,0.02816
2021-01-10,珠海,6.0,0.0,0.041,0.041
2021-01-10,珠海,8.0,,,
2021-01-10,珠海,10.0,,,
2021-01-10,珠海,12.0,,,
2021-01-10,珠海,15.0,,,
2021-01-10,珠海,20.0,,,
2021-01-10,珠海,25.0,,,
2021-01-10,珠海,30.0,,,
2021-01-10,珠海,35.0,,,
2021-01-10,珠海,40.0,,,
2021-01-10,珠海,45.0,,,
2021-01-10,珠海,50.0,,,
2021-01-10,珠海,60.0,,,
2021-01-10,珠海,70.0,,,
2021-01-10,珠海,80.0,,,
2021-01-10,珠海,90.0,,,
2021-01-10,珠海,100.0,,,
2021-01-10,珠海,125.0,,,
2021-01-10,珠海,150.0,,,
2021-01-10,珠海,200.0,,,
2021-01-10,珠海,250.0,,,
2021-01-10,珠海,300.0,,,
2021-01-10,珠海,350.0,,,
2021-01-10,珠海,400.0,,,
2021-01-10,珠海,500.0,,,
2021-01-10,珠海,600.0,,,
2021-01-10,珠海,700.0,,,
2021-01-10,珠海,800.0,,,
2021-01-10,珠海,900.0,,,
2021-01-10,珠海,1000.0,,,
2021-01-10,珠海,1250.0,,,
2021-01-10,珠海,1500.0,,,
2021-01-10,珠海,2000.0,,,
2021-01-10,珠海,2500.0,,,
2021-01-10,珠海,3000.0,,,
2021-01-10,珠海,4000.0,,,
2021-01-10,珠海,5000.0,,,
2021-01-13,珠海,0.0,-0.004,0.017,0.017464
2021-01-13,珠海,2.0,-0.003,0.03,0.03015
2021-01-13,珠海,4.0,-0.001,0.044,0.044011
2021-01-13,珠海,6.0,0.0,0.051000000000000004,0.051
2021-01-13,珠海,8.0,,,
2021-01-13,珠海,10.0,,,
2021-01-13,珠海,12.0,,,
2021-01-13,珠海,15.0,,,
2021-01-13,珠海,20.0,,,
2021-01-13,珠海,25.0,,,
2021-01-13,珠海,30.0,,,
2021-01-13,珠海,35.0,,,
2021-01-13,珠海,40.0,,,
2021-01-13,珠海,45.0,,,
2021-01-13,珠海,50.0,,,
2021-01-13,珠海,60.0,,,
2021-01-13,珠海,70.0,,,
2021-01-13,珠海,80.0,,,
2021-01-13,珠海,90.0,,,
2021-01-13,珠海,100.0,,,
2021-01-13,珠海,125.0,,,
2021-01-13,珠海,150.0,,,
2021-01-13,珠海,200.0,,,
2021-01-13,珠海,250.0,,,
2021-01-13,珠海,300.0,,,
2021-01-13,珠海,350.0,,,
2021-01-13,珠海,400.0,,,
2021-01-13,珠海,500.0,,,
2021-01-13,珠海,600.0,,,
2021-01-13,珠海,700.0,,,
2021-01-13,珠海,800.0,,,
2021-01-13,珠海,900.0,,,
2021-01-13,珠海,1000.0,,,
2021-01-13,珠海,1250.0,,,
2021-01-13,珠海,1500.0,,,
2021-01-13,珠海,2000.0,,,
2021-01-13,珠海,2500.0,,,
2021-01-13,珠海,3000.0,,,
2021-01-13,珠海,4000.0,,,
2021-01-13,珠海,5000.0,,,
2021-01-12,珠海,0.0,-0.017,-0.017,0.024042
2021-01-12,珠海,2.0,-0.011,0.052000000000000005,0.053151
2021-01-12,珠海,4.0,-0.008,0.092,0.092347
2021-01-12,珠海,6.0,0.0,0.11,0.11
2021-01-12,珠海,8.0,,,
2021-01-12,珠海,10.0,,,
2021-01-12,珠海,12.0,,,
2021-01-12,珠海,15.0,,,
2021-01-12,珠海,20.0,,,
2021-01-12,珠海,25.0,,,
2021-01-12,珠海,30.0,,,
2021-01-12,珠海,35.0,,,
2021-01-12,珠海,40.0,,,
2021-01-12,珠海,45.0,,,
2021-01-12,珠海,50.0,,,
2021-01-12,珠海,60.0,,,
2021-01-12,珠海,70.0,,,
2021-01-12,珠海,80.0,,,
2021-01-12,珠海,90.0,,,
2021-01-12,珠海,100.0,,,
2021-01-12,珠海,125.0,,,
2021-01-12,珠海,150.0,,,
2021-01-12,珠海,200.0,,,
2021-01-12,珠海,250.0,,,
2021-01-12,珠海,300.0,,,
2021-01-12,珠海,350.0,,,
2021-01-12,珠海,400.0,,,
2021-01-12,珠海,500.0,,,
2021-01-12,珠海,600.0,,,
2021-01-12,珠海,700.0,,,
2021-01-12,珠海,800.0,,,
2021-01-12,珠海,900.0,,,
2021-01-12,珠海,1000.0,,,
2021-01-12,珠海,1250.0,,,
2021-01-12,珠海,1500.0,,,
2021-01-12,珠海,2000.0,,,
2021-01-12,珠海,2500.0,,,
2021-01-12,珠海,3000.0,,,
2021-01-12,珠海,4000.0,,,
2021-01-12,珠海,5000.0,,,
2021-01-11,珠海,0.0,-0.011,-0.157,0.157385
2021-01-11,珠海,2.0,-0.007,-0.093,0.093263
2021-01-11,珠海,4.0,-0.005,-0.055,0.055227
2021-01-11,珠海,6.0,0.0,-0.035,0.035
2021-01-11,珠海,8.0,,,
2021-01-11,珠海,10.0,,,
2021-01-11,珠海,12.0,,,
2021-01-11,珠海,15.0,,,
2021-01-11,珠海,20.0,,,
2021-01-11,珠海,25.0,,,
2021-01-11,珠海,30.0,,,
2021-01-11,珠海,35.0,,,
2021-01-11,珠海,40.0,,,
2021-01-11,珠海,45.0,,,
2021-01-11,珠海,50.0,,,
2021-01-11,珠海,60.0,,,
2021-01-11,珠海,70.0,,,
2021-01-11,珠海,80.0,,,
2021-01-11,珠海,90.0,,,
2021-01-11,珠海,100.0,,,
2021-01-11,珠海,125.0,,,
2021-01-11,珠海,150.0,,,
2021-01-11,珠海,200.0,,,
2021-01-11,珠海,250.0,,,
2021-01-11,珠海,300.0,,,
2021-01-11,珠海,350.0,,,
2021-01-11,珠海,400.0,,,
2021-01-11,珠海,500.0,,,
2021-01-11,珠海,600.0,,,
2021-01-11,珠海,700.0,,,
2021-01-11,珠海,800.0,,,
2021-01-11,珠海,900.0,,,
2021-01-11,珠海,1000.0,,,
2021-01-11,珠海,1250.0,,,
2021-01-11,珠海,1500.0,,,
2021-01-11,珠海,2000.0,,,
2021-01-11,珠海,2500.0,,,
2021-01-11,珠海,3000.0,,,
2021-01-11,珠海,4000.0,,,
2021-01-11,珠海,5000.0,,,
2021-01-14,珠海,0.0,-0.001,0.057,0.057009
2021-01-14,珠海,2.0,0.001,0.066,0.066008
2021-01-14,珠海,4.0,0.003,0.074,0.074061
2021-01-14,珠海,6.0,0.0,0.074,0.074
2021-01-14,珠海,8.0,,,
2021-01-14,珠海,10.0,,,
2021-01-14,珠海,12.0,,,
2021-01-14,珠海,15.0,,,
2021-01-14,珠海,20.0,,,
2021-01-14,珠海,25.0,,,
2021-01-14,珠海,30.0,,,
2021-01-14,珠海,35.0,,,
2021-01-14,珠海,40.0,,,
2021-01-14,珠海,45.0,,,
2021-01-14,珠海,50.0,,,
2021-01-14,珠海,60.0,,,
2021-01-14,珠海,70.0,,,
2021-01-14,珠海,80.0,,,
2021-01-14,珠海,90.0,,,
2021-01-14,珠海,100.0,,,
2021-01-14,珠海,125.0,,,
2021-01-14,珠海,150.0,,,
2021-01-14,珠海,200.0,,,
2021-01-14,珠海,250.0,,,
2021-01-14,珠海,300.0,,,
2021-01-14,珠海,350.0,,,
2021-01-14,珠海,400.0,,,
2021-01-14,珠海,500.0,,,
2021-01-14,珠海,600.0,,,
2021-01-14,珠海,700.0,,,
2021-01-14,珠海,800.0,,,
2021-01-14,珠海,900.0,,,
2021-01-14,珠海,1000.0,,,
2021-01-14,珠海,1250.0,,,
2021-01-14,珠海,1500.0,,,
2021-01-14,珠海,2000.0,,,
2021-01-14,珠海,2500.0,,,
2021-01-14,珠海,3000.0,,,
2021-01-14,珠海,4000.0,,,
2021-01-14,珠海,5000.0,,,
2021-01-15,珠海,0.0,-0.002,-0.039,0.039051
2021-01-15,珠海,2.0,0.003,-0.029,0.029155
2021-01-15,珠海,4.0,0.004,-0.019,0.019416
2021-01-15,珠海,6.0,0.0,-0.011,0.011
2021-01-15,珠海,8.0,,,
2021-01-15,珠海,10.0,,,
2021-01-15,珠海,12.0,,,
2021-01-15,珠海,15.0,,,
2021-01-15,珠海,20.0,,,
2021-01-15,珠海,25.0,,,
2021-01-15,珠海,30.0,,,
2021-01-15,珠海,35.0,,,
2021-01-15,珠海,40.0,,,
2021-01-15,珠海,45.0,,,
2021-01-15,珠海,50.0,,,
2021-01-15,珠海,60.0,,,
2021-01-15,珠海,70.0,,,
2021-01-15,珠海,80.0,,,
2021-01-15,珠海,90.0,,,
2021-01-15,珠海,100.0,,,
2021-01-15,珠海,125.0,,,
2021-01-15,珠海,150.0,,,
2021-01-15,珠海,200.0,,,
2021-01-15,珠海,250.0,,,
2021-01-15,珠海,300.0,,,
2021-01-15,珠海,350.0,,,
2021-01-15,珠海,400.0,,,
2021-01-15,珠海,500.0,,,
2021-01-15,珠海,600.0,,,
2021-01-15,珠海,700.0,,,
2021-01-15,珠海,800.0,,,
2021-01-15,珠海,900.0,,,
2021-01-15,珠海,1000.0,,,
2021-01-15,珠海,1250.0,,,
2021-01-15,珠海,1500.0,,,
2021-01-15,珠海,2000.0,,,
2021-01-15,珠海,2500.0,,,
2021-01-15,珠海,3000.0,,,
2021-01-15,珠海,4000.0,,,
2021-01-15,珠海,5000.0,,,
2021-01-16,珠海,0.0,-0.005,0.021,0.021587
2021-01-16,珠海,2.0,-0.001,0.033,0.033015
2021-01-16,珠海,4.0,0.001,0.045,0.045011
2021-01-16,珠海,6.0,0.0,0.056,0.056
2021-01-16,珠海,8.0,,,
2021-01-16,珠海,10.0,,,
2021-01-16,珠海,12.0,,,
2021-01-16,珠海,15.0,,,
2021-01-16,珠海,20.0,,,
2021-01-16,珠海,25.0,,,
2021-01-16,珠海,30.0,,,
2021-01-16,珠海,35.0,,,
2021-01-16,珠海,40.0,,,
2021-01-16,珠海,45.0,,,
2021-01-16,珠海,50.0,,,
2021-01-16,珠海,60.0,,,
2021-01-16,珠海,70.0,,,
2021-01-16,珠海,80.0,,,
2021-01-16,珠海,90.0,,,
2021-01-16,珠海,100.0,,,
2021-01-16,珠海,125.0,,,
2021-01-16,珠海,150.0,,,
2021-01-16,珠海,200.0,,,
2021-01-16,珠海,250.0,,,
2021-01-16,珠海,300.0,,,
2021-01-16,珠海,350.0,,,
2021-01-16,珠海,400.0,,,
2021-01-16,珠海,500.0,,,
2021-01-16,珠海,600.0,,,
2021-01-16,珠海,700.0,,,
2021-01-16,珠海,800.0,,,
2021-01-16,珠海,900.0,,,
2021-01-16,珠海,1000.0,,,
2021-01-16,珠海,1250.0,,,
2021-01-16,珠海,1500.0,,,
2021-01-16,珠海,2000.0,,,
2021-01-16,珠海,2500.0,,,
2021-01-16,珠海,3000.0,,,
2021-01-16,珠海,4000.0,,,
2021-01-16,珠海,5000.0,,,
2021-01-17,珠海,0.0,-0.016,-0.148,0.148862
2021-01-17,珠海,2.0,-0.009000000000000001,-0.093,0.093434
2021-01-17,珠海,4.0,-0.004,-0.061,0.061131
2021-01-17,珠海,6.0,0.0,-0.043000000000000003,0.043
2021-01-17,珠海,8.0,,,
2021-01-17,珠海,10.0,,,
2021-01-17,珠海,12.0,,,
2021-01-17,珠海,15.0,,,
2021-01-17,珠海,20.0,,,
2021-01-17,珠海,25.0,,,
2021-01-17,珠海,30.0,,,
2021-01-17,珠海,35.0,,,
2021-01-17,珠海,40.0,,,
2021-01-17,珠海,45.0,,,
2021-01-17,珠海,50.0,,,
2021-01-17,珠海,60.0,,,
2021-01-17,珠海,70.0,,,
2021-01-17,珠海,80.0,,,
2021-01-17,珠海,90.0,,,
2021-01-17,珠海,100.0,,,
2021-01-17,珠海,125.0,,,
2021-01-17,珠海,150.0,,,
2021-01-17,珠海,200.0,,,
2021-01-17,珠海,250.0,,,
2021-01-17,珠海,300.0,,,
2021-01-17,珠海,350.0,,,
2021-01-17,珠海,400.0,,,
2021-01-17,珠海,500.0,,,
2021-01-17,珠海,600.0,,,
2021-01-17,珠海,700.0,,,
2021-01-17,珠海,800.0,,,
2021-01-17,珠海,900.0,,,
2021-01-17,珠海,1000.0,,,
2021-01-17,珠海,1250.0,,,
2021-01-17,珠海,1500.0,,,
2021-01-17,珠海,2000.0,,,
2021-01-17,珠海,2500.0,,,
2021-01-17,珠海,3000.0,,,
2021-01-17,珠海,4000.0,,,
2021-01-17,珠海,5000.0,,,
2021-01-18,珠海,0.0,-0.009000000000000001,-0.018000000000000002,0.020125
2021-01-18,珠海,2.0,-0.006,0.023,0.02377
2021-01-18,珠海,4.0,-0.004,0.051000000000000004,0.051157
2021-01-18,珠海,6.0,0.0,0.065,0.065
2021-01-18,珠海,8.0,,,
2021-01-18,珠海,10.0,,,
2021-01-18,珠海,12.0,,,
2021-01-18,珠海,15.0,,,
2021-01-18,珠海,20.0,,,
2021-01-18,珠海,25.0,,,
2021-01-18,珠海,30.0,,,
2021-01-18,珠海,35.0,,,
2021-01-18,珠海,40.0,,,
2021-01-18,珠海,45.0,,,
2021-01-18,珠海,50.0,,,
2021-01-18,珠海,60.0,,,
2021-01-18,珠海,70.0,,,
2021-01-18,珠海,80.0,,,
2021-01-18,珠海,90.0,,,
2021-01-18,珠海,100.0,,,
2021-01-18,珠海,125.0,,,
2021-01-18,珠海,150.0,,,
2021-01-18,珠海,200.0,,,
2021-01-18,珠海,250.0,,,
2021-01-18,珠海,300.0,,,
2021-01-18,珠海,350.0,,,
2021-01-18,珠海,400.0,,,
2021-01-18,珠海,500.0,,,
2021-01-18,珠海,600.0,,,
2021-01-18,珠海,700.0,,,
2021-01-18,珠海,800.0,,,
2021-01-18,珠海,900.0,,,
2021-01-18,珠海,1000.0,,,
2021-01-18,珠海,1250.0,,,
2021-01-18,珠海,1500.0,,,
2021-01-18,珠海,2000.0,,,
2021-01-18,珠海,2500.0,,,
2021-01-18,珠海,3000.0,,,
2021-01-18,珠海,4000.0,,,
2021-01-18,珠海,5000.0,,,
2021-01-19,珠海,0.0,-0.006,0.006,0.008485
2021-01-19,珠海,2.0,-0.003,0.017,0.017263
2021-01-19,珠海,4.0,-0.001,0.029,0.029017
2021-01-19,珠海,6.0,0.0,0.037,0.037
2021-01-19,珠海,8.0,,,
2021-01-19,珠海,10.0,,,
2021-01-19,珠海,12.0,,,
2021-01-19,珠海,15.0,,,
2021-01-19,珠海,20.0,,,
2021-01-19,珠海,25.0,,,
2021-01-19,珠海,30.0,,,
2021-01-19,珠海,35.0,,,
2021-01-19,珠海,40.0,,,
2021-01-19,珠海,45.0,,,
2021-01-19,珠海,50.0,,,
2021-01-19,珠海,60.0,,,
2021-01-19,珠海,70.0,,,
2021-01-19,珠海,80.0,,,
2021-01-19,珠海,90.0,,,
2021-01-19,珠海,100.0,,,
2021-01-19,珠海,125.0,,,
2021-01-19,珠海,150.0,,,
2021-01-19,珠海,200.0,,,
2021-01-19,珠海,250.0,,,
2021-01-19,珠海,300.0,,,
2021-01-19,珠海,350.0,,,
2021-01-19,珠海,400.0,,,
2021-01-19,珠海,500.0,,,
2021-01-19,珠海,600.0,,,
2021-01-19,珠海,700.0,,,
2021-01-19,珠海,800.0,,,
2021-01-19,珠海,900.0,,,
2021-01-19,珠海,1000.0,,,
2021-01-19,珠海,1250.0,,,
2021-01-19,珠海,1500.0,,,
2021-01-19,珠海,2000.0,,,
2021-01-19,珠海,2500.0,,,
2021-01-19,珠海,3000.0,,,
2021-01-19,珠海,4000.0,,,
2021-01-19,珠海,5000.0,,,
2021-01-20,珠海,0.0,-0.016,-0.083,0.084528
2021-01-20,珠海,2.0,-0.008,-0.07100000000000001,0.071449
2021-01-20,珠海,4.0,-0.002,-0.061,0.061033
2021-01-20,珠海,6.0,0.0,-0.052000000000000005,0.052
2021-01-20,珠海,8.0,,,
2021-01-20,珠海,10.0,,,
2021-01-20,珠海,12.0,,,
2021-01-20,珠海,15.0,,,
2021-01-20,珠海,20.0,,,
2021-01-20,珠海,25.0,,,
2021-01-20,珠海,30.0,,,
2021-01-20,珠海,35.0,,,
2021-01-20,珠海,40.0,,,
2021-01-20,珠海,45.0,,,
2021-01-20,珠海,50.0,,,
2021-01-20,珠海,60.0,,,
2021-01-20,珠海,70.0,,,
2021-01-20,珠海,80.0,,,
2021-01-20,珠海,90.0,,,
2021-01-20,珠海,100.0,,,
2021-01-20,珠海,125.0,,,
2021-01-20,珠海,150.0,,,
2021-01-20,珠海,200.0,,,
2021-01-20,珠海,250.0,,,
2021-01-20,珠海,300.0,,,
2021-01-20,珠海,350.0,,,
2021-01-20,珠海,400.0,,,
2021-01-20,珠海,500.0,,,
2021-01-20,珠海,600.0,,,
2021-01-20,珠海,700.0,,,
2021-01-20,珠海,800.0,,,
2021-01-20,珠海,900.0,,,
2021-01-20,珠海,1000.0,,,
2021-01-20,珠海,1250.0,,,
2021-01-20,珠海,1500.0,,,
2021-01-20,珠海,2000.0,,,
2021-01-20,珠海,2500.0,,,
2021-01-20,珠海,3000.0,,,
2021-01-20,珠海,4000.0,,,
2021-01-20,珠海,5000.0,,,
2021-01-21,珠海,0.0,-0.01,-0.096,0.096519
2021-01-21,珠海,2.0,-0.005,-0.078,0.07816
2021-01-21,珠海,4.0,-0.001,-0.064,0.064008
2021-01-21,珠海,6.0,0.0,-0.05,0.05
2021-01-21,珠海,8.0,,,
2021-01-21,珠海,10.0,,,
2021-01-21,珠海,12.0,,,
2021-01-21,珠海,15.0,,,
2021-01-21,珠海,20.0,,,
2021-01-21,珠海,25.0,,,
2021-01-21,珠海,30.0,,,
2021-01-21,珠海,35.0,,,
2021-01-21,珠海,40.0,,,
2021-01-21,珠海,45.0,,,
2021-01-21,珠海,50.0,,,
2021-01-21,珠海,60.0,,,
2021-01-21,珠海,70.0,,,
2021-01-21,珠海,80.0,,,
2021-01-21,珠海,90.0,,,
2021-01-21,珠海,100.0,,,
2021-01-21,珠海,125.0,,,
2021-01-21,珠海,150.0,,,
2021-01-21,珠海,200.0,,,
2021-01-21,珠海,250.0,,,
2021-01-21,珠海,300.0,,,
2021-01-21,珠海,350.0,,,
2021-01-21,珠海,400.0,,,
2021-01-21,珠海,500.0,,,
2021-01-21,珠海,600.0,,,
2021-01-21,珠海,700.0,,,
2021-01-21,珠海,800.0,,,
2021-01-21,珠海,900.0,,,
2021-01-21,珠海,1000.0,,,
2021-01-21,珠海,1250.0,,,
2021-01-21,珠海,1500.0,,,
2021-01-21,珠海,2000.0,,,
2021-01-21,珠海,2500.0,,,
2021-01-21,珠海,3000.0,,,
2021-01-21,珠海,4000.0,,,
2021-01-21,珠海,5000.0,,,
2021-01-22,珠海,0.0,-0.006,-0.07,0.070257
2021-01-22,珠海,2.0,0.0,-0.051000000000000004,0.051
2021-01-22,珠海,4.0,0.002,-0.029,0.029069
2021-01-22,珠海,6.0,0.0,0.0,0.0
2021-01-22,珠海,8.0,,,
2021-01-22,珠海,10.0,,,
2021-01-22,珠海,12.0,,,
2021-01-22,珠海,15.0,,,
2021-01-22,珠海,20.0,,,
2021-01-22,珠海,25.0,,,
2021-01-22,珠海,30.0,,,
2021-01-22,珠海,35.0,,,
2021-01-22,珠海,40.0,,,
2021-01-22,珠海,45.0,,,
2021-01-22,珠海,50.0,,,
2021-01-22,珠海,60.0,,,
2021-01-22,珠海,70.0,,,
2021-01-22,珠海,80.0,,,
2021-01-22,珠海,90.0,,,
2021-01-22,珠海,100.0,,,
2021-01-22,珠海,125.0,,,
2021-01-22,珠海,150.0,,,
2021-01-22,珠海,200.0,,,
2021-01-22,珠海,250.0,,,
2021-01-22,珠海,300.0,,,
2021-01-22,珠海,350.0,,,
2021-01-22,珠海,400.0,,,
2021-01-22,珠海,500.0,,,
2021-01-22,珠海,600.0,,,
2021-01-22,珠海,700.0,,,
2021-01-22,珠海,800.0,,,
2021-01-22,珠海,900.0,,,
2021-01-22,珠海,1000.0,,,
2021-01-22,珠海,1250.0,,,
2021-01-22,珠海,1500.0,,,
2021-01-22,珠海,2000.0,,,
2021-01-22,珠海,2500.0,,,
2021-01-22,珠海,3000.0,,,
2021-01-22,珠海,4000.0,,,
2021-01-22,珠海,5000.0,,,
2021-01-25,珠海,0.0,-0.016,0.057,0.059203
2021-01-25,珠海,2.0,-0.005,0.065,0.065192
2021-01-25,珠海,4.0,0.0,0.069,0.069
2021-01-25,珠海,6.0,0.0,0.07100000000000001,0.071
2021-01-25,珠海,8.0,,,
2021-01-25,珠海,10.0,,,
2021-01-25,珠海,12.0,,,
2021-01-25,珠海,15.0,,,
2021-01-25,珠海,20.0,,,
2021-01-25,珠海,25.0,,,
2021-01-25,珠海,30.0,,,
2021-01-25,珠海,35.0,,,
2021-01-25,珠海,40.0,,,
2021-01-25,珠海,45.0,,,
2021-01-25,珠海,50.0,,,
2021-01-25,珠海,60.0,,,
2021-01-25,珠海,70.0,,,
2021-01-25,珠海,80.0,,,
2021-01-25,珠海,90.0,,,
2021-01-25,珠海,100.0,,,
2021-01-25,珠海,125.0,,,
2021-01-25,珠海,150.0,,,
2021-01-25,珠海,200.0,,,
2021-01-25,珠海,250.0,,,
2021-01-25,珠海,300.0,,,
2021-01-25,珠海,350.0,,,
2021-01-25,珠海,400.0,,,
2021-01-25,珠海,500.0,,,
2021-01-25,珠海,600.0,,,
2021-01-25,珠海,700.0,,,
2021-01-25,珠海,800.0,,,
2021-01-25,珠海,900.0,,,
2021-01-25,珠海,1000.0,,,
2021-01-25,珠海,1250.0,,,
2021-01-25,珠海,1500.0,,,
2021-01-25,珠海,2000.0,,,
2021-01-25,珠海,2500.0,,,
2021-01-25,珠海,3000.0,,,
2021-01-25,珠海,4000.0,,,
2021-01-25,珠海,5000.0,,,
2021-01-26,珠海,0.0,-0.007,-0.033,0.033734
2021-01-26,珠海,2.0,-0.002,-0.025,0.02508
2021-01-26,珠海,4.0,0.002,-0.014,0.014142
2021-01-26,珠海,6.0,0.0,-0.002,0.002
2021-01-26,珠海,8.0,,,
2021-01-26,珠海,10.0,,,
2021-01-26,珠海,12.0,,,
2021-01-26,珠海,15.0,,,
2021-01-26,珠海,20.0,,,
2021-01-26,珠海,25.0,,,
2021-01-26,珠海,30.0,,,
2021-01-26,珠海,35.0,,,
2021-01-26,珠海,40.0,,,
2021-01-26,珠海,45.0,,,
2021-01-26,珠海,50.0,,,
2021-01-26,珠海,60.0,,,
2021-01-26,珠海,70.0,,,
2021-01-26,珠海,80.0,,,
2021-01-26,珠海,90.0,,,
2021-01-26,珠海,100.0,,,
2021-01-26,珠海,125.0,,,
2021-01-26,珠海,150.0,,,
2021-01-26,珠海,200.0,,,
2021-01-26,珠海,250.0,,,
2021-01-26,珠海,300.0,,,
2021-01-26,珠海,350.0,,,
2021-01-26,珠海,400.0,,,
2021-01-26,珠海,500.0,,,
2021-01-26,珠海,600.0,,,
2021-01-26,珠海,700.0,,,
2021-01-26,珠海,800.0,,,
2021-01-26,珠海,900.0,,,
2021-01-26,珠海,1000.0,,,
2021-01-26,珠海,1250.0,,,
2021-01-26,珠海,1500.0,,,
2021-01-26,珠海,2000.0,,,
2021-01-26,珠海,2500.0,,,
2021-01-26,珠海,3000.0,,,
2021-01-26,珠海,4000.0,,,
2021-01-26,珠海,5000.0,,,
2021-01-27,珠海,0.0,-0.006,0.078,0.07823
2021-01-27,珠海,2.0,-0.004,0.09,0.090089
2021-01-27,珠海,4.0,-0.003,0.101,0.101045
2021-01-27,珠海,6.0,0.0,0.105,0.105
2021-01-27,珠海,8.0,,,
2021-01-27,珠海,10.0,,,
2021-01-27,珠海,12.0,,,
2021-01-27,珠海,15.0,,,
2021-01-27,珠海,20.0,,,
2021-01-27,珠海,25.0,,,
2021-01-27,珠海,30.0,,,
2021-01-27,珠海,35.0,,,
2021-01-27,珠海,40.0,,,
2021-01-27,珠海,45.0,,,
2021-01-27,珠海,50.0,,,
2021-01-27,珠海,60.0,,,
2021-01-27,珠海,70.0,,,
2021-01-27,珠海,80.0,,,
2021-01-27,珠海,90.0,,,
2021-01-27,珠海,100.0,,,
2021-01-27,珠海,125.0,,,
2021-01-27,珠海,150.0,,,
2021-01-27,珠海,200.0,,,
2021-01-27,珠海,250.0,,,
2021-01-27,珠海,300.0,,,
2021-01-27,珠海,350.0,,,
2021-01-27,珠海,400.0,,,
2021-01-27,珠海,500.0,,,
2021-01-27,珠海,600.0,,,
2021-01-27,珠海,700.0,,,
2021-01-27,珠海,800.0,,,
2021-01-27,珠海,900.0,,,
2021-01-27,珠海,1000.0,,,
2021-01-27,珠海,1250.0,,,
2021-01-27,珠海,1500.0,,,
2021-01-27,珠海,2000.0,,,
2021-01-27,珠海,2500.0,,,
2021-01-27,珠海,3000.0,,,
2021-01-27,珠海,4000.0,,,
2021-01-27,珠海,5000.0,,,
2021-01-29,珠海,0.0,-0.009000000000000001,0.113,0.113358
2021-01-29,珠海,2.0,-0.006,0.137,0.137131
2021-01-29,珠海,4.0,-0.004,0.157,0.157051
2021-01-29,珠海,6.0,0.0,0.164,0.164
2021-01-29,珠海,8.0,,,
2021-01-29,珠海,10.0,,,
2021-01-29,珠海,12.0,,,
2021-01-29,珠海,15.0,,,
2021-01-29,珠海,20.0,,,
2021-01-29,珠海,25.0,,,
2021-01-29,珠海,30.0,,,
2021-01-29,珠海,35.0,,,
2021-01-29,珠海,40.0,,,
2021-01-29,珠海,45.0,,,
2021-01-29,珠海,50.0,,,
2021-01-29,珠海,60.0,,,
2021-01-29,珠海,70.0,,,
2021-01-29,珠海,80.0,,,
2021-01-29,珠海,90.0,,,
2021-01-29,珠海,100.0,,,
2021-01-29,珠海,125.0,,,
2021-01-29,珠海,150.0,,,
2021-01-29,珠海,200.0,,,
2021-01-29,珠海,250.0,,,
2021-01-29,珠海,300.0,,,
2021-01-29,珠海,350.0,,,
2021-01-29,珠海,400.0,,,
2021-01-29,珠海,500.0,,,
2021-01-29,珠海,600.0,,,
2021-01-29,珠海,700.0,,,
2021-01-29,珠海,800.0,,,
2021-01-29,珠海,900.0,,,
2021-01-29,珠海,1000.0,,,
2021-01-29,珠海,1250.0,,,
2021-01-29,珠海,1500.0,,,
2021-01-29,珠海,2000.0,,,
2021-01-29,珠海,2500.0,,,
2021-01-29,珠海,3000.0,,,
2021-01-29,珠海,4000.0,,,
2021-01-29,珠海,5000.0,,,
2021-01-30,珠海,0.0,-0.022,-0.08,0.08297
2021-01-30,珠海,2.0,-0.011,-0.066,0.06691
2021-01-30,珠海,4.0,-0.004,-0.056,0.056143
2021-01-30,珠海,6.0,0.0,-0.05,0.05
2021-01-30,珠海,8.0,,,
2021-01-30,珠海,10.0,,,
2021-01-30,珠海,12.0,,,
2021-01-30,珠海,15.0,,,
2021-01-30,珠海,20.0,,,
2021-01-30,珠海,25.0,,,
2021-01-30,珠海,30.0,,,
2021-01-30,珠海,35.0,,,
2021-01-30,珠海,40.0,,,
2021-01-30,珠海,45.0,,,
2021-01-30,珠海,50.0,,,
2021-01-30,珠海,60.0,,,
2021-01-30,珠海,70.0,,,
2021-01-30,珠海,80.0,,,
2021-01-30,珠海,90.0,,,
2021-01-30,珠海,100.0,,,
2021-01-30,珠海,125.0,,,
2021-01-30,珠海,150.0,,,
2021-01-30,珠海,200.0,,,
2021-01-30,珠海,250.0,,,
2021-01-30,珠海,300.0,,,
2021-01-30,珠海,350.0,,,
2021-01-30,珠海,400.0,,,
2021-01-30,珠海,500.0,,,
2021-01-30,珠海,600.0,,,
2021-01-30,珠海,700.0,,,
2021-01-30,珠海,800.0,,,
2021-01-30,珠海,900.0,,,
2021-01-30,珠海,1000.0,,,
2021-01-30,珠海,1250.0,,,
2021-01-30,珠海,1500.0,,,
2021-01-30,珠海,2000.0,,,
2021-01-30,珠海,2500.0,,,
2021-01-30,珠海,3000.0,,,
2021-01-30,珠海,4000.0,,,
2021-01-30,珠海,5000.0,,,
2021-01-31,珠海,0.0,-0.023,-0.06,0.064257
2021-01-31,珠海,2.0,-0.011,-0.047,0.04827
2021-01-31,珠海,4.0,-0.004,-0.037,0.037216
2021-01-31,珠海,6.0,0.0,-0.026000000000000002,0.026
2021-01-31,珠海,8.0,,,
2021-01-31,珠海,10.0,,,
2021-01-31,珠海,12.0,,,
2021-01-31,珠海,15.0,,,
2021-01-31,珠海,20.0,,,
2021-01-31,珠海,25.0,,,
2021-01-31,珠海,30.0,,,
2021-01-31,珠海,35.0,,,
2021-01-31,珠海,40.0,,,
2021-01-31,珠海,45.0,,,
2021-01-31,珠海,50.0,,,
2021-01-31,珠海,60.0,,,
2021-01-31,珠海,70.0,,,
2021-01-31,珠海,80.0,,,
2021-01-31,珠海,90.0,,,
2021-01-31,珠海,100.0,,,
2021-01-31,珠海,125.0,,,
2021-01-31,珠海,150.0,,,
2021-01-31,珠海,200.0,,,
2021-01-31,珠海,250.0,,,
2021-01-31,珠海,300.0,,,
2021-01-31,珠海,350.0,,,
2021-01-31,珠海,400.0,,,
2021-01-31,珠海,500.0,,,
2021-01-31,珠海,600.0,,,
2021-01-31,珠海,700.0,,,
2021-01-31,珠海,800.0,,,
2021-01-31,珠海,900.0,,,
2021-01-31,珠海,1000.0,,,
2021-01-31,珠海,1250.0,,,
2021-01-31,珠海,1500.0,,,
2021-01-31,珠海,2000.0,,,
2021-01-31,珠海,2500.0,,,
2021-01-31,珠海,3000.0,,,
2021-01-31,珠海,4000.0,,,
2021-01-31,珠海,5000.0,,,
2021-02-01,珠海,0.0,-0.009000000000000001,-0.043000000000000003,0.043932
2021-02-01,珠海,2.0,-0.005,-0.032,0.032388
2021-02-01,珠海,4.0,0.0,-0.017,0.017
2021-02-01,珠海,6.0,0.0,-0.002,0.002
2021-02-01,珠海,8.0,,,
2021-02-01,珠海,10.0,,,
2021-02-01,珠海,12.0,,,
2021-02-01,珠海,15.0,,,
2021-02-01,珠海,20.0,,,
2021-02-01,珠海,25.0,,,
2021-02-01,珠海,30.0,,,
2021-02-01,珠海,35.0,,,
2021-02-01,珠海,40.0,,,
2021-02-01,珠海,45.0,,,
2021-02-01,珠海,50.0,,,
2021-02-01,珠海,60.0,,,
2021-02-01,珠海,70.0,,,
2021-02-01,珠海,80.0,,,
2021-02-01,珠海,90.0,,,
2021-02-01,珠海,100.0,,,
2021-02-01,珠海,125.0,,,
2021-02-01,珠海,150.0,,,
2021-02-01,珠海,200.0,,,
2021-02-01,珠海,250.0,,,
2021-02-01,珠海,300.0,,,
2021-02-01,珠海,350.0,,,
2021-02-01,珠海,400.0,,,
2021-02-01,珠海,500.0,,,
2021-02-01,珠海,600.0,,,
2021-02-01,珠海,700.0,,,
2021-02-01,珠海,800.0,,,
2021-02-01,珠海,900.0,,,
2021-02-01,珠海,1000.0,,,
2021-02-01,珠海,1250.0,,,
2021-02-01,珠海,1500.0,,,
2021-02-01,珠海,2000.0,,,
2021-02-01,珠海,2500.0,,,
2021-02-01,珠海,3000.0,,,
2021-02-01,珠海,4000.0,,,
2021-02-01,珠海,5000.0,,,
2021-02-02,珠海,0.0,-0.006,0.002,0.006325
2021-02-02,珠海,2.0,-0.003,0.022,0.022204
2021-02-02,珠海,4.0,-0.001,0.051000000000000004,0.05101
2021-02-02,珠海,6.0,0.0,0.069,0.069
2021-02-02,珠海,8.0,,,
2021-02-02,珠海,10.0,,,
2021-02-02,珠海,12.0,,,
2021-02-02,珠海,15.0,,,
2021-02-02,珠海,20.0,,,
2021-02-02,珠海,25.0,,,
2021-02-02,珠海,30.0,,,
2021-02-02,珠海,35.0,,,
2021-02-02,珠海,40.0,,,
2021-02-02,珠海,45.0,,,
2021-02-02,珠海,50.0,,,
2021-02-02,珠海,60.0,,,
2021-02-02,珠海,70.0,,,
2021-02-02,珠海,80.0,,,
2021-02-02,珠海,90.0,,,
2021-02-02,珠海,100.0,,,
2021-02-02,珠海,125.0,,,
2021-02-02,珠海,150.0,,,
2021-02-02,珠海,200.0,,,
2021-02-02,珠海,250.0,,,
2021-02-02,珠海,300.0,,,
2021-02-02,珠海,350.0,,,
2021-02-02,珠海,400.0,,,
2021-02-02,珠海,500.0,,,
2021-02-02,珠海,600.0,,,
2021-02-02,珠海,700.0,,,
2021-02-02,珠海,800.0,,,
2021-02-02,珠海,900.0,,,
2021-02-02,珠海,1000.0,,,
2021-02-02,珠海,1250.0,,,
2021-02-02,珠海,1500.0,,,
2021-02-02,珠海,2000.0,,,
2021-02-02,珠海,2500.0,,,
2021-02-02,珠海,3000.0,,,
2021-02-02,珠海,4000.0,,,
2021-02-02,珠海,5000.0,,,
2021-02-03,珠海,0.0,-0.036000000000000004,0.047,0.059203
2021-02-03,珠海,2.0,-0.02,0.051000000000000004,0.054781
2021-02-03,珠海,4.0,-0.011,0.055,0.056089
2021-02-03,珠海,6.0,0.0,0.058,0.058
2021-02-03,珠海,8.0,,,
2021-02-03,珠海,10.0,,,
2021-02-03,珠海,12.0,,,
2021-02-03,珠海,15.0,,,
2021-02-03,珠海,20.0,,,
2021-02-03,珠海,25.0,,,
2021-02-03,珠海,30.0,,,
2021-02-03,珠海,35.0,,,
2021-02-03,珠海,40.0,,,
2021-02-03,珠海,45.0,,,
2021-02-03,珠海,50.0,,,
2021-02-03,珠海,60.0,,,
2021-02-03,珠海,70.0,,,
2021-02-03,珠海,80.0,,,
2021-02-03,珠海,90.0,,,
2021-02-03,珠海,100.0,,,
2021-02-03,珠海,125.0,,,
2021-02-03,珠海,150.0,,,
2021-02-03,珠海,200.0,,,
2021-02-03,珠海,250.0,,,
2021-02-03,珠海,300.0,,,
2021-02-03,珠海,350.0,,,
2021-02-03,珠海,400.0,,,
2021-02-03,珠海,500.0,,,
2021-02-03,珠海,600.0,,,
2021-02-03,珠海,700.0,,,
2021-02-03,珠海,800.0,,,
2021-02-03,珠海,900.0,,,
2021-02-03,珠海,1000.0,,,
2021-02-03,珠海,1250.0,,,
2021-02-03,珠海,1500.0,,,
2021-02-03,珠海,2000.0,,,
2021-02-03,珠海,2500.0,,,
2021-02-03,珠海,3000.0,,,
2021-02-03,珠海,4000.0,,,
2021-02-03,珠海,5000.0,,,
2021-02-04,珠海,0.0,-0.012,-0.034,0.036056
2021-02-04,珠海,2.0,-0.007,-0.023,0.024042
2021-02-04,珠海,4.0,-0.003,-0.011,0.011402
2021-02-04,珠海,6.0,0.0,0.001,0.001
2021-02-04,珠海,8.0,,,
2021-02-04,珠海,10.0,,,
2021-02-04,珠海,12.0,,,
2021-02-04,珠海,15.0,,,
2021-02-04,珠海,20.0,,,
2021-02-04,珠海,25.0,,,
2021-02-04,珠海,30.0,,,
2021-02-04,珠海,35.0,,,
2021-02-04,珠海,40.0,,,
2021-02-04,珠海,45.0,,,
2021-02-04,珠海,50.0,,,
2021-02-04,珠海,60.0,,,
2021-02-04,珠海,70.0,,,
2021-02-04,珠海,80.0,,,
2021-02-04,珠海,90.0,,,
2021-02-04,珠海,100.0,,,
2021-02-04,珠海,125.0,,,
2021-02-04,珠海,150.0,,,
2021-02-04,珠海,200.0,,,
2021-02-04,珠海,250.0,,,
2021-02-04,珠海,300.0,,,
2021-02-04,珠海,350.0,,,
2021-02-04,珠海,400.0,,,
2021-02-04,珠海,500.0,,,
2021-02-04,珠海,600.0,,,
2021-02-04,珠海,700.0,,,
2021-02-04,珠海,800.0,,,
2021-02-04,珠海,900.0,,,
2021-02-04,珠海,1000.0,,,
2021-02-04,珠海,1250.0,,,
2021-02-04,珠海,1500.0,,,
2021-02-04,珠海,2000.0,,,
2021-02-04,珠海,2500.0,,,
2021-02-04,珠海,3000.0,,,
2021-02-04,珠海,4000.0,,,
2021-02-04,珠海,5000.0,,,
2021-02-07,珠海,0.0,-0.01,0.077,0.077647
2021-02-07,珠海,2.0,-0.006,0.084,0.084214
2021-02-07,珠海,4.0,-0.001,0.098,0.098005
2021-02-07,珠海,6.0,0.0,0.10300000000000001,0.103
2021-02-07,珠海,8.0,,,
2021-02-07,珠海,10.0,,,
2021-02-07,珠海,12.0,,,
2021-02-07,珠海,15.0,,,
2021-02-07,珠海,20.0,,,
2021-02-07,珠海,25.0,,,
2021-02-07,珠海,30.0,,,
2021-02-07,珠海,35.0,,,
2021-02-07,珠海,40.0,,,
2021-02-07,珠海,45.0,,,
2021-02-07,珠海,50.0,,,
2021-02-07,珠海,60.0,,,
2021-02-07,珠海,70.0,,,
2021-02-07,珠海,80.0,,,
2021-02-07,珠海,90.0,,,
2021-02-07,珠海,100.0,,,
2021-02-07,珠海,125.0,,,
2021-02-07,珠海,150.0,,,
2021-02-07,珠海,200.0,,,
2021-02-07,珠海,250.0,,,
2021-02-07,珠海,300.0,,,
2021-02-07,珠海,350.0,,,
2021-02-07,珠海,400.0,,,
2021-02-07,珠海,500.0,,,
2021-02-07,珠海,600.0,,,
2021-02-07,珠海,700.0,,,
2021-02-07,珠海,800.0,,,
2021-02-07,珠海,900.0,,,
2021-02-07,珠海,1000.0,,,
2021-02-07,珠海,1250.0,,,
2021-02-07,珠海,1500.0,,,
2021-02-07,珠海,2000.0,,,
2021-02-07,珠海,2500.0,,,
2021-02-07,珠海,3000.0,,,
2021-02-07,珠海,4000.0,,,
2021-02-07,珠海,5000.0,,,
2021-02-08,珠海,0.0,-0.015,0.045,0.047434
2021-02-08,珠海,2.0,-0.008,0.052000000000000005,0.052612
2021-02-08,珠海,4.0,-0.003,0.058,0.058078
2021-02-08,珠海,6.0,0.0,0.063,0.063
2021-02-08,珠海,8.0,,,
2021-02-08,珠海,10.0,,,
2021-02-08,珠海,12.0,,,
2021-02-08,珠海,15.0,,,
2021-02-08,珠海,20.0,,,
2021-02-08,珠海,25.0,,,
2021-02-08,珠海,30.0,,,
2021-02-08,珠海,35.0,,,
2021-02-08,珠海,40.0,,,
2021-02-08,珠海,45.0,,,
2021-02-08,珠海,50.0,,,
2021-02-08,珠海,60.0,,,
2021-02-08,珠海,70.0,,,
2021-02-08,珠海,80.0,,,
2021-02-08,珠海,90.0,,,
2021-02-08,珠海,100.0,,,
2021-02-08,珠海,125.0,,,
2021-02-08,珠海,150.0,,,
2021-02-08,珠海,200.0,,,
2021-02-08,珠海,250.0,,,
2021-02-08,珠海,300.0,,,
2021-02-08,珠海,350.0,,,
2021-02-08,珠海,400.0,,,
2021-02-08,珠海,500.0,,,
2021-02-08,珠海,600.0,,,
2021-02-08,珠海,700.0,,,
2021-02-08,珠海,800.0,,,
2021-02-08,珠海,900.0,,,
2021-02-08,珠海,1000.0,,,
2021-02-08,珠海,1250.0,,,
2021-02-08,珠海,1500.0,,,
2021-02-08,珠海,2000.0,,,
2021-02-08,珠海,2500.0,,,
2021-02-08,珠海,3000.0,,,
2021-02-08,珠海,4000.0,,,
2021-02-08,珠海,5000.0,,,
2021-02-10,珠海,0.0,-0.034,-0.076,0.083259
2021-02-10,珠海,2.0,-0.018000000000000002,-0.059000000000000004,0.061685
2021-02-10,珠海,4.0,-0.01,-0.046,0.047074
2021-02-10,珠海,6.0,0.0,-0.032,0.032
2021-02-10,珠海,8.0,,,
2021-02-10,珠海,10.0,,,
2021-02-10,珠海,12.0,,,
2021-02-10,珠海,15.0,,,
2021-02-10,珠海,20.0,,,
2021-02-10,珠海,25.0,,,
2021-02-10,珠海,30.0,,,
2021-02-10,珠海,35.0,,,
2021-02-10,珠海,40.0,,,
2021-02-10,珠海,45.0,,,
2021-02-10,珠海,50.0,,,
2021-02-10,珠海,60.0,,,
2021-02-10,珠海,70.0,,,
2021-02-10,珠海,80.0,,,
2021-02-10,珠海,90.0,,,
2021-02-10,珠海,100.0,,,
2021-02-10,珠海,125.0,,,
2021-02-10,珠海,150.0,,,
2021-02-10,珠海,200.0,,,
2021-02-10,珠海,250.0,,,
2021-02-10,珠海,300.0,,,
2021-02-10,珠海,350.0,,,
2021-02-10,珠海,400.0,,,
2021-02-10,珠海,500.0,,,
2021-02-10,珠海,600.0,,,
2021-02-10,珠海,700.0,,,
2021-02-10,珠海,800.0,,,
2021-02-10,珠海,900.0,,,
2021-02-10,珠海,1000.0,,,
2021-02-10,珠海,1250.0,,,
2021-02-10,珠海,1500.0,,,
2021-02-10,珠海,2000.0,,,
2021-02-10,珠海,2500.0,,,
2021-02-10,珠海,3000.0,,,
2021-02-10,珠海,4000.0,,,
2021-02-10,珠海,5000.0,,,
2021-02-11,珠海,0.0,-0.006,-0.025,0.02571
2021-02-11,珠海,2.0,-0.006,0.003,0.006708
2021-02-11,珠海,4.0,-0.006,0.033,0.033541
2021-02-11,珠海,6.0,0.0,0.052000000000000005,0.052
2021-02-11,珠海,8.0,,,
2021-02-11,珠海,10.0,,,
2021-02-11,珠海,12.0,,,
2021-02-11,珠海,15.0,,,
2021-02-11,珠海,20.0,,,
2021-02-11,珠海,25.0,,,
2021-02-11,珠海,30.0,,,
2021-02-11,珠海,35.0,,,
2021-02-11,珠海,40.0,,,
2021-02-11,珠海,45.0,,,
2021-02-11,珠海,50.0,,,
2021-02-11,珠海,60.0,,,
2021-02-11,珠海,70.0,,,
2021-02-11,珠海,80.0,,,
2021-02-11,珠海,90.0,,,
2021-02-11,珠海,100.0,,,
2021-02-11,珠海,125.0,,,
2021-02-11,珠海,150.0,,,
2021-02-11,珠海,200.0,,,
2021-02-11,珠海,250.0,,,
2021-02-11,珠海,300.0,,,
2021-02-11,珠海,350.0,,,
2021-02-11,珠海,400.0,,,
2021-02-11,珠海,500.0,,,
2021-02-11,珠海,600.0,,,
2021-02-11,珠海,700.0,,,
2021-02-11,珠海,800.0,,,
2021-02-11,珠海,900.0,,,
2021-02-11,珠海,1000.0,,,
2021-02-11,珠海,1250.0,,,
2021-02-11,珠海,1500.0,,,
2021-02-11,珠海,2000.0,,,
2021-02-11,珠海,2500.0,,,
2021-02-11,珠海,3000.0,,,
2021-02-11,珠海,4000.0,,,
2021-02-11,珠海,5000.0,,,
2021-02-09,珠海,0.0,-0.035,-0.07200000000000001,0.080056
2021-02-09,珠海,2.0,-0.019,-0.05,0.053488
2021-02-09,珠海,4.0,-0.01,-0.034,0.03544
2021-02-09,珠海,6.0,0.0,-0.018000000000000002,0.018
2021-02-09,珠海,8.0,,,
2021-02-09,珠海,10.0,,,
2021-02-09,珠海,12.0,,,
2021-02-09,珠海,15.0,,,
2021-02-09,珠海,20.0,,,
2021-02-09,珠海,25.0,,,
2021-02-09,珠海,30.0,,,
2021-02-09,珠海,35.0,,,
2021-02-09,珠海,40.0,,,
2021-02-09,珠海,45.0,,,
2021-02-09,珠海,50.0,,,
2021-02-09,珠海,60.0,,,
2021-02-09,珠海,70.0,,,
2021-02-09,珠海,80.0,,,
2021-02-09,珠海,90.0,,,
2021-02-09,珠海,100.0,,,
2021-02-09,珠海,125.0,,,
2021-02-09,珠海,150.0,,,
2021-02-09,珠海,200.0,,,
2021-02-09,珠海,250.0,,,
2021-02-09,珠海,300.0,,,
2021-02-09,珠海,350.0,,,
2021-02-09,珠海,400.0,,,
2021-02-09,珠海,500.0,,,
2021-02-09,珠海,600.0,,,
2021-02-09,珠海,700.0,,,
2021-02-09,珠海,800.0,,,
2021-02-09,珠海,900.0,,,
2021-02-09,珠海,1000.0,,,
2021-02-09,珠海,1250.0,,,
2021-02-09,珠海,1500.0,,,
2021-02-09,珠海,2000.0,,,
2021-02-09,珠海,2500.0,,,
2021-02-09,珠海,3000.0,,,
2021-02-09,珠海,4000.0,,,
2021-02-09,珠海,5000.0,,,
2021-02-12,珠海,0.0,-0.004,0.016,0.016492
2021-02-12,珠海,2.0,-0.003,0.038,0.038118
2021-02-12,珠海,4.0,-0.001,0.061,0.061008
2021-02-12,珠海,6.0,0.0,0.07,0.07
2021-02-12,珠海,8.0,,,
2021-02-12,珠海,10.0,,,
2021-02-12,珠海,12.0,,,
2021-02-12,珠海,15.0,,,
2021-02-12,珠海,20.0,,,
2021-02-12,珠海,25.0,,,
2021-02-12,珠海,30.0,,,
2021-02-12,珠海,35.0,,,
2021-02-12,珠海,40.0,,,
2021-02-12,珠海,45.0,,,
2021-02-12,珠海,50.0,,,
2021-02-12,珠海,60.0,,,
2021-02-12,珠海,70.0,,,
2021-02-12,珠海,80.0,,,
2021-02-12,珠海,90.0,,,
2021-02-12,珠海,100.0,,,
2021-02-12,珠海,125.0,,,
2021-02-12,珠海,150.0,,,
2021-02-12,珠海,200.0,,,
2021-02-12,珠海,250.0,,,
2021-02-12,珠海,300.0,,,
2021-02-12,珠海,350.0,,,
2021-02-12,珠海,400.0,,,
2021-02-12,珠海,500.0,,,
2021-02-12,珠海,600.0,,,
2021-02-12,珠海,700.0,,,
2021-02-12,珠海,800.0,,,
2021-02-12,珠海,900.0,,,
2021-02-12,珠海,1000.0,,,
2021-02-12,珠海,1250.0,,,
2021-02-12,珠海,1500.0,,,
2021-02-12,珠海,2000.0,,,
2021-02-12,珠海,2500.0,,,
2021-02-12,珠海,3000.0,,,
2021-02-12,珠海,4000.0,,,
2021-02-12,珠海,5000.0,,,
2021-02-14,珠海,0.0,0.004,-0.041,0.041195
2021-02-14,珠海,2.0,0.004,-0.023,0.023345
2021-02-14,珠海,4.0,0.003,0.003,0.004243
2021-02-14,珠海,6.0,0.0,0.024,0.024
2021-02-14,珠海,8.0,,,
2021-02-14,珠海,10.0,,,
2021-02-14,珠海,12.0,,,
2021-02-14,珠海,15.0,,,
2021-02-14,珠海,20.0,,,
2021-02-14,珠海,25.0,,,
2021-02-14,珠海,30.0,,,
2021-02-14,珠海,35.0,,,
2021-02-14,珠海,40.0,,,
2021-02-14,珠海,45.0,,,
2021-02-14,珠海,50.0,,,
2021-02-14,珠海,60.0,,,
2021-02-14,珠海,70.0,,,
2021-02-14,珠海,80.0,,,
2021-02-14,珠海,90.0,,,
2021-02-14,珠海,100.0,,,
2021-02-14,珠海,125.0,,,
2021-02-14,珠海,150.0,,,
2021-02-14,珠海,200.0,,,
2021-02-14,珠海,250.0,,,
2021-02-14,珠海,300.0,,,
2021-02-14,珠海,350.0,,,
2021-02-14,珠海,400.0,,,
2021-02-14,珠海,500.0,,,
2021-02-14,珠海,600.0,,,
2021-02-14,珠海,700.0,,,
2021-02-14,珠海,800.0,,,
2021-02-14,珠海,900.0,,,
2021-02-14,珠海,1000.0,,,
2021-02-14,珠海,1250.0,,,
2021-02-14,珠海,1500.0,,,
2021-02-14,珠海,2000.0,,,
2021-02-14,珠海,2500.0,,,
2021-02-14,珠海,3000.0,,,
2021-02-14,珠海,4000.0,,,
2021-02-14,珠海,5000.0,,,
2021-02-13,珠海,0.0,0.001,-0.043000000000000003,0.043012
2021-02-13,珠海,2.0,0.003,-0.031,0.031145
2021-02-13,珠海,4.0,0.003,-0.012,0.012369
2021-02-13,珠海,6.0,0.0,0.003,0.003
2021-02-13,珠海,8.0,,,
2021-02-13,珠海,10.0,,,
2021-02-13,珠海,12.0,,,
2021-02-13,珠海,15.0,,,
2021-02-13,珠海,20.0,,,
2021-02-13,珠海,25.0,,,
2021-02-13,珠海,30.0,,,
2021-02-13,珠海,35.0,,,
2021-02-13,珠海,40.0,,,
2021-02-13,珠海,45.0,,,
2021-02-13,珠海,50.0,,,
2021-02-13,珠海,60.0,,,
2021-02-13,珠海,70.0,,,
2021-02-13,珠海,80.0,,,
2021-02-13,珠海,90.0,,,
2021-02-13,珠海,100.0,,,
2021-02-13,珠海,125.0,,,
2021-02-13,珠海,150.0,,,
2021-02-13,珠海,200.0,,,
2021-02-13,珠海,250.0,,,
2021-02-13,珠海,300.0,,,
2021-02-13,珠海,350.0,,,
2021-02-13,珠海,400.0,,,
2021-02-13,珠海,500.0,,,
2021-02-13,珠海,600.0,,,
2021-02-13,珠海,700.0,,,
2021-02-13,珠海,800.0,,,
2021-02-13,珠海,900.0,,,
2021-02-13,珠海,1000.0,,,
2021-02-13,珠海,1250.0,,,
2021-02-13,珠海,1500.0,,,
2021-02-13,珠海,2000.0,,,
2021-02-13,珠海,2500.0,,,
2021-02-13,珠海,3000.0,,,
2021-02-13,珠海,4000.0,,,
2021-02-13,珠海,5000.0,,,
2021-02-15,珠海,0.0,0.001,-0.023,0.023022
2021-02-15,珠海,2.0,0.002,-0.003,0.003606
2021-02-15,珠海,4.0,0.001,0.023,0.023022
2021-02-15,珠海,6.0,0.0,0.053,0.053
2021-02-15,珠海,8.0,,,
2021-02-15,珠海,10.0,,,
2021-02-15,珠海,12.0,,,
2021-02-15,珠海,15.0,,,
2021-02-15,珠海,20.0,,,
2021-02-15,珠海,25.0,,,
2021-02-15,珠海,30.0,,,
2021-02-15,珠海,35.0,,,
2021-02-15,珠海,40.0,,,
2021-02-15,珠海,45.0,,,
2021-02-15,珠海,50.0,,,
2021-02-15,珠海,60.0,,,
2021-02-15,珠海,70.0,,,
2021-02-15,珠海,80.0,,,
2021-02-15,珠海,90.0,,,
2021-02-15,珠海,100.0,,,
2021-02-15,珠海,125.0,,,
2021-02-15,珠海,150.0,,,
2021-02-15,珠海,200.0,,,
2021-02-15,珠海,250.0,,,
2021-02-15,珠海,300.0,,,
2021-02-15,珠海,350.0,,,
2021-02-15,珠海,400.0,,,
2021-02-15,珠海,500.0,,,
2021-02-15,珠海,600.0,,,
2021-02-15,珠海,700.0,,,
2021-02-15,珠海,800.0,,,
2021-02-15,珠海,900.0,,,
2021-02-15,珠海,1000.0,,,
2021-02-15,珠海,1250.0,,,
2021-02-15,珠海,1500.0,,,
2021-02-15,珠海,2000.0,,,
2021-02-15,珠海,2500.0,,,
2021-02-15,珠海,3000.0,,,
2021-02-15,珠海,4000.0,,,
2021-02-15,珠海,5000.0,,,
2021-02-18,珠海,0.0,-0.012,0.108,0.108665
2021-02-18,珠海,2.0,-0.007,0.137,0.137179
2021-02-18,珠海,4.0,-0.004,0.158,0.158051
2021-02-18,珠海,6.0,0.0,0.166,0.166
2021-02-18,珠海,8.0,,,
2021-02-18,珠海,10.0,,,
2021-02-18,珠海,12.0,,,
2021-02-18,珠海,15.0,,,
2021-02-18,珠海,20.0,,,
2021-02-18,珠海,25.0,,,
2021-02-18,珠海,30.0,,,
2021-02-18,珠海,35.0,,,
2021-02-18,珠海,40.0,,,
2021-02-18,珠海,45.0,,,
2021-02-18,珠海,50.0,,,
2021-02-18,珠海,60.0,,,
2021-02-18,珠海,70.0,,,
2021-02-18,珠海,80.0,,,
2021-02-18,珠海,90.0,,,
2021-02-18,珠海,100.0,,,
2021-02-18,珠海,125.0,,,
2021-02-18,珠海,150.0,,,
2021-02-18,珠海,200.0,,,
2021-02-18,珠海,250.0,,,
2021-02-18,珠海,300.0,,,
2021-02-18,珠海,350.0,,,
2021-02-18,珠海,400.0,,,
2021-02-18,珠海,500.0,,,
2021-02-18,珠海,600.0,,,
2021-02-18,珠海,700.0,,,
2021-02-18,珠海,800.0,,,
2021-02-18,珠海,900.0,,,
2021-02-18,珠海,1000.0,,,
2021-02-18,珠海,1250.0,,,
2021-02-18,珠海,1500.0,,,
2021-02-18,珠海,2000.0,,,
2021-02-18,珠海,2500.0,,,
2021-02-18,珠海,3000.0,,,
2021-02-18,珠海,4000.0,,,
2021-02-18,珠海,5000.0,,,
2021-02-17,珠海,0.0,-0.013000000000000001,-0.14300000000000002,0.14359
2021-02-17,珠海,2.0,-0.006,-0.105,0.105171
2021-02-17,珠海,4.0,-0.003,-0.078,0.078058
2021-02-17,珠海,6.0,0.0,-0.06,0.06
2021-02-17,珠海,8.0,,,
2021-02-17,珠海,10.0,,,
2021-02-17,珠海,12.0,,,
2021-02-17,珠海,15.0,,,
2021-02-17,珠海,20.0,,,
2021-02-17,珠海,25.0,,,
2021-02-17,珠海,30.0,,,
2021-02-17,珠海,35.0,,,
2021-02-17,珠海,40.0,,,
2021-02-17,珠海,45.0,,,
2021-02-17,珠海,50.0,,,
2021-02-17,珠海,60.0,,,
2021-02-17,珠海,70.0,,,
2021-02-17,珠海,80.0,,,
2021-02-17,珠海,90.0,,,
2021-02-17,珠海,100.0,,,
2021-02-17,珠海,125.0,,,
2021-02-17,珠海,150.0,,,
2021-02-17,珠海,200.0,,,
2021-02-17,珠海,250.0,,,
2021-02-17,珠海,300.0,,,
2021-02-17,珠海,350.0,,,
2021-02-17,珠海,400.0,,,
2021-02-17,珠海,500.0,,,
2021-02-17,珠海,600.0,,,
2021-02-17,珠海,700.0,,,
2021-02-17,珠海,800.0,,,
2021-02-17,珠海,900.0,,,
2021-02-17,珠海,1000.0,,,
2021-02-17,珠海,1250.0,,,
2021-02-17,珠海,1500.0,,,
2021-02-17,珠海,2000.0,,,
2021-02-17,珠海,2500.0,,,
2021-02-17,珠海,3000.0,,,
2021-02-17,珠海,4000.0,,,
2021-02-17,珠海,5000.0,,,
2021-02-19,珠海,0.0,-0.008,-0.09,0.090355
2021-02-19,珠海,2.0,-0.003,-0.079,0.079057
2021-02-19,珠海,4.0,0.001,-0.067,0.067007
2021-02-19,珠海,6.0,0.0,-0.055,0.055
2021-02-19,珠海,8.0,,,
2021-02-19,珠海,10.0,,,
2021-02-19,珠海,12.0,,,
2021-02-19,珠海,15.0,,,
2021-02-19,珠海,20.0,,,
2021-02-19,珠海,25.0,,,
2021-02-19,珠海,30.0,,,
2021-02-19,珠海,35.0,,,
2021-02-19,珠海,40.0,,,
2021-02-19,珠海,45.0,,,
2021-02-19,珠海,50.0,,,
2021-02-19,珠海,60.0,,,
2021-02-19,珠海,70.0,,,
2021-02-19,珠海,80.0,,,
2021-02-19,珠海,90.0,,,
2021-02-19,珠海,100.0,,,
2021-02-19,珠海,125.0,,,
2021-02-19,珠海,150.0,,,
2021-02-19,珠海,200.0,,,
2021-02-19,珠海,250.0,,,
2021-02-19,珠海,300.0,,,
2021-02-19,珠海,350.0,,,
2021-02-19,珠海,400.0,,,
2021-02-19,珠海,500.0,,,
2021-02-19,珠海,600.0,,,
2021-02-19,珠海,700.0,,,
2021-02-19,珠海,800.0,,,
2021-02-19,珠海,900.0,,,
2021-02-19,珠海,1000.0,,,
2021-02-19,珠海,1250.0,,,
2021-02-19,珠海,1500.0,,,
2021-02-19,珠海,2000.0,,,
2021-02-19,珠海,2500.0,,,
2021-02-19,珠海,3000.0,,,
2021-02-19,珠海,4000.0,,,
2021-02-19,珠海,5000.0,,,
2021-02-20,珠海,0.0,-0.004,-0.042,0.04219
2021-02-20,珠海,2.0,0.0,-0.035,0.035
2021-02-20,珠海,4.0,0.001,-0.021,0.021024
2021-02-20,珠海,6.0,0.0,-0.006,0.006
2021-02-20,珠海,8.0,,,
2021-02-20,珠海,10.0,,,
2021-02-20,珠海,12.0,,,
2021-02-20,珠海,15.0,,,
2021-02-20,珠海,20.0,,,
2021-02-20,珠海,25.0,,,
2021-02-20,珠海,30.0,,,
2021-02-20,珠海,35.0,,,
2021-02-20,珠海,40.0,,,
2021-02-20,珠海,45.0,,,
2021-02-20,珠海,50.0,,,
2021-02-20,珠海,60.0,,,
2021-02-20,珠海,70.0,,,
2021-02-20,珠海,80.0,,,
2021-02-20,珠海,90.0,,,
2021-02-20,珠海,100.0,,,
2021-02-20,珠海,125.0,,,
2021-02-20,珠海,150.0,,,
2021-02-20,珠海,200.0,,,
2021-02-20,珠海,250.0,,,
2021-02-20,珠海,300.0,,,
2021-02-20,珠海,350.0,,,
2021-02-20,珠海,400.0,,,
2021-02-20,珠海,500.0,,,
2021-02-20,珠海,600.0,,,
2021-02-20,珠海,700.0,,,
2021-02-20,珠海,800.0,,,
2021-02-20,珠海,900.0,,,
2021-02-20,珠海,1000.0,,,
2021-02-20,珠海,1250.0,,,
2021-02-20,珠海,1500.0,,,
2021-02-20,珠海,2000.0,,,
2021-02-20,珠海,2500.0,,,
2021-02-20,珠海,3000.0,,,
2021-02-20,珠海,4000.0,,,
2021-02-20,珠海,5000.0,,,
2021-02-21,珠海,0.0,-0.006,0.055,0.055326
2021-02-21,珠海,2.0,-0.002,0.06,0.060033
2021-02-21,珠海,4.0,0.0,0.069,0.069
2021-02-21,珠海,6.0,0.0,0.07100000000000001,0.071
2021-02-21,珠海,8.0,,,
2021-02-21,珠海,10.0,,,
2021-02-21,珠海,12.0,,,
2021-02-21,珠海,15.0,,,
2021-02-21,珠海,20.0,,,
2021-02-21,珠海,25.0,,,
2021-02-21,珠海,30.0,,,
2021-02-21,珠海,35.0,,,
2021-02-21,珠海,40.0,,,
2021-02-21,珠海,45.0,,,
2021-02-21,珠海,50.0,,,
2021-02-21,珠海,60.0,,,
2021-02-21,珠海,70.0,,,
2021-02-21,珠海,80.0,,,
2021-02-21,珠海,90.0,,,
2021-02-21,珠海,100.0,,,
2021-02-21,珠海,125.0,,,
2021-02-21,珠海,150.0,,,
2021-02-21,珠海,200.0,,,
2021-02-21,珠海,250.0,,,
2021-02-21,珠海,300.0,,,
2021-02-21,珠海,350.0,,,
2021-02-21,珠海,400.0,,,
2021-02-21,珠海,500.0,,,
2021-02-21,珠海,600.0,,,
2021-02-21,珠海,700.0,,,
2021-02-21,珠海,800.0,,,
2021-02-21,珠海,900.0,,,
2021-02-21,珠海,1000.0,,,
2021-02-21,珠海,1250.0,,,
2021-02-21,珠海,1500.0,,,
2021-02-21,珠海,2000.0,,,
2021-02-21,珠海,2500.0,,,
2021-02-21,珠海,3000.0,,,
2021-02-21,珠海,4000.0,,,
2021-02-21,珠海,5000.0,,,
2021-02-22,珠海,0.0,-0.004,0.048,0.048166
2021-02-22,珠海,2.0,0.0,0.061,0.061
2021-02-22,珠海,4.0,0.001,0.069,0.069007
2021-02-22,珠海,6.0,0.0,0.07200000000000001,0.072
2021-02-22,珠海,8.0,,,
2021-02-22,珠海,10.0,,,
2021-02-22,珠海,12.0,,,
2021-02-22,珠海,15.0,,,
2021-02-22,珠海,20.0,,,
2021-02-22,珠海,25.0,,,
2021-02-22,珠海,30.0,,,
2021-02-22,珠海,35.0,,,
2021-02-22,珠海,40.0,,,
2021-02-22,珠海,45.0,,,
2021-02-22,珠海,50.0,,,
2021-02-22,珠海,60.0,,,
2021-02-22,珠海,70.0,,,
2021-02-22,珠海,80.0,,,
2021-02-22,珠海,90.0,,,
2021-02-22,珠海,100.0,,,
2021-02-22,珠海,125.0,,,
2021-02-22,珠海,150.0,,,
2021-02-22,珠海,200.0,,,
2021-02-22,珠海,250.0,,,
2021-02-22,珠海,300.0,,,
2021-02-22,珠海,350.0,,,
2021-02-22,珠海,400.0,,,
2021-02-22,珠海,500.0,,,
2021-02-22,珠海,600.0,,,
2021-02-22,珠海,700.0,,,
2021-02-22,珠海,800.0,,,
2021-02-22,珠海,900.0,,,
2021-02-22,珠海,1000.0,,,
2021-02-22,珠海,1250.0,,,
2021-02-22,珠海,1500.0,,,
2021-02-22,珠海,2000.0,,,
2021-02-22,珠海,2500.0,,,
2021-02-22,珠海,3000.0,,,
2021-02-22,珠海,4000.0,,,
2021-02-22,珠海,5000.0,,,
2021-02-23,珠海,0.0,-0.009000000000000001,0.041,0.041976
2021-02-23,珠海,2.0,-0.004,0.052000000000000005,0.052154
2021-02-23,珠海,4.0,-0.001,0.07,0.070007
2021-02-23,珠海,6.0,0.0,0.09,0.09
2021-02-23,珠海,8.0,,,
2021-02-23,珠海,10.0,,,
2021-02-23,珠海,12.0,,,
2021-02-23,珠海,15.0,,,
2021-02-23,珠海,20.0,,,
2021-02-23,珠海,25.0,,,
2021-02-23,珠海,30.0,,,
2021-02-23,珠海,35.0,,,
2021-02-23,珠海,40.0,,,
2021-02-23,珠海,45.0,,,
2021-02-23,珠海,50.0,,,
2021-02-23,珠海,60.0,,,
2021-02-23,珠海,70.0,,,
2021-02-23,珠海,80.0,,,
2021-02-23,珠海,90.0,,,
2021-02-23,珠海,100.0,,,
2021-02-23,珠海,125.0,,,
2021-02-23,珠海,150.0,,,
2021-02-23,珠海,200.0,,,
2021-02-23,珠海,250.0,,,
2021-02-23,珠海,300.0,,,
2021-02-23,珠海,350.0,,,
2021-02-23,珠海,400.0,,,
2021-02-23,珠海,500.0,,,
2021-02-23,珠海,600.0,,,
2021-02-23,珠海,700.0,,,
2021-02-23,珠海,800.0,,,
2021-02-23,珠海,900.0,,,
2021-02-23,珠海,1000.0,,,
2021-02-23,珠海,1250.0,,,
2021-02-23,珠海,1500.0,,,
2021-02-23,珠海,2000.0,,,
2021-02-23,珠海,2500.0,,,
2021-02-23,珠海,3000.0,,,
2021-02-23,珠海,4000.0,,,
2021-02-23,珠海,5000.0,,,
2021-02-24,珠海,0.0,-0.028,0.055,0.061717
2021-02-24,珠海,2.0,-0.013000000000000001,0.053,0.054571
2021-02-24,珠海,4.0,-0.006,0.053,0.053339
2021-02-24,珠海,6.0,0.0,0.053,0.053
2021-02-24,珠海,8.0,,,
2021-02-24,珠海,10.0,,,
2021-02-24,珠海,12.0,,,
2021-02-24,珠海,15.0,,,
2021-02-24,珠海,20.0,,,
2021-02-24,珠海,25.0,,,
2021-02-24,珠海,30.0,,,
2021-02-24,珠海,35.0,,,
2021-02-24,珠海,40.0,,,
2021-02-24,珠海,45.0,,,
2021-02-24,珠海,50.0,,,
2021-02-24,珠海,60.0,,,
2021-02-24,珠海,70.0,,,
2021-02-24,珠海,80.0,,,
2021-02-24,珠海,90.0,,,
2021-02-24,珠海,100.0,,,
2021-02-24,珠海,125.0,,,
2021-02-24,珠海,150.0,,,
2021-02-24,珠海,200.0,,,
2021-02-24,珠海,250.0,,,
2021-02-24,珠海,300.0,,,
2021-02-24,珠海,350.0,,,
2021-02-24,珠海,400.0,,,
2021-02-24,珠海,500.0,,,
2021-02-24,珠海,600.0,,,
2021-02-24,珠海,700.0,,,
2021-02-24,珠海,800.0,,,
2021-02-24,珠海,900.0,,,
2021-02-24,珠海,1000.0,,,
2021-02-24,珠海,1250.0,,,
2021-02-24,珠海,1500.0,,,
2021-02-24,珠海,2000.0,,,
2021-02-24,珠海,2500.0,,,
2021-02-24,珠海,3000.0,,,
2021-02-24,珠海,4000.0,,,
2021-02-24,珠海,5000.0,,,
2021-02-25,珠海,0.0,-0.012,0.003,0.012369
2021-02-25,珠海,2.0,-0.004,0.001,0.004123
2021-02-25,珠海,4.0,0.001,0.001,0.001414
2021-02-25,珠海,6.0,0.0,0.006,0.006
2021-02-25,珠海,8.0,,,
2021-02-25,珠海,10.0,,,
2021-02-25,珠海,12.0,,,
2021-02-25,珠海,15.0,,,
2021-02-25,珠海,20.0,,,
2021-02-25,珠海,25.0,,,
2021-02-25,珠海,30.0,,,
2021-02-25,珠海,35.0,,,
2021-02-25,珠海,40.0,,,
2021-02-25,珠海,45.0,,,
2021-02-25,珠海,50.0,,,
2021-02-25,珠海,60.0,,,
2021-02-25,珠海,70.0,,,
2021-02-25,珠海,80.0,,,
2021-02-25,珠海,90.0,,,
2021-02-25,珠海,100.0,,,
2021-02-25,珠海,125.0,,,
2021-02-25,珠海,150.0,,,
2021-02-25,珠海,200.0,,,
2021-02-25,珠海,250.0,,,
2021-02-25,珠海,300.0,,,
2021-02-25,珠海,350.0,,,
2021-02-25,珠海,400.0,,,
2021-02-25,珠海,500.0,,,
2021-02-25,珠海,600.0,,,
2021-02-25,珠海,700.0,,,
2021-02-25,珠海,800.0,,,
2021-02-25,珠海,900.0,,,
2021-02-25,珠海,1000.0,,,
2021-02-25,珠海,1250.0,,,
2021-02-25,珠海,1500.0,,,
2021-02-25,珠海,2000.0,,,
2021-02-25,珠海,2500.0,,,
2021-02-25,珠海,3000.0,,,
2021-02-25,珠海,4000.0,,,
2021-02-25,珠海,5000.0,,,
2021-02-26,珠海,0.0,-0.013000000000000001,-0.07,0.071197
2021-02-26,珠海,2.0,-0.005,-0.064,0.064195
2021-02-26,珠海,4.0,0.001,-0.047,0.047011
2021-02-26,珠海,6.0,0.0,-0.03,0.03
2021-02-26,珠海,8.0,,,
2021-02-26,珠海,10.0,,,
2021-02-26,珠海,12.0,,,
2021-02-26,珠海,15.0,,,
2021-02-26,珠海,20.0,,,
2021-02-26,珠海,25.0,,,
2021-02-26,珠海,30.0,,,
2021-02-26,珠海,35.0,,,
2021-02-26,珠海,40.0,,,
2021-02-26,珠海,45.0,,,
2021-02-26,珠海,50.0,,,
2021-02-26,珠海,60.0,,,
2021-02-26,珠海,70.0,,,
2021-02-26,珠海,80.0,,,
2021-02-26,珠海,90.0,,,
2021-02-26,珠海,100.0,,,
2021-02-26,珠海,125.0,,,
2021-02-26,珠海,150.0,,,
2021-02-26,珠海,200.0,,,
2021-02-26,珠海,250.0,,,
2021-02-26,珠海,300.0,,,
2021-02-26,珠海,350.0,,,
2021-02-26,珠海,400.0,,,
2021-02-26,珠海,500.0,,,
2021-02-26,珠海,600.0,,,
2021-02-26,珠海,700.0,,,
2021-02-26,珠海,800.0,,,
2021-02-26,珠海,900.0,,,
2021-02-26,珠海,1000.0,,,
2021-02-26,珠海,1250.0,,,
2021-02-26,珠海,1500.0,,,
2021-02-26,珠海,2000.0,,,
2021-02-26,珠海,2500.0,,,
2021-02-26,珠海,3000.0,,,
2021-02-26,珠海,4000.0,,,
2021-02-26,珠海,5000.0,,,
2021-02-27,珠海,0.0,-0.012,0.019,0.022472
2021-02-27,珠海,2.0,-0.009000000000000001,0.039,0.040025
2021-02-27,珠海,4.0,-0.007,0.058,0.058421
2021-02-27,珠海,6.0,0.0,0.068,0.068
2021-02-27,珠海,8.0,,,
2021-02-27,珠海,10.0,,,
2021-02-27,珠海,12.0,,,
2021-02-27,珠海,15.0,,,
2021-02-27,珠海,20.0,,,
2021-02-27,珠海,25.0,,,
2021-02-27,珠海,30.0,,,
2021-02-27,珠海,35.0,,,
2021-02-27,珠海,40.0,,,
2021-02-27,珠海,45.0,,,
2021-02-27,珠海,50.0,,,
2021-02-27,珠海,60.0,,,
2021-02-27,珠海,70.0,,,
2021-02-27,珠海,80.0,,,
2021-02-27,珠海,90.0,,,
2021-02-27,珠海,100.0,,,
2021-02-27,珠海,125.0,,,
2021-02-27,珠海,150.0,,,
2021-02-27,珠海,200.0,,,
2021-02-27,珠海,250.0,,,
2021-02-27,珠海,300.0,,,
2021-02-27,珠海,350.0,,,
2021-02-27,珠海,400.0,,,
2021-02-27,珠海,500.0,,,
2021-02-27,珠海,600.0,,,
2021-02-27,珠海,700.0,,,
2021-02-27,珠海,800.0,,,
2021-02-27,珠海,900.0,,,
2021-02-27,珠海,1000.0,,,
2021-02-27,珠海,1250.0,,,
2021-02-27,珠海,1500.0,,,
2021-02-27,珠海,2000.0,,,
2021-02-27,珠海,2500.0,,,
2021-02-27,珠海,3000.0,,,
2021-02-27,珠海,4000.0,,,
2021-02-27,珠海,5000.0,,,
2021-02-28,珠海,0.0,-0.017,0.023,0.028601
2021-02-28,珠海,2.0,-0.007,0.027,0.027893
2021-02-28,珠海,4.0,-0.002,0.031,0.031064
2021-02-28,珠海,6.0,0.0,0.034,0.034
2021-02-28,珠海,8.0,,,
2021-02-28,珠海,10.0,,,
2021-02-28,珠海,12.0,,,
2021-02-28,珠海,15.0,,,
2021-02-28,珠海,20.0,,,
2021-02-28,珠海,25.0,,,
2021-02-28,珠海,30.0,,,
2021-02-28,珠海,35.0,,,
2021-02-28,珠海,40.0,,,
2021-02-28,珠海,45.0,,,
2021-02-28,珠海,50.0,,,
2021-02-28,珠海,60.0,,,
2021-02-28,珠海,70.0,,,
2021-02-28,珠海,80.0,,,
2021-02-28,珠海,90.0,,,
2021-02-28,珠海,100.0,,,
2021-02-28,珠海,125.0,,,
2021-02-28,珠海,150.0,,,
2021-02-28,珠海,200.0,,,
2021-02-28,珠海,250.0,,,
2021-02-28,珠海,300.0,,,
2021-02-28,珠海,350.0,,,
2021-02-28,珠海,400.0,,,
2021-02-28,珠海,500.0,,,
2021-02-28,珠海,600.0,,,
2021-02-28,珠海,700.0,,,
2021-02-28,珠海,800.0,,,
2021-02-28,珠海,900.0,,,
2021-02-28,珠海,1000.0,,,
2021-02-28,珠海,1250.0,,,
2021-02-28,珠海,1500.0,,,
2021-02-28,珠海,2000.0,,,
2021-02-28,珠海,2500.0,,,
2021-02-28,珠海,3000.0,,,
2021-02-28,珠海,4000.0,,,
2021-02-28,珠海,5000.0,,,
2021-03-01,珠海,0.0,-0.007,0.032,0.032757
2021-03-01,珠海,2.0,-0.001,0.031,0.031016
2021-03-01,珠海,4.0,0.002,0.032,0.032062
2021-03-01,珠海,6.0,0.0,0.039,0.039
2021-03-01,珠海,8.0,,,
2021-03-01,珠海,10.0,,,
2021-03-01,珠海,12.0,,,
2021-03-01,珠海,15.0,,,
2021-03-01,珠海,20.0,,,
2021-03-01,珠海,25.0,,,
2021-03-01,珠海,30.0,,,
2021-03-01,珠海,35.0,,,
2021-03-01,珠海,40.0,,,
2021-03-01,珠海,45.0,,,
2021-03-01,珠海,50.0,,,
2021-03-01,珠海,60.0,,,
2021-03-01,珠海,70.0,,,
2021-03-01,珠海,80.0,,,
2021-03-01,珠海,90.0,,,
2021-03-01,珠海,100.0,,,
2021-03-01,珠海,125.0,,,
2021-03-01,珠海,150.0,,,
2021-03-01,珠海,200.0,,,
2021-03-01,珠海,250.0,,,
2021-03-01,珠海,300.0,,,
2021-03-01,珠海,350.0,,,
2021-03-01,珠海,400.0,,,
2021-03-01,珠海,500.0,,,
2021-03-01,珠海,600.0,,,
2021-03-01,珠海,700.0,,,
2021-03-01,珠海,800.0,,,
2021-03-01,珠海,900.0,,,
2021-03-01,珠海,1000.0,,,
2021-03-01,珠海,1250.0,,,
2021-03-01,珠海,1500.0,,,
2021-03-01,珠海,2000.0,,,
2021-03-01,珠海,2500.0,,,
2021-03-01,珠海,3000.0,,,
2021-03-01,珠海,4000.0,,,
2021-03-01,珠海,5000.0,,,
2021-03-02,珠海,0.0,-0.013000000000000001,-0.14400000000000002,0.144586
2021-03-02,珠海,2.0,-0.008,-0.096,0.096333
2021-03-02,珠海,4.0,-0.005,-0.064,0.064195
2021-03-02,珠海,6.0,0.0,-0.043000000000000003,0.043
2021-03-02,珠海,8.0,,,
2021-03-02,珠海,10.0,,,
2021-03-02,珠海,12.0,,,
2021-03-02,珠海,15.0,,,
2021-03-02,珠海,20.0,,,
2021-03-02,珠海,25.0,,,
2021-03-02,珠海,30.0,,,
2021-03-02,珠海,35.0,,,
2021-03-02,珠海,40.0,,,
2021-03-02,珠海,45.0,,,
2021-03-02,珠海,50.0,,,
2021-03-02,珠海,60.0,,,
2021-03-02,珠海,70.0,,,
2021-03-02,珠海,80.0,,,
2021-03-02,珠海,90.0,,,
2021-03-02,珠海,100.0,,,
2021-03-02,珠海,125.0,,,
2021-03-02,珠海,150.0,,,
2021-03-02,珠海,200.0,,,
2021-03-02,珠海,250.0,,,
2021-03-02,珠海,300.0,,,
2021-03-02,珠海,350.0,,,
2021-03-02,珠海,400.0,,,
2021-03-02,珠海,500.0,,,
2021-03-02,珠海,600.0,,,
2021-03-02,珠海,700.0,,,
2021-03-02,珠海,800.0,,,
2021-03-02,珠海,900.0,,,
2021-03-02,珠海,1000.0,,,
2021-03-02,珠海,1250.0,,,
2021-03-02,珠海,1500.0,,,
2021-03-02,珠海,2000.0,,,
2021-03-02,珠海,2500.0,,,
2021-03-02,珠海,3000.0,,,
2021-03-02,珠海,4000.0,,,
2021-03-02,珠海,5000.0,,,
2021-03-03,珠海,0.0,-0.022,0.077,0.080081
2021-03-03,珠海,2.0,-0.012,0.091,0.091788
2021-03-03,珠海,4.0,-0.008,0.097,0.097329
2021-03-03,珠海,6.0,0.0,0.1,0.1
2021-03-03,珠海,8.0,,,
2021-03-03,珠海,10.0,,,
2021-03-03,珠海,12.0,,,
2021-03-03,珠海,15.0,,,
2021-03-03,珠海,20.0,,,
2021-03-03,珠海,25.0,,,
2021-03-03,珠海,30.0,,,
2021-03-03,珠海,35.0,,,
2021-03-03,珠海,40.0,,,
2021-03-03,珠海,45.0,,,
2021-03-03,珠海,50.0,,,
2021-03-03,珠海,60.0,,,
2021-03-03,珠海,70.0,,,
2021-03-03,珠海,80.0,,,
2021-03-03,珠海,90.0,,,
2021-03-03,珠海,100.0,,,
2021-03-03,珠海,125.0,,,
2021-03-03,珠海,150.0,,,
2021-03-03,珠海,200.0,,,
2021-03-03,珠海,250.0,,,
2021-03-03,珠海,300.0,,,
2021-03-03,珠海,350.0,,,
2021-03-03,珠海,400.0,,,
2021-03-03,珠海,500.0,,,
2021-03-03,珠海,600.0,,,
2021-03-03,珠海,700.0,,,
2021-03-03,珠海,800.0,,,
2021-03-03,珠海,900.0,,,
2021-03-03,珠海,1000.0,,,
2021-03-03,珠海,1250.0,,,
2021-03-03,珠海,1500.0,,,
2021-03-03,珠海,2000.0,,,
2021-03-03,珠海,2500.0,,,
2021-03-03,珠海,3000.0,,,
2021-03-03,珠海,4000.0,,,
2021-03-03,珠海,5000.0,,,
2021-03-04,珠海,0.0,-0.012,-0.033,0.035114
2021-03-04,珠海,2.0,-0.007,-0.026000000000000002,0.026926
2021-03-04,珠海,4.0,-0.004,-0.017,0.017464
2021-03-04,珠海,6.0,0.0,-0.005,0.005
2021-03-04,珠海,8.0,,,
2021-03-04,珠海,10.0,,,
2021-03-04,珠海,12.0,,,
2021-03-04,珠海,15.0,,,
2021-03-04,珠海,20.0,,,
2021-03-04,珠海,25.0,,,
2021-03-04,珠海,30.0,,,
2021-03-04,珠海,35.0,,,
2021-03-04,珠海,40.0,,,
2021-03-04,珠海,45.0,,,
2021-03-04,珠海,50.0,,,
2021-03-04,珠海,60.0,,,
2021-03-04,珠海,70.0,,,
2021-03-04,珠海,80.0,,,
2021-03-04,珠海,90.0,,,
2021-03-04,珠海,100.0,,,
2021-03-04,珠海,125.0,,,
2021-03-04,珠海,150.0,,,
2021-03-04,珠海,200.0,,,
2021-03-04,珠海,250.0,,,
2021-03-04,珠海,300.0,,,
2021-03-04,珠海,350.0,,,
2021-03-04,珠海,400.0,,,
2021-03-04,珠海,500.0,,,
2021-03-04,珠海,600.0,,,
2021-03-04,珠海,700.0,,,
2021-03-04,珠海,800.0,,,
2021-03-04,珠海,900.0,,,
2021-03-04,珠海,1000.0,,,
2021-03-04,珠海,1250.0,,,
2021-03-04,珠海,1500.0,,,
2021-03-04,珠海,2000.0,,,
2021-03-04,珠海,2500.0,,,
2021-03-04,珠海,3000.0,,,
2021-03-04,珠海,4000.0,,,
2021-03-04,珠海,5000.0,,,
2021-03-05,珠海,0.0,-0.008,0.064,0.064498
2021-03-05,珠海,2.0,-0.002,0.063,0.063032
2021-03-05,珠海,4.0,0.001,0.066,0.066008
2021-03-05,珠海,6.0,0.0,0.067,0.067
2021-03-05,珠海,8.0,,,
2021-03-05,珠海,10.0,,,
2021-03-05,珠海,12.0,,,
2021-03-05,珠海,15.0,,,
2021-03-05,珠海,20.0,,,
2021-03-05,珠海,25.0,,,
2021-03-05,珠海,30.0,,,
2021-03-05,珠海,35.0,,,
2021-03-05,珠海,40.0,,,
2021-03-05,珠海,45.0,,,
2021-03-05,珠海,50.0,,,
2021-03-05,珠海,60.0,,,
2021-03-05,珠海,70.0,,,
2021-03-05,珠海,80.0,,,
2021-03-05,珠海,90.0,,,
2021-03-05,珠海,100.0,,,
2021-03-05,珠海,125.0,,,
2021-03-05,珠海,150.0,,,
2021-03-05,珠海,200.0,,,
2021-03-05,珠海,250.0,,,
2021-03-05,珠海,300.0,,,
2021-03-05,珠海,350.0,,,
2021-03-05,珠海,400.0,,,
2021-03-05,珠海,500.0,,,
2021-03-05,珠海,600.0,,,
2021-03-05,珠海,700.0,,,
2021-03-05,珠海,800.0,,,
2021-03-05,珠海,900.0,,,
2021-03-05,珠海,1000.0,,,
2021-03-05,珠海,1250.0,,,
2021-03-05,珠海,1500.0,,,
2021-03-05,珠海,2000.0,,,
2021-03-05,珠海,2500.0,,,
2021-03-05,珠海,3000.0,,,
2021-03-05,珠海,4000.0,,,
2021-03-05,珠海,5000.0,,,
2021-03-06,珠海,0.0,-0.004,-0.028,0.028284
2021-03-06,珠海,2.0,0.002,-0.034,0.034059
2021-03-06,珠海,4.0,0.003,-0.025,0.025179
2021-03-06,珠海,6.0,0.0,0.003,0.003
2021-03-06,珠海,8.0,,,
2021-03-06,珠海,10.0,,,
2021-03-06,珠海,12.0,,,
2021-03-06,珠海,15.0,,,
2021-03-06,珠海,20.0,,,
2021-03-06,珠海,25.0,,,
2021-03-06,珠海,30.0,,,
2021-03-06,珠海,35.0,,,
2021-03-06,珠海,40.0,,,
2021-03-06,珠海,45.0,,,
2021-03-06,珠海,50.0,,,
2021-03-06,珠海,60.0,,,
2021-03-06,珠海,70.0,,,
2021-03-06,珠海,80.0,,,
2021-03-06,珠海,90.0,,,
2021-03-06,珠海,100.0,,,
2021-03-06,珠海,125.0,,,
2021-03-06,珠海,150.0,,,
2021-03-06,珠海,200.0,,,
2021-03-06,珠海,250.0,,,
2021-03-06,珠海,300.0,,,
2021-03-06,珠海,350.0,,,
2021-03-06,珠海,400.0,,,
2021-03-06,珠海,500.0,,,
2021-03-06,珠海,600.0,,,
2021-03-06,珠海,700.0,,,
2021-03-06,珠海,800.0,,,
2021-03-06,珠海,900.0,,,
2021-03-06,珠海,1000.0,,,
2021-03-06,珠海,1250.0,,,
2021-03-06,珠海,1500.0,,,
2021-03-06,珠海,2000.0,,,
2021-03-06,珠海,2500.0,,,
2021-03-06,珠海,3000.0,,,
2021-03-06,珠海,4000.0,,,
2021-03-06,珠海,5000.0,,,
2021-03-07,珠海,0.0,-0.009000000000000001,0.045,0.045891
2021-03-07,珠海,2.0,-0.005,0.058,0.058215
2021-03-07,珠海,4.0,-0.001,0.076,0.076007
2021-03-07,珠海,6.0,0.0,0.099,0.099
2021-03-07,珠海,8.0,,,
2021-03-07,珠海,10.0,,,
2021-03-07,珠海,12.0,,,
2021-03-07,珠海,15.0,,,
2021-03-07,珠海,20.0,,,
2021-03-07,珠海,25.0,,,
2021-03-07,珠海,30.0,,,
2021-03-07,珠海,35.0,,,
2021-03-07,珠海,40.0,,,
2021-03-07,珠海,45.0,,,
2021-03-07,珠海,50.0,,,
2021-03-07,珠海,60.0,,,
2021-03-07,珠海,70.0,,,
2021-03-07,珠海,80.0,,,
2021-03-07,珠海,90.0,,,
2021-03-07,珠海,100.0,,,
2021-03-07,珠海,125.0,,,
2021-03-07,珠海,150.0,,,
2021-03-07,珠海,200.0,,,
2021-03-07,珠海,250.0,,,
2021-03-07,珠海,300.0,,,
2021-03-07,珠海,350.0,,,
2021-03-07,珠海,400.0,,,
2021-03-07,珠海,500.0,,,
2021-03-07,珠海,600.0,,,
2021-03-07,珠海,700.0,,,
2021-03-07,珠海,800.0,,,
2021-03-07,珠海,900.0,,,
2021-03-07,珠海,1000.0,,,
2021-03-07,珠海,1250.0,,,
2021-03-07,珠海,1500.0,,,
2021-03-07,珠海,2000.0,,,
2021-03-07,珠海,2500.0,,,
2021-03-07,珠海,3000.0,,,
2021-03-07,珠海,4000.0,,,
2021-03-07,珠海,5000.0,,,
2021-03-08,珠海,0.0,-0.015,0.034,0.037162
2021-03-08,珠海,2.0,-0.008,0.045,0.045706
2021-03-08,珠海,4.0,-0.004,0.053,0.053151
2021-03-08,珠海,6.0,0.0,0.06,0.06
2021-03-08,珠海,8.0,,,
2021-03-08,珠海,10.0,,,
2021-03-08,珠海,12.0,,,
2021-03-08,珠海,15.0,,,
2021-03-08,珠海,20.0,,,
2021-03-08,珠海,25.0,,,
2021-03-08,珠海,30.0,,,
2021-03-08,珠海,35.0,,,
2021-03-08,珠海,40.0,,,
2021-03-08,珠海,45.0,,,
2021-03-08,珠海,50.0,,,
2021-03-08,珠海,60.0,,,
2021-03-08,珠海,70.0,,,
2021-03-08,珠海,80.0,,,
2021-03-08,珠海,90.0,,,
2021-03-08,珠海,100.0,,,
2021-03-08,珠海,125.0,,,
2021-03-08,珠海,150.0,,,
2021-03-08,珠海,200.0,,,
2021-03-08,珠海,250.0,,,
2021-03-08,珠海,300.0,,,
2021-03-08,珠海,350.0,,,
2021-03-08,珠海,400.0,,,
2021-03-08,珠海,500.0,,,
2021-03-08,珠海,600.0,,,
2021-03-08,珠海,700.0,,,
2021-03-08,珠海,800.0,,,
2021-03-08,珠海,900.0,,,
2021-03-08,珠海,1000.0,,,
2021-03-08,珠海,1250.0,,,
2021-03-08,珠海,1500.0,,,
2021-03-08,珠海,2000.0,,,
2021-03-08,珠海,2500.0,,,
2021-03-08,珠海,3000.0,,,
2021-03-08,珠海,4000.0,,,
2021-03-08,珠海,5000.0,,,
2021-03-09,珠海,0.0,-0.013000000000000001,0.005,0.013928
2021-03-09,珠海,2.0,-0.006,0.011,0.01253
2021-03-09,珠海,4.0,-0.002,0.019,0.019105
2021-03-09,珠海,6.0,0.0,0.029,0.029
2021-03-09,珠海,8.0,,,
2021-03-09,珠海,10.0,,,
2021-03-09,珠海,12.0,,,
2021-03-09,珠海,15.0,,,
2021-03-09,珠海,20.0,,,
2021-03-09,珠海,25.0,,,
2021-03-09,珠海,30.0,,,
2021-03-09,珠海,35.0,,,
2021-03-09,珠海,40.0,,,
2021-03-09,珠海,45.0,,,
2021-03-09,珠海,50.0,,,
2021-03-09,珠海,60.0,,,
2021-03-09,珠海,70.0,,,
2021-03-09,珠海,80.0,,,
2021-03-09,珠海,90.0,,,
2021-03-09,珠海,100.0,,,
2021-03-09,珠海,125.0,,,
2021-03-09,珠海,150.0,,,
2021-03-09,珠海,200.0,,,
2021-03-09,珠海,250.0,,,
2021-03-09,珠海,300.0,,,
2021-03-09,珠海,350.0,,,
2021-03-09,珠海,400.0,,,
2021-03-09,珠海,500.0,,,
2021-03-09,珠海,600.0,,,
2021-03-09,珠海,700.0,,,
2021-03-09,珠海,800.0,,,
2021-03-09,珠海,900.0,,,
2021-03-09,珠海,1000.0,,,
2021-03-09,珠海,1250.0,,,
2021-03-09,珠海,1500.0,,,
2021-03-09,珠海,2000.0,,,
2021-03-09,珠海,2500.0,,,
2021-03-09,珠海,3000.0,,,
2021-03-09,珠海,4000.0,,,
2021-03-09,珠海,5000.0,,,
2021-03-10,珠海,0.0,-0.026000000000000002,0.069,0.073736
2021-03-10,珠海,2.0,-0.013000000000000001,0.076,0.077104
2021-03-10,珠海,4.0,-0.007,0.082,0.082298
2021-03-10,珠海,6.0,0.0,0.08700000000000001,0.087
2021-03-10,珠海,8.0,,,
2021-03-10,珠海,10.0,,,
2021-03-10,珠海,12.0,,,
2021-03-10,珠海,15.0,,,
2021-03-10,珠海,20.0,,,
2021-03-10,珠海,25.0,,,
2021-03-10,珠海,30.0,,,
2021-03-10,珠海,35.0,,,
2021-03-10,珠海,40.0,,,
2021-03-10,珠海,45.0,,,
2021-03-10,珠海,50.0,,,
2021-03-10,珠海,60.0,,,
2021-03-10,珠海,70.0,,,
2021-03-10,珠海,80.0,,,
2021-03-10,珠海,90.0,,,
2021-03-10,珠海,100.0,,,
2021-03-10,珠海,125.0,,,
2021-03-10,珠海,150.0,,,
2021-03-10,珠海,200.0,,,
2021-03-10,珠海,250.0,,,
2021-03-10,珠海,300.0,,,
2021-03-10,珠海,350.0,,,
2021-03-10,珠海,400.0,,,
2021-03-10,珠海,500.0,,,
2021-03-10,珠海,600.0,,,
2021-03-10,珠海,700.0,,,
2021-03-10,珠海,800.0,,,
2021-03-10,珠海,900.0,,,
2021-03-10,珠海,1000.0,,,
2021-03-10,珠海,1250.0,,,
2021-03-10,珠海,1500.0,,,
2021-03-10,珠海,2000.0,,,
2021-03-10,珠海,2500.0,,,
2021-03-10,珠海,3000.0,,,
2021-03-10,珠海,4000.0,,,
2021-03-10,珠海,5000.0,,,
2021-03-11,珠海,0.0,-0.02,-0.052000000000000005,0.055714
2021-03-11,珠海,2.0,-0.009000000000000001,-0.04,0.041
2021-03-11,珠海,4.0,-0.003,-0.028,0.02816
2021-03-11,珠海,6.0,0.0,-0.012,0.012
2021-03-11,珠海,8.0,,,
2021-03-11,珠海,10.0,,,
2021-03-11,珠海,12.0,,,
2021-03-11,珠海,15.0,,,
2021-03-11,珠海,20.0,,,
2021-03-11,珠海,25.0,,,
2021-03-11,珠海,30.0,,,
2021-03-11,珠海,35.0,,,
2021-03-11,珠海,40.0,,,
2021-03-11,珠海,45.0,,,
2021-03-11,珠海,50.0,,,
2021-03-11,珠海,60.0,,,
2021-03-11,珠海,70.0,,,
2021-03-11,珠海,80.0,,,
2021-03-11,珠海,90.0,,,
2021-03-11,珠海,100.0,,,
2021-03-11,珠海,125.0,,,
2021-03-11,珠海,150.0,,,
2021-03-11,珠海,200.0,,,
2021-03-11,珠海,250.0,,,
2021-03-11,珠海,300.0,,,
2021-03-11,珠海,350.0,,,
2021-03-11,珠海,400.0,,,
2021-03-11,珠海,500.0,,,
2021-03-11,珠海,600.0,,,
2021-03-11,珠海,700.0,,,
2021-03-11,珠海,800.0,,,
2021-03-11,珠海,900.0,,,
2021-03-11,珠海,1000.0,,,
2021-03-11,珠海,1250.0,,,
2021-03-11,珠海,1500.0,,,
2021-03-11,珠海,2000.0,,,
2021-03-11,珠海,2500.0,,,
2021-03-11,珠海,3000.0,,,
2021-03-11,珠海,4000.0,,,
2021-03-11,珠海,5000.0,,,
2021-03-12,珠海,0.0,-0.006,-0.097,0.097185
2021-03-12,珠海,2.0,-0.002,-0.081,0.081025
2021-03-12,珠海,4.0,0.001,-0.055,0.055009
2021-03-12,珠海,6.0,0.0,-0.03,0.03
2021-03-12,珠海,8.0,,,
2021-03-12,珠海,10.0,,,
2021-03-12,珠海,12.0,,,
2021-03-12,珠海,15.0,,,
2021-03-12,珠海,20.0,,,
2021-03-12,珠海,25.0,,,
2021-03-12,珠海,30.0,,,
2021-03-12,珠海,35.0,,,
2021-03-12,珠海,40.0,,,
2021-03-12,珠海,45.0,,,
2021-03-12,珠海,50.0,,,
2021-03-12,珠海,60.0,,,
2021-03-12,珠海,70.0,,,
2021-03-12,珠海,80.0,,,
2021-03-12,珠海,90.0,,,
2021-03-12,珠海,100.0,,,
2021-03-12,珠海,125.0,,,
2021-03-12,珠海,150.0,,,
2021-03-12,珠海,200.0,,,
2021-03-12,珠海,250.0,,,
2021-03-12,珠海,300.0,,,
2021-03-12,珠海,350.0,,,
2021-03-12,珠海,400.0,,,
2021-03-12,珠海,500.0,,,
2021-03-12,珠海,600.0,,,
2021-03-12,珠海,700.0,,,
2021-03-12,珠海,800.0,,,
2021-03-12,珠海,900.0,,,
2021-03-12,珠海,1000.0,,,
2021-03-12,珠海,1250.0,,,
2021-03-12,珠海,1500.0,,,
2021-03-12,珠海,2000.0,,,
2021-03-12,珠海,2500.0,,,
2021-03-12,珠海,3000.0,,,
2021-03-12,珠海,4000.0,,,
2021-03-12,珠海,5000.0,,,
2021-03-13,珠海,0.0,-0.018000000000000002,0.07100000000000001,0.073246
2021-03-13,珠海,2.0,-0.009000000000000001,0.077,0.077524
2021-03-13,珠海,4.0,-0.004,0.083,0.083096
2021-03-13,珠海,6.0,0.0,0.08700000000000001,0.087
2021-03-13,珠海,8.0,,,
2021-03-13,珠海,10.0,,,
2021-03-13,珠海,12.0,,,
2021-03-13,珠海,15.0,,,
2021-03-13,珠海,20.0,,,
2021-03-13,珠海,25.0,,,
2021-03-13,珠海,30.0,,,
2021-03-13,珠海,35.0,,,
2021-03-13,珠海,40.0,,,
2021-03-13,珠海,45.0,,,
2021-03-13,珠海,50.0,,,
2021-03-13,珠海,60.0,,,
2021-03-13,珠海,70.0,,,
2021-03-13,珠海,80.0,,,
2021-03-13,珠海,90.0,,,
2021-03-13,珠海,100.0,,,
2021-03-13,珠海,125.0,,,
2021-03-13,珠海,150.0,,,
2021-03-13,珠海,200.0,,,
2021-03-13,珠海,250.0,,,
2021-03-13,珠海,300.0,,,
2021-03-13,珠海,350.0,,,
2021-03-13,珠海,400.0,,,
2021-03-13,珠海,500.0,,,
2021-03-13,珠海,600.0,,,
2021-03-13,珠海,700.0,,,
2021-03-13,珠海,800.0,,,
2021-03-13,珠海,900.0,,,
2021-03-13,珠海,1000.0,,,
2021-03-13,珠海,1250.0,,,
2021-03-13,珠海,1500.0,,,
2021-03-13,珠海,2000.0,,,
2021-03-13,珠海,2500.0,,,
2021-03-13,珠海,3000.0,,,
2021-03-13,珠海,4000.0,,,
2021-03-13,珠海,5000.0,,,
2021-03-14,珠海,0.0,-0.008,0.007,0.01063
2021-03-14,珠海,2.0,-0.003,0.013000000000000001,0.013342
2021-03-14,珠海,4.0,0.001,0.022,0.022023
2021-03-14,珠海,6.0,0.0,0.036000000000000004,0.036
2021-03-14,珠海,8.0,,,
2021-03-14,珠海,10.0,,,
2021-03-14,珠海,12.0,,,
2021-03-14,珠海,15.0,,,
2021-03-14,珠海,20.0,,,
2021-03-14,珠海,25.0,,,
2021-03-14,珠海,30.0,,,
2021-03-14,珠海,35.0,,,
2021-03-14,珠海,40.0,,,
2021-03-14,珠海,45.0,,,
2021-03-14,珠海,50.0,,,
2021-03-14,珠海,60.0,,,
2021-03-14,珠海,70.0,,,
2021-03-14,珠海,80.0,,,
2021-03-14,珠海,90.0,,,
2021-03-14,珠海,100.0,,,
2021-03-14,珠海,125.0,,,
2021-03-14,珠海,150.0,,,
2021-03-14,珠海,200.0,,,
2021-03-14,珠海,250.0,,,
2021-03-14,珠海,300.0,,,
2021-03-14,珠海,350.0,,,
2021-03-14,珠海,400.0,,,
2021-03-14,珠海,500.0,,,
2021-03-14,珠海,600.0,,,
2021-03-14,珠海,700.0,,,
2021-03-14,珠海,800.0,,,
2021-03-14,珠海,900.0,,,
2021-03-14,珠海,1000.0,,,
2021-03-14,珠海,1250.0,,,
2021-03-14,珠海,1500.0,,,
2021-03-14,珠海,2000.0,,,
2021-03-14,珠海,2500.0,,,
2021-03-14,珠海,3000.0,,,
2021-03-14,珠海,4000.0,,,
2021-03-14,珠海,5000.0,,,
2021-03-15,珠海,0.0,-0.01,-0.02,0.022361
2021-03-15,珠海,2.0,-0.003,-0.018000000000000002,0.018248
2021-03-15,珠海,4.0,0.001,-0.012,0.012042
2021-03-15,珠海,6.0,0.0,0.0,0.0
2021-03-15,珠海,8.0,,,
2021-03-15,珠海,10.0,,,
2021-03-15,珠海,12.0,,,
2021-03-15,珠海,15.0,,,
2021-03-15,珠海,20.0,,,
2021-03-15,珠海,25.0,,,
2021-03-15,珠海,30.0,,,
2021-03-15,珠海,35.0,,,
2021-03-15,珠海,40.0,,,
2021-03-15,珠海,45.0,,,
2021-03-15,珠海,50.0,,,
2021-03-15,珠海,60.0,,,
2021-03-15,珠海,70.0,,,
2021-03-15,珠海,80.0,,,
2021-03-15,珠海,90.0,,,
2021-03-15,珠海,100.0,,,
2021-03-15,珠海,125.0,,,
2021-03-15,珠海,150.0,,,
2021-03-15,珠海,200.0,,,
2021-03-15,珠海,250.0,,,
2021-03-15,珠海,300.0,,,
2021-03-15,珠海,350.0,,,
2021-03-15,珠海,400.0,,,
2021-03-15,珠海,500.0,,,
2021-03-15,珠海,600.0,,,
2021-03-15,珠海,700.0,,,
2021-03-15,珠海,800.0,,,
2021-03-15,珠海,900.0,,,
2021-03-15,珠海,1000.0,,,
2021-03-15,珠海,1250.0,,,
2021-03-15,珠海,1500.0,,,
2021-03-15,珠海,2000.0,,,
2021-03-15,珠海,2500.0,,,
2021-03-15,珠海,3000.0,,,
2021-03-15,珠海,4000.0,,,
2021-03-15,珠海,5000.0,,,
2021-03-16,珠海,0.0,-0.009000000000000001,-0.015,0.017493
2021-03-16,珠海,2.0,-0.003,-0.009000000000000001,0.009487
2021-03-16,珠海,4.0,0.001,0.0,0.001
2021-03-16,珠海,6.0,0.0,0.009000000000000001,0.009
2021-03-16,珠海,8.0,,,
2021-03-16,珠海,10.0,,,
2021-03-16,珠海,12.0,,,
2021-03-16,珠海,15.0,,,
2021-03-16,珠海,20.0,,,
2021-03-16,珠海,25.0,,,
2021-03-16,珠海,30.0,,,
2021-03-16,珠海,35.0,,,
2021-03-16,珠海,40.0,,,
2021-03-16,珠海,45.0,,,
2021-03-16,珠海,50.0,,,
2021-03-16,珠海,60.0,,,
2021-03-16,珠海,70.0,,,
2021-03-16,珠海,80.0,,,
2021-03-16,珠海,90.0,,,
2021-03-16,珠海,100.0,,,
2021-03-16,珠海,125.0,,,
2021-03-16,珠海,150.0,,,
2021-03-16,珠海,200.0,,,
2021-03-16,珠海,250.0,,,
2021-03-16,珠海,300.0,,,
2021-03-16,珠海,350.0,,,
2021-03-16,珠海,400.0,,,
2021-03-16,珠海,500.0,,,
2021-03-16,珠海,600.0,,,
2021-03-16,珠海,700.0,,,
2021-03-16,珠海,800.0,,,
2021-03-16,珠海,900.0,,,
2021-03-16,珠海,1000.0,,,
2021-03-16,珠海,1250.0,,,
2021-03-16,珠海,1500.0,,,
2021-03-16,珠海,2000.0,,,
2021-03-16,珠海,2500.0,,,
2021-03-16,珠海,3000.0,,,
2021-03-16,珠海,4000.0,,,
2021-03-16,珠海,5000.0,,,
2021-03-17,珠海,0.0,-0.008,-0.003,0.008544
2021-03-17,珠海,2.0,-0.002,0.01,0.010198
2021-03-17,珠海,4.0,-0.001,0.033,0.033015
2021-03-17,珠海,6.0,0.0,0.057,0.057
2021-03-17,珠海,8.0,,,
2021-03-17,珠海,10.0,,,
2021-03-17,珠海,12.0,,,
2021-03-17,珠海,15.0,,,
2021-03-17,珠海,20.0,,,
2021-03-17,珠海,25.0,,,
2021-03-17,珠海,30.0,,,
2021-03-17,珠海,35.0,,,
2021-03-17,珠海,40.0,,,
2021-03-17,珠海,45.0,,,
2021-03-17,珠海,50.0,,,
2021-03-17,珠海,60.0,,,
2021-03-17,珠海,70.0,,,
2021-03-17,珠海,80.0,,,
2021-03-17,珠海,90.0,,,
2021-03-17,珠海,100.0,,,
2021-03-17,珠海,125.0,,,
2021-03-17,珠海,150.0,,,
2021-03-17,珠海,200.0,,,
2021-03-17,珠海,250.0,,,
2021-03-17,珠海,300.0,,,
2021-03-17,珠海,350.0,,,
2021-03-17,珠海,400.0,,,
2021-03-17,珠海,500.0,,,
2021-03-17,珠海,600.0,,,
2021-03-17,珠海,700.0,,,
2021-03-17,珠海,800.0,,,
2021-03-17,珠海,900.0,,,
2021-03-17,珠海,1000.0,,,
2021-03-17,珠海,1250.0,,,
2021-03-17,珠海,1500.0,,,
2021-03-17,珠海,2000.0,,,
2021-03-17,珠海,2500.0,,,
2021-03-17,珠海,3000.0,,,
2021-03-17,珠海,4000.0,,,
2021-03-17,珠海,5000.0,,,
2021-03-18,珠海,0.0,-0.004,0.037,0.037216
2021-03-18,珠海,2.0,0.001,0.036000000000000004,0.036014
2021-03-18,珠海,4.0,0.005,0.04,0.040311
2021-03-18,珠海,6.0,0.0,0.052000000000000005,0.052
2021-03-18,珠海,8.0,,,
2021-03-18,珠海,10.0,,,
2021-03-18,珠海,12.0,,,
2021-03-18,珠海,15.0,,,
2021-03-18,珠海,20.0,,,
2021-03-18,珠海,25.0,,,
2021-03-18,珠海,30.0,,,
2021-03-18,珠海,35.0,,,
2021-03-18,珠海,40.0,,,
2021-03-18,珠海,45.0,,,
2021-03-18,珠海,50.0,,,
2021-03-18,珠海,60.0,,,
2021-03-18,珠海,70.0,,,
2021-03-18,珠海,80.0,,,
2021-03-18,珠海,90.0,,,
2021-03-18,珠海,100.0,,,
2021-03-18,珠海,125.0,,,
2021-03-18,珠海,150.0,,,
2021-03-18,珠海,200.0,,,
2021-03-18,珠海,250.0,,,
2021-03-18,珠海,300.0,,,
2021-03-18,珠海,350.0,,,
2021-03-18,珠海,400.0,,,
2021-03-18,珠海,500.0,,,
2021-03-18,珠海,600.0,,,
2021-03-18,珠海,700.0,,,
2021-03-18,珠海,800.0,,,
2021-03-18,珠海,900.0,,,
2021-03-18,珠海,1000.0,,,
2021-03-18,珠海,1250.0,,,
2021-03-18,珠海,1500.0,,,
2021-03-18,珠海,2000.0,,,
2021-03-18,珠海,2500.0,,,
2021-03-18,珠海,3000.0,,,
2021-03-18,珠海,4000.0,,,
2021-03-18,珠海,5000.0,,,
2021-03-19,珠海,0.0,-0.004,-0.054,0.054148
2021-03-19,珠海,2.0,0.002,-0.055,0.055036
2021-03-19,珠海,4.0,0.005,-0.044,0.044283
2021-03-19,珠海,6.0,0.0,-0.015,0.015
2021-03-19,珠海,8.0,,,
2021-03-19,珠海,10.0,,,
2021-03-19,珠海,12.0,,,
2021-03-19,珠海,15.0,,,
2021-03-19,珠海,20.0,,,
2021-03-19,珠海,25.0,,,
2021-03-19,珠海,30.0,,,
2021-03-19,珠海,35.0,,,
2021-03-19,珠海,40.0,,,
2021-03-19,珠海,45.0,,,
2021-03-19,珠海,50.0,,,
2021-03-19,珠海,60.0,,,
2021-03-19,珠海,70.0,,,
2021-03-19,珠海,80.0,,,
2021-03-19,珠海,90.0,,,
2021-03-19,珠海,100.0,,,
2021-03-19,珠海,125.0,,,
2021-03-19,珠海,150.0,,,
2021-03-19,珠海,200.0,,,
2021-03-19,珠海,250.0,,,
2021-03-19,珠海,300.0,,,
2021-03-19,珠海,350.0,,,
2021-03-19,珠海,400.0,,,
2021-03-19,珠海,500.0,,,
2021-03-19,珠海,600.0,,,
2021-03-19,珠海,700.0,,,
2021-03-19,珠海,800.0,,,
2021-03-19,珠海,900.0,,,
2021-03-19,珠海,1000.0,,,
2021-03-19,珠海,1250.0,,,
2021-03-19,珠海,1500.0,,,
2021-03-19,珠海,2000.0,,,
2021-03-19,珠海,2500.0,,,
2021-03-19,珠海,3000.0,,,
2021-03-19,珠海,4000.0,,,
2021-03-19,珠海,5000.0,,,
2021-03-20,珠海,0.0,-0.011,-0.053,0.054129
2021-03-20,珠海,2.0,-0.002,-0.043000000000000003,0.043046
2021-03-20,珠海,4.0,0.0,-0.012,0.012
2021-03-20,珠海,6.0,0.0,0.025,0.025
2021-03-20,珠海,8.0,,,
2021-03-20,珠海,10.0,,,
2021-03-20,珠海,12.0,,,
2021-03-20,珠海,15.0,,,
2021-03-20,珠海,20.0,,,
2021-03-20,珠海,25.0,,,
2021-03-20,珠海,30.0,,,
2021-03-20,珠海,35.0,,,
2021-03-20,珠海,40.0,,,
2021-03-20,珠海,45.0,,,
2021-03-20,珠海,50.0,,,
2021-03-20,珠海,60.0,,,
2021-03-20,珠海,70.0,,,
2021-03-20,珠海,80.0,,,
2021-03-20,珠海,90.0,,,
2021-03-20,珠海,100.0,,,
2021-03-20,珠海,125.0,,,
2021-03-20,珠海,150.0,,,
2021-03-20,珠海,200.0,,,
2021-03-20,珠海,250.0,,,
2021-03-20,珠海,300.0,,,
2021-03-20,珠海,350.0,,,
2021-03-20,珠海,400.0,,,
2021-03-20,珠海,500.0,,,
2021-03-20,珠海,600.0,,,
2021-03-20,珠海,700.0,,,
2021-03-20,珠海,800.0,,,
2021-03-20,珠海,900.0,,,
2021-03-20,珠海,1000.0,,,
2021-03-20,珠海,1250.0,,,
2021-03-20,珠海,1500.0,,,
2021-03-20,珠海,2000.0,,,
2021-03-20,珠海,2500.0,,,
2021-03-20,珠海,3000.0,,,
2021-03-20,珠海,4000.0,,,
2021-03-20,珠海,5000.0,,,
2021-03-23,珠海,0.0,-0.009000000000000001,-0.022,0.02377
2021-03-23,珠海,2.0,-0.004,0.0,0.004
2021-03-23,珠海,4.0,-0.001,0.018000000000000002,0.018028
2021-03-23,珠海,6.0,0.0,0.029,0.029
2021-03-23,珠海,8.0,,,
2021-03-23,珠海,10.0,,,
2021-03-23,珠海,12.0,,,
2021-03-23,珠海,15.0,,,
2021-03-23,珠海,20.0,,,
2021-03-23,珠海,25.0,,,
2021-03-23,珠海,30.0,,,
2021-03-23,珠海,35.0,,,
2021-03-23,珠海,40.0,,,
2021-03-23,珠海,45.0,,,
2021-03-23,珠海,50.0,,,
2021-03-23,珠海,60.0,,,
2021-03-23,珠海,70.0,,,
2021-03-23,珠海,80.0,,,
2021-03-23,珠海,90.0,,,
2021-03-23,珠海,100.0,,,
2021-03-23,珠海,125.0,,,
2021-03-23,珠海,150.0,,,
2021-03-23,珠海,200.0,,,
2021-03-23,珠海,250.0,,,
2021-03-23,珠海,300.0,,,
2021-03-23,珠海,350.0,,,
2021-03-23,珠海,400.0,,,
2021-03-23,珠海,500.0,,,
2021-03-23,珠海,600.0,,,
2021-03-23,珠海,700.0,,,
2021-03-23,珠海,800.0,,,
2021-03-23,珠海,900.0,,,
2021-03-23,珠海,1000.0,,,
2021-03-23,珠海,1250.0,,,
2021-03-23,珠海,1500.0,,,
2021-03-23,珠海,2000.0,,,
2021-03-23,珠海,2500.0,,,
2021-03-23,珠海,3000.0,,,
2021-03-23,珠海,4000.0,,,
2021-03-23,珠海,5000.0,,,
2021-03-24,珠海,0.0,-0.001,-0.039,0.039013
2021-03-24,珠海,2.0,0.002,-0.025,0.02508
2021-03-24,珠海,4.0,0.004,-0.006,0.007211
2021-03-24,珠海,6.0,0.0,0.006,0.006
2021-03-24,珠海,8.0,,,
2021-03-24,珠海,10.0,,,
2021-03-24,珠海,12.0,,,
2021-03-24,珠海,15.0,,,
2021-03-24,珠海,20.0,,,
2021-03-24,珠海,25.0,,,
2021-03-24,珠海,30.0,,,
2021-03-24,珠海,35.0,,,
2021-03-24,珠海,40.0,,,
2021-03-24,珠海,45.0,,,
2021-03-24,珠海,50.0,,,
2021-03-24,珠海,60.0,,,
2021-03-24,珠海,70.0,,,
2021-03-24,珠海,80.0,,,
2021-03-24,珠海,90.0,,,
2021-03-24,珠海,100.0,,,
2021-03-24,珠海,125.0,,,
2021-03-24,珠海,150.0,,,
2021-03-24,珠海,200.0,,,
2021-03-24,珠海,250.0,,,
2021-03-24,珠海,300.0,,,
2021-03-24,珠海,350.0,,,
2021-03-24,珠海,400.0,,,
2021-03-24,珠海,500.0,,,
2021-03-24,珠海,600.0,,,
2021-03-24,珠海,700.0,,,
2021-03-24,珠海,800.0,,,
2021-03-24,珠海,900.0,,,
2021-03-24,珠海,1000.0,,,
2021-03-24,珠海,1250.0,,,
2021-03-24,珠海,1500.0,,,
2021-03-24,珠海,2000.0,,,
2021-03-24,珠海,2500.0,,,
2021-03-24,珠海,3000.0,,,
2021-03-24,珠海,4000.0,,,
2021-03-24,珠海,5000.0,,,
2021-03-25,珠海,0.0,-0.012,0.046,0.047539
2021-03-25,珠海,2.0,-0.005,0.05,0.050249
2021-03-25,珠海,4.0,0.0,0.055,0.055
2021-03-25,珠海,6.0,0.0,0.057,0.057
2021-03-25,珠海,8.0,,,
2021-03-25,珠海,10.0,,,
2021-03-25,珠海,12.0,,,
2021-03-25,珠海,15.0,,,
2021-03-25,珠海,20.0,,,
2021-03-25,珠海,25.0,,,
2021-03-25,珠海,30.0,,,
2021-03-25,珠海,35.0,,,
2021-03-25,珠海,40.0,,,
2021-03-25,珠海,45.0,,,
2021-03-25,珠海,50.0,,,
2021-03-25,珠海,60.0,,,
2021-03-25,珠海,70.0,,,
2021-03-25,珠海,80.0,,,
2021-03-25,珠海,90.0,,,
2021-03-25,珠海,100.0,,,
2021-03-25,珠海,125.0,,,
2021-03-25,珠海,150.0,,,
2021-03-25,珠海,200.0,,,
2021-03-25,珠海,250.0,,,
2021-03-25,珠海,300.0,,,
2021-03-25,珠海,350.0,,,
2021-03-25,珠海,400.0,,,
2021-03-25,珠海,500.0,,,
2021-03-25,珠海,600.0,,,
2021-03-25,珠海,700.0,,,
2021-03-25,珠海,800.0,,,
2021-03-25,珠海,900.0,,,
2021-03-25,珠海,1000.0,,,
2021-03-25,珠海,1250.0,,,
2021-03-25,珠海,1500.0,,,
2021-03-25,珠海,2000.0,,,
2021-03-25,珠海,2500.0,,,
2021-03-25,珠海,3000.0,,,
2021-03-25,珠海,4000.0,,,
2021-03-25,珠海,5000.0,,,
2021-03-26,珠海,0.0,-0.023,-0.036000000000000004,0.04272
2021-03-26,珠海,2.0,-0.011,-0.032,0.033838
2021-03-26,珠海,4.0,-0.004,-0.028,0.028284
2021-03-26,珠海,6.0,0.0,-0.023,0.023
2021-03-26,珠海,8.0,,,
2021-03-26,珠海,10.0,,,
2021-03-26,珠海,12.0,,,
2021-03-26,珠海,15.0,,,
2021-03-26,珠海,20.0,,,
2021-03-26,珠海,25.0,,,
2021-03-26,珠海,30.0,,,
2021-03-26,珠海,35.0,,,
2021-03-26,珠海,40.0,,,
2021-03-26,珠海,45.0,,,
2021-03-26,珠海,50.0,,,
2021-03-26,珠海,60.0,,,
2021-03-26,珠海,70.0,,,
2021-03-26,珠海,80.0,,,
2021-03-26,珠海,90.0,,,
2021-03-26,珠海,100.0,,,
2021-03-26,珠海,125.0,,,
2021-03-26,珠海,150.0,,,
2021-03-26,珠海,200.0,,,
2021-03-26,珠海,250.0,,,
2021-03-26,珠海,300.0,,,
2021-03-26,珠海,350.0,,,
2021-03-26,珠海,400.0,,,
2021-03-26,珠海,500.0,,,
2021-03-26,珠海,600.0,,,
2021-03-26,珠海,700.0,,,
2021-03-26,珠海,800.0,,,
2021-03-26,珠海,900.0,,,
2021-03-26,珠海,1000.0,,,
2021-03-26,珠海,1250.0,,,
2021-03-26,珠海,1500.0,,,
2021-03-26,珠海,2000.0,,,
2021-03-26,珠海,2500.0,,,
2021-03-26,珠海,3000.0,,,
2021-03-26,珠海,4000.0,,,
2021-03-26,珠海,5000.0,,,
2021-03-28,珠海,0.0,-0.011,-0.043000000000000003,0.044385
2021-03-28,珠海,2.0,-0.002,-0.038,0.038053
2021-03-28,珠海,4.0,0.001,-0.004,0.004123
2021-03-28,珠海,6.0,0.0,0.029,0.029
2021-03-28,珠海,8.0,,,
2021-03-28,珠海,10.0,,,
2021-03-28,珠海,12.0,,,
2021-03-28,珠海,15.0,,,
2021-03-28,珠海,20.0,,,
2021-03-28,珠海,25.0,,,
2021-03-28,珠海,30.0,,,
2021-03-28,珠海,35.0,,,
2021-03-28,珠海,40.0,,,
2021-03-28,珠海,45.0,,,
2021-03-28,珠海,50.0,,,
2021-03-28,珠海,60.0,,,
2021-03-28,珠海,70.0,,,
2021-03-28,珠海,80.0,,,
2021-03-28,珠海,90.0,,,
2021-03-28,珠海,100.0,,,
2021-03-28,珠海,125.0,,,
2021-03-28,珠海,150.0,,,
2021-03-28,珠海,200.0,,,
2021-03-28,珠海,250.0,,,
2021-03-28,珠海,300.0,,,
2021-03-28,珠海,350.0,,,
2021-03-28,珠海,400.0,,,
2021-03-28,珠海,500.0,,,
2021-03-28,珠海,600.0,,,
2021-03-28,珠海,700.0,,,
2021-03-28,珠海,800.0,,,
2021-03-28,珠海,900.0,,,
2021-03-28,珠海,1000.0,,,
2021-03-28,珠海,1250.0,,,
2021-03-28,珠海,1500.0,,,
2021-03-28,珠海,2000.0,,,
2021-03-28,珠海,2500.0,,,
2021-03-28,珠海,3000.0,,,
2021-03-28,珠海,4000.0,,,
2021-03-28,珠海,5000.0,,,
2021-03-29,珠海,0.0,0.001,0.001,0.001414
2021-03-29,珠海,2.0,0.0,-0.017,0.017
2021-03-29,珠海,4.0,-0.001,-0.023,0.023022
2021-03-29,珠海,6.0,0.0,-0.019,0.019
2021-03-29,珠海,8.0,,,
2021-03-29,珠海,10.0,,,
2021-03-29,珠海,12.0,,,
2021-03-29,珠海,15.0,,,
2021-03-29,珠海,20.0,,,
2021-03-29,珠海,25.0,,,
2021-03-29,珠海,30.0,,,
2021-03-29,珠海,35.0,,,
2021-03-29,珠海,40.0,,,
2021-03-29,珠海,45.0,,,
2021-03-29,珠海,50.0,,,
2021-03-29,珠海,60.0,,,
2021-03-29,珠海,70.0,,,
2021-03-29,珠海,80.0,,,
2021-03-29,珠海,90.0,,,
2021-03-29,珠海,100.0,,,
2021-03-29,珠海,125.0,,,
2021-03-29,珠海,150.0,,,
2021-03-29,珠海,200.0,,,
2021-03-29,珠海,250.0,,,
2021-03-29,珠海,300.0,,,
2021-03-29,珠海,350.0,,,
2021-03-29,珠海,400.0,,,
2021-03-29,珠海,500.0,,,
2021-03-29,珠海,600.0,,,
2021-03-29,珠海,700.0,,,
2021-03-29,珠海,800.0,,,
2021-03-29,珠海,900.0,,,
2021-03-29,珠海,1000.0,,,
2021-03-29,珠海,1250.0,,,
2021-03-29,珠海,1500.0,,,
2021-03-29,珠海,2000.0,,,
2021-03-29,珠海,2500.0,,,
2021-03-29,珠海,3000.0,,,
2021-03-29,珠海,4000.0,,,
2021-03-29,珠海,5000.0,,,
2021-03-30,珠海,0.0,0.008,0.019,0.020616
2021-03-30,珠海,2.0,0.006,0.001,0.006083
2021-03-30,珠海,4.0,0.005,-0.013000000000000001,0.013928
2021-03-30,珠海,6.0,0.0,-0.032,0.032
2021-03-30,珠海,8.0,,,
2021-03-30,珠海,10.0,,,
2021-03-30,珠海,12.0,,,
2021-03-30,珠海,15.0,,,
2021-03-30,珠海,20.0,,,
2021-03-30,珠海,25.0,,,
2021-03-30,珠海,30.0,,,
2021-03-30,珠海,35.0,,,
2021-03-30,珠海,40.0,,,
2021-03-30,珠海,45.0,,,
2021-03-30,珠海,50.0,,,
2021-03-30,珠海,60.0,,,
2021-03-30,珠海,70.0,,,
2021-03-30,珠海,80.0,,,
2021-03-30,珠海,90.0,,,
2021-03-30,珠海,100.0,,,
2021-03-30,珠海,125.0,,,
2021-03-30,珠海,150.0,,,
2021-03-30,珠海,200.0,,,
2021-03-30,珠海,250.0,,,
2021-03-30,珠海,300.0,,,
2021-03-30,珠海,350.0,,,
2021-03-30,珠海,400.0,,,
2021-03-30,珠海,500.0,,,
2021-03-30,珠海,600.0,,,
2021-03-30,珠海,700.0,,,
2021-03-30,珠海,800.0,,,
2021-03-30,珠海,900.0,,,
2021-03-30,珠海,1000.0,,,
2021-03-30,珠海,1250.0,,,
2021-03-30,珠海,1500.0,,,
2021-03-30,珠海,2000.0,,,
2021-03-30,珠海,2500.0,,,
2021-03-30,珠海,3000.0,,,
2021-03-30,珠海,4000.0,,,
2021-03-30,珠海,5000.0,,,
2021-03-31,珠海,0.0,0.003,0.003,0.004243
2021-03-31,珠海,2.0,0.004,-0.017,0.017464
2021-03-31,珠海,4.0,0.005,-0.03,0.030414
2021-03-31,珠海,6.0,0.0,-0.041,0.041
2021-03-31,珠海,8.0,,,
2021-03-31,珠海,10.0,,,
2021-03-31,珠海,12.0,,,
2021-03-31,珠海,15.0,,,
2021-03-31,珠海,20.0,,,
2021-03-31,珠海,25.0,,,
2021-03-31,珠海,30.0,,,
2021-03-31,珠海,35.0,,,
2021-03-31,珠海,40.0,,,
2021-03-31,珠海,45.0,,,
2021-03-31,珠海,50.0,,,
2021-03-31,珠海,60.0,,,
2021-03-31,珠海,70.0,,,
2021-03-31,珠海,80.0,,,
2021-03-31,珠海,90.0,,,
2021-03-31,珠海,100.0,,,
2021-03-31,珠海,125.0,,,
2021-03-31,珠海,150.0,,,
2021-03-31,珠海,200.0,,,
2021-03-31,珠海,250.0,,,
2021-03-31,珠海,300.0,,,
2021-03-31,珠海,350.0,,,
2021-03-31,珠海,400.0,,,
2021-03-31,珠海,500.0,,,
2021-03-31,珠海,600.0,,,
2021-03-31,珠海,700.0,,,
2021-03-31,珠海,800.0,,,
2021-03-31,珠海,900.0,,,
2021-03-31,珠海,1000.0,,,
2021-03-31,珠海,1250.0,,,
2021-03-31,珠海,1500.0,,,
2021-03-31,珠海,2000.0,,,
2021-03-31,珠海,2500.0,,,
2021-03-31,珠海,3000.0,,,
2021-03-31,珠海,4000.0,,,
2021-03-31,珠海,5000.0,,,
2021-04-01,珠海,0.0,-0.002,-0.014,0.014142
2021-04-01,珠海,2.0,-0.001,-0.031,0.031016
2021-04-01,珠海,4.0,0.0,-0.046,0.046
2021-04-01,珠海,6.0,0.0,-0.059000000000000004,0.059
2021-04-01,珠海,8.0,,,
2021-04-01,珠海,10.0,,,
2021-04-01,珠海,12.0,,,
2021-04-01,珠海,15.0,,,
2021-04-01,珠海,20.0,,,
2021-04-01,珠海,25.0,,,
2021-04-01,珠海,30.0,,,
2021-04-01,珠海,35.0,,,
2021-04-01,珠海,40.0,,,
2021-04-01,珠海,45.0,,,
2021-04-01,珠海,50.0,,,
2021-04-01,珠海,60.0,,,
2021-04-01,珠海,70.0,,,
2021-04-01,珠海,80.0,,,
2021-04-01,珠海,90.0,,,
2021-04-01,珠海,100.0,,,
2021-04-01,珠海,125.0,,,
2021-04-01,珠海,150.0,,,
2021-04-01,珠海,200.0,,,
2021-04-01,珠海,250.0,,,
2021-04-01,珠海,300.0,,,
2021-04-01,珠海,350.0,,,
2021-04-01,珠海,400.0,,,
2021-04-01,珠海,500.0,,,
2021-04-01,珠海,600.0,,,
2021-04-01,珠海,700.0,,,
2021-04-01,珠海,800.0,,,
2021-04-01,珠海,900.0,,,
2021-04-01,珠海,1000.0,,,
2021-04-01,珠海,1250.0,,,
2021-04-01,珠海,1500.0,,,
2021-04-01,珠海,2000.0,,,
2021-04-01,珠海,2500.0,,,
2021-04-01,珠海,3000.0,,,
2021-04-01,珠海,4000.0,,,
2021-04-01,珠海,5000.0,,,
2021-04-04,珠海,0.0,-0.019,-0.006,0.019925
2021-04-04,珠海,2.0,-0.015,0.006,0.016155
2021-04-04,珠海,4.0,-0.012,0.023,0.025942
2021-04-04,珠海,6.0,0.0,0.056,0.056
2021-04-04,珠海,8.0,,,
2021-04-04,珠海,10.0,,,
2021-04-04,珠海,12.0,,,
2021-04-04,珠海,15.0,,,
2021-04-04,珠海,20.0,,,
2021-04-04,珠海,25.0,,,
2021-04-04,珠海,30.0,,,
2021-04-04,珠海,35.0,,,
2021-04-04,珠海,40.0,,,
2021-04-04,珠海,45.0,,,
2021-04-04,珠海,50.0,,,
2021-04-04,珠海,60.0,,,
2021-04-04,珠海,70.0,,,
2021-04-04,珠海,80.0,,,
2021-04-04,珠海,90.0,,,
2021-04-04,珠海,100.0,,,
2021-04-04,珠海,125.0,,,
2021-04-04,珠海,150.0,,,
2021-04-04,珠海,200.0,,,
2021-04-04,珠海,250.0,,,
2021-04-04,珠海,300.0,,,
2021-04-04,珠海,350.0,,,
2021-04-04,珠海,400.0,,,
2021-04-04,珠海,500.0,,,
2021-04-04,珠海,600.0,,,
2021-04-04,珠海,700.0,,,
2021-04-04,珠海,800.0,,,
2021-04-04,珠海,900.0,,,
2021-04-04,珠海,1000.0,,,
2021-04-04,珠海,1250.0,,,
2021-04-04,珠海,1500.0,,,
2021-04-04,珠海,2000.0,,,
2021-04-04,珠海,2500.0,,,
2021-04-04,珠海,3000.0,,,
2021-04-04,珠海,4000.0,,,
2021-04-04,珠海,5000.0,,,
2021-04-03,珠海,0.0,-0.016,0.009000000000000001,0.018358
2021-04-03,珠海,2.0,-0.011,0.001,0.011045
2021-04-03,珠海,4.0,-0.007,-0.002,0.00728
2021-04-03,珠海,6.0,0.0,-0.001,0.001
2021-04-03,珠海,8.0,,,
2021-04-03,珠海,10.0,,,
2021-04-03,珠海,12.0,,,
2021-04-03,珠海,15.0,,,
2021-04-03,珠海,20.0,,,
2021-04-03,珠海,25.0,,,
2021-04-03,珠海,30.0,,,
2021-04-03,珠海,35.0,,,
2021-04-03,珠海,40.0,,,
2021-04-03,珠海,45.0,,,
2021-04-03,珠海,50.0,,,
2021-04-03,珠海,60.0,,,
2021-04-03,珠海,70.0,,,
2021-04-03,珠海,80.0,,,
2021-04-03,珠海,90.0,,,
2021-04-03,珠海,100.0,,,
2021-04-03,珠海,125.0,,,
2021-04-03,珠海,150.0,,,
2021-04-03,珠海,200.0,,,
2021-04-03,珠海,250.0,,,
2021-04-03,珠海,300.0,,,
2021-04-03,珠海,350.0,,,
2021-04-03,珠海,400.0,,,
2021-04-03,珠海,500.0,,,
2021-04-03,珠海,600.0,,,
2021-04-03,珠海,700.0,,,
2021-04-03,珠海,800.0,,,
2021-04-03,珠海,900.0,,,
2021-04-03,珠海,1000.0,,,
2021-04-03,珠海,1250.0,,,
2021-04-03,珠海,1500.0,,,
2021-04-03,珠海,2000.0,,,
2021-04-03,珠海,2500.0,,,
2021-04-03,珠海,3000.0,,,
2021-04-03,珠海,4000.0,,,
2021-04-03,珠海,5000.0,,,
2021-04-05,珠海,0.0,-0.038,0.065,0.075293
2021-04-05,珠海,2.0,-0.023,0.079,0.08228
2021-04-05,珠海,4.0,-0.016,0.08700000000000001,0.088459
2021-04-05,珠海,6.0,0.0,0.089,0.089
2021-04-05,珠海,8.0,,,
2021-04-05,珠海,10.0,,,
2021-04-05,珠海,12.0,,,
2021-04-05,珠海,15.0,,,
2021-04-05,珠海,20.0,,,
2021-04-05,珠海,25.0,,,
2021-04-05,珠海,30.0,,,
2021-04-05,珠海,35.0,,,
2021-04-05,珠海,40.0,,,
2021-04-05,珠海,45.0,,,
2021-04-05,珠海,50.0,,,
2021-04-05,珠海,60.0,,,
2021-04-05,珠海,70.0,,,
2021-04-05,珠海,80.0,,,
2021-04-05,珠海,90.0,,,
2021-04-05,珠海,100.0,,,
2021-04-05,珠海,125.0,,,
2021-04-05,珠海,150.0,,,
2021-04-05,珠海,200.0,,,
2021-04-05,珠海,250.0,,,
2021-04-05,珠海,300.0,,,
2021-04-05,珠海,350.0,,,
2021-04-05,珠海,400.0,,,
2021-04-05,珠海,500.0,,,
2021-04-05,珠海,600.0,,,
2021-04-05,珠海,700.0,,,
2021-04-05,珠海,800.0,,,
2021-04-05,珠海,900.0,,,
2021-04-05,珠海,1000.0,,,
2021-04-05,珠海,1250.0,,,
2021-04-05,珠海,1500.0,,,
2021-04-05,珠海,2000.0,,,
2021-04-05,珠海,2500.0,,,
2021-04-05,珠海,3000.0,,,
2021-04-05,珠海,4000.0,,,
2021-04-05,珠海,5000.0,,,
2021-04-06,珠海,0.0,-0.027,-0.012,0.029547
2021-04-06,珠海,2.0,-0.018000000000000002,-0.006,0.018974
2021-04-06,珠海,4.0,-0.012,0.001,0.012042
2021-04-06,珠海,6.0,0.0,0.006,0.006
2021-04-06,珠海,8.0,,,
2021-04-06,珠海,10.0,,,
2021-04-06,珠海,12.0,,,
2021-04-06,珠海,15.0,,,
2021-04-06,珠海,20.0,,,
2021-04-06,珠海,25.0,,,
2021-04-06,珠海,30.0,,,
2021-04-06,珠海,35.0,,,
2021-04-06,珠海,40.0,,,
2021-04-06,珠海,45.0,,,
2021-04-06,珠海,50.0,,,
2021-04-06,珠海,60.0,,,
2021-04-06,珠海,70.0,,,
2021-04-06,珠海,80.0,,,
2021-04-06,珠海,90.0,,,
2021-04-06,珠海,100.0,,,
2021-04-06,珠海,125.0,,,
2021-04-06,珠海,150.0,,,
2021-04-06,珠海,200.0,,,
2021-04-06,珠海,250.0,,,
2021-04-06,珠海,300.0,,,
2021-04-06,珠海,350.0,,,
2021-04-06,珠海,400.0,,,
2021-04-06,珠海,500.0,,,
2021-04-06,珠海,600.0,,,
2021-04-06,珠海,700.0,,,
2021-04-06,珠海,800.0,,,
2021-04-06,珠海,900.0,,,
2021-04-06,珠海,1000.0,,,
2021-04-06,珠海,1250.0,,,
2021-04-06,珠海,1500.0,,,
2021-04-06,珠海,2000.0,,,
2021-04-06,珠海,2500.0,,,
2021-04-06,珠海,3000.0,,,
2021-04-06,珠海,4000.0,,,
2021-04-06,珠海,5000.0,,,
2021-04-07,珠海,0.0,-0.028,0.07,0.075392
2021-04-07,珠海,2.0,-0.016,0.07,0.071805
2021-04-07,珠海,4.0,-0.01,0.07200000000000001,0.072691
2021-04-07,珠海,6.0,0.0,0.074,0.074
2021-04-07,珠海,8.0,,,
2021-04-07,珠海,10.0,,,
2021-04-07,珠海,12.0,,,
2021-04-07,珠海,15.0,,,
2021-04-07,珠海,20.0,,,
2021-04-07,珠海,25.0,,,
2021-04-07,珠海,30.0,,,
2021-04-07,珠海,35.0,,,
2021-04-07,珠海,40.0,,,
2021-04-07,珠海,45.0,,,
2021-04-07,珠海,50.0,,,
2021-04-07,珠海,60.0,,,
2021-04-07,珠海,70.0,,,
2021-04-07,珠海,80.0,,,
2021-04-07,珠海,90.0,,,
2021-04-07,珠海,100.0,,,
2021-04-07,珠海,125.0,,,
2021-04-07,珠海,150.0,,,
2021-04-07,珠海,200.0,,,
2021-04-07,珠海,250.0,,,
2021-04-07,珠海,300.0,,,
2021-04-07,珠海,350.0,,,
2021-04-07,珠海,400.0,,,
2021-04-07,珠海,500.0,,,
2021-04-07,珠海,600.0,,,
2021-04-07,珠海,700.0,,,
2021-04-07,珠海,800.0,,,
2021-04-07,珠海,900.0,,,
2021-04-07,珠海,1000.0,,,
2021-04-07,珠海,1250.0,,,
2021-04-07,珠海,1500.0,,,
2021-04-07,珠海,2000.0,,,
2021-04-07,珠海,2500.0,,,
2021-04-07,珠海,3000.0,,,
2021-04-07,珠海,4000.0,,,
2021-04-07,珠海,5000.0,,,
2021-04-08,珠海,0.0,-0.017,-0.026000000000000002,0.031064
2021-04-08,珠海,2.0,-0.011,-0.022,0.024597
2021-04-08,珠海,4.0,-0.008,-0.016,0.017889
2021-04-08,珠海,6.0,0.0,-0.006,0.006
2021-04-08,珠海,8.0,,,
2021-04-08,珠海,10.0,,,
2021-04-08,珠海,12.0,,,
2021-04-08,珠海,15.0,,,
2021-04-08,珠海,20.0,,,
2021-04-08,珠海,25.0,,,
2021-04-08,珠海,30.0,,,
2021-04-08,珠海,35.0,,,
2021-04-08,珠海,40.0,,,
2021-04-08,珠海,45.0,,,
2021-04-08,珠海,50.0,,,
2021-04-08,珠海,60.0,,,
2021-04-08,珠海,70.0,,,
2021-04-08,珠海,80.0,,,
2021-04-08,珠海,90.0,,,
2021-04-08,珠海,100.0,,,
2021-04-08,珠海,125.0,,,
2021-04-08,珠海,150.0,,,
2021-04-08,珠海,200.0,,,
2021-04-08,珠海,250.0,,,
2021-04-08,珠海,300.0,,,
2021-04-08,珠海,350.0,,,
2021-04-08,珠海,400.0,,,
2021-04-08,珠海,500.0,,,
2021-04-08,珠海,600.0,,,
2021-04-08,珠海,700.0,,,
2021-04-08,珠海,800.0,,,
2021-04-08,珠海,900.0,,,
2021-04-08,珠海,1000.0,,,
2021-04-08,珠海,1250.0,,,
2021-04-08,珠海,1500.0,,,
2021-04-08,珠海,2000.0,,,
2021-04-08,珠海,2500.0,,,
2021-04-08,珠海,3000.0,,,
2021-04-08,珠海,4000.0,,,
2021-04-08,珠海,5000.0,,,
2021-04-09,珠海,0.0,-0.025,-0.008,0.026249
2021-04-09,珠海,2.0,-0.016,0.008,0.017889
2021-04-09,珠海,4.0,-0.01,0.025,0.026926
2021-04-09,珠海,6.0,0.0,0.039,0.039
2021-04-09,珠海,8.0,,,
2021-04-09,珠海,10.0,,,
2021-04-09,珠海,12.0,,,
2021-04-09,珠海,15.0,,,
2021-04-09,珠海,20.0,,,
2021-04-09,珠海,25.0,,,
2021-04-09,珠海,30.0,,,
2021-04-09,珠海,35.0,,,
2021-04-09,珠海,40.0,,,
2021-04-09,珠海,45.0,,,
2021-04-09,珠海,50.0,,,
2021-04-09,珠海,60.0,,,
2021-04-09,珠海,70.0,,,
2021-04-09,珠海,80.0,,,
2021-04-09,珠海,90.0,,,
2021-04-09,珠海,100.0,,,
2021-04-09,珠海,125.0,,,
2021-04-09,珠海,150.0,,,
2021-04-09,珠海,200.0,,,
2021-04-09,珠海,250.0,,,
2021-04-09,珠海,300.0,,,
2021-04-09,珠海,350.0,,,
2021-04-09,珠海,400.0,,,
2021-04-09,珠海,500.0,,,
2021-04-09,珠海,600.0,,,
2021-04-09,珠海,700.0,,,
2021-04-09,珠海,800.0,,,
2021-04-09,珠海,900.0,,,
2021-04-09,珠海,1000.0,,,
2021-04-09,珠海,1250.0,,,
2021-04-09,珠海,1500.0,,,
2021-04-09,珠海,2000.0,,,
2021-04-09,珠海,2500.0,,,
2021-04-09,珠海,3000.0,,,
2021-04-09,珠海,4000.0,,,
2021-04-09,珠海,5000.0,,,
2021-04-11,珠海,0.0,-0.031,-0.04,0.050606
2021-04-11,珠海,2.0,-0.019,-0.034,0.038949
2021-04-11,珠海,4.0,-0.011,-0.026000000000000002,0.028231
2021-04-11,珠海,6.0,0.0,-0.014,0.014
2021-04-11,珠海,8.0,,,
2021-04-11,珠海,10.0,,,
2021-04-11,珠海,12.0,,,
2021-04-11,珠海,15.0,,,
2021-04-11,珠海,20.0,,,
2021-04-11,珠海,25.0,,,
2021-04-11,珠海,30.0,,,
2021-04-11,珠海,35.0,,,
2021-04-11,珠海,40.0,,,
2021-04-11,珠海,45.0,,,
2021-04-11,珠海,50.0,,,
2021-04-11,珠海,60.0,,,
2021-04-11,珠海,70.0,,,
2021-04-11,珠海,80.0,,,
2021-04-11,珠海,90.0,,,
2021-04-11,珠海,100.0,,,
2021-04-11,珠海,125.0,,,
2021-04-11,珠海,150.0,,,
2021-04-11,珠海,200.0,,,
2021-04-11,珠海,250.0,,,
2021-04-11,珠海,300.0,,,
2021-04-11,珠海,350.0,,,
2021-04-11,珠海,400.0,,,
2021-04-11,珠海,500.0,,,
2021-04-11,珠海,600.0,,,
2021-04-11,珠海,700.0,,,
2021-04-11,珠海,800.0,,,
2021-04-11,珠海,900.0,,,
2021-04-11,珠海,1000.0,,,
2021-04-11,珠海,1250.0,,,
2021-04-11,珠海,1500.0,,,
2021-04-11,珠海,2000.0,,,
2021-04-11,珠海,2500.0,,,
2021-04-11,珠海,3000.0,,,
2021-04-11,珠海,4000.0,,,
2021-04-11,珠海,5000.0,,,
2021-04-12,珠海,0.0,-0.022,-0.028,0.035609
2021-04-12,珠海,2.0,-0.015,-0.026000000000000002,0.030017
2021-04-12,珠海,4.0,-0.008,-0.019,0.020616
2021-04-12,珠海,6.0,0.0,-0.004,0.004
2021-04-12,珠海,8.0,,,
2021-04-12,珠海,10.0,,,
2021-04-12,珠海,12.0,,,
2021-04-12,珠海,15.0,,,
2021-04-12,珠海,20.0,,,
2021-04-12,珠海,25.0,,,
2021-04-12,珠海,30.0,,,
2021-04-12,珠海,35.0,,,
2021-04-12,珠海,40.0,,,
2021-04-12,珠海,45.0,,,
2021-04-12,珠海,50.0,,,
2021-04-12,珠海,60.0,,,
2021-04-12,珠海,70.0,,,
2021-04-12,珠海,80.0,,,
2021-04-12,珠海,90.0,,,
2021-04-12,珠海,100.0,,,
2021-04-12,珠海,125.0,,,
2021-04-12,珠海,150.0,,,
2021-04-12,珠海,200.0,,,
2021-04-12,珠海,250.0,,,
2021-04-12,珠海,300.0,,,
2021-04-12,珠海,350.0,,,
2021-04-12,珠海,400.0,,,
2021-04-12,珠海,500.0,,,
2021-04-12,珠海,600.0,,,
2021-04-12,珠海,700.0,,,
2021-04-12,珠海,800.0,,,
2021-04-12,珠海,900.0,,,
2021-04-12,珠海,1000.0,,,
2021-04-12,珠海,1250.0,,,
2021-04-12,珠海,1500.0,,,
2021-04-12,珠海,2000.0,,,
2021-04-12,珠海,2500.0,,,
2021-04-12,珠海,3000.0,,,
2021-04-12,珠海,4000.0,,,
2021-04-12,珠海,5000.0,,,
2021-04-13,珠海,0.0,-0.025,-0.052000000000000005,0.057697
2021-04-13,珠海,2.0,-0.014,-0.042,0.044272
2021-04-13,珠海,4.0,-0.009000000000000001,-0.017,0.019235
2021-04-13,珠海,6.0,0.0,0.011,0.011
2021-04-13,珠海,8.0,,,
2021-04-13,珠海,10.0,,,
2021-04-13,珠海,12.0,,,
2021-04-13,珠海,15.0,,,
2021-04-13,珠海,20.0,,,
2021-04-13,珠海,25.0,,,
2021-04-13,珠海,30.0,,,
2021-04-13,珠海,35.0,,,
2021-04-13,珠海,40.0,,,
2021-04-13,珠海,45.0,,,
2021-04-13,珠海,50.0,,,
2021-04-13,珠海,60.0,,,
2021-04-13,珠海,70.0,,,
2021-04-13,珠海,80.0,,,
2021-04-13,珠海,90.0,,,
2021-04-13,珠海,100.0,,,
2021-04-13,珠海,125.0,,,
2021-04-13,珠海,150.0,,,
2021-04-13,珠海,200.0,,,
2021-04-13,珠海,250.0,,,
2021-04-13,珠海,300.0,,,
2021-04-13,珠海,350.0,,,
2021-04-13,珠海,400.0,,,
2021-04-13,珠海,500.0,,,
2021-04-13,珠海,600.0,,,
2021-04-13,珠海,700.0,,,
2021-04-13,珠海,800.0,,,
2021-04-13,珠海,900.0,,,
2021-04-13,珠海,1000.0,,,
2021-04-13,珠海,1250.0,,,
2021-04-13,珠海,1500.0,,,
2021-04-13,珠海,2000.0,,,
2021-04-13,珠海,2500.0,,,
2021-04-13,珠海,3000.0,,,
2021-04-13,珠海,4000.0,,,
2021-04-13,珠海,5000.0,,,
2021-04-14,珠海,0.0,-0.019,0.03,0.035511
2021-04-14,珠海,2.0,-0.013000000000000001,0.029,0.03178
2021-04-14,珠海,4.0,-0.007,0.043000000000000003,0.043566
2021-04-14,珠海,6.0,0.0,0.066,0.066
2021-04-14,珠海,8.0,,,
2021-04-14,珠海,10.0,,,
2021-04-14,珠海,12.0,,,
2021-04-14,珠海,15.0,,,
2021-04-14,珠海,20.0,,,
2021-04-14,珠海,25.0,,,
2021-04-14,珠海,30.0,,,
2021-04-14,珠海,35.0,,,
2021-04-14,珠海,40.0,,,
2021-04-14,珠海,45.0,,,
2021-04-14,珠海,50.0,,,
2021-04-14,珠海,60.0,,,
2021-04-14,珠海,70.0,,,
2021-04-14,珠海,80.0,,,
2021-04-14,珠海,90.0,,,
2021-04-14,珠海,100.0,,,
2021-04-14,珠海,125.0,,,
2021-04-14,珠海,150.0,,,
2021-04-14,珠海,200.0,,,
2021-04-14,珠海,250.0,,,
2021-04-14,珠海,300.0,,,
2021-04-14,珠海,350.0,,,
2021-04-14,珠海,400.0,,,
2021-04-14,珠海,500.0,,,
2021-04-14,珠海,600.0,,,
2021-04-14,珠海,700.0,,,
2021-04-14,珠海,800.0,,,
2021-04-14,珠海,900.0,,,
2021-04-14,珠海,1000.0,,,
2021-04-14,珠海,1250.0,,,
2021-04-14,珠海,1500.0,,,
2021-04-14,珠海,2000.0,,,
2021-04-14,珠海,2500.0,,,
2021-04-14,珠海,3000.0,,,
2021-04-14,珠海,4000.0,,,
2021-04-14,珠海,5000.0,,,
2021-04-15,珠海,0.0,-0.018000000000000002,0.043000000000000003,0.046615
2021-04-15,珠海,2.0,-0.005,0.033,0.033377
2021-04-15,珠海,4.0,0.002,0.029,0.029069
2021-04-15,珠海,6.0,0.0,0.028,0.028
2021-04-15,珠海,8.0,,,
2021-04-15,珠海,10.0,,,
2021-04-15,珠海,12.0,,,
2021-04-15,珠海,15.0,,,
2021-04-15,珠海,20.0,,,
2021-04-15,珠海,25.0,,,
2021-04-15,珠海,30.0,,,
2021-04-15,珠海,35.0,,,
2021-04-15,珠海,40.0,,,
2021-04-15,珠海,45.0,,,
2021-04-15,珠海,50.0,,,
2021-04-15,珠海,60.0,,,
2021-04-15,珠海,70.0,,,
2021-04-15,珠海,80.0,,,
2021-04-15,珠海,90.0,,,
2021-04-15,珠海,100.0,,,
2021-04-15,珠海,125.0,,,
2021-04-15,珠海,150.0,,,
2021-04-15,珠海,200.0,,,
2021-04-15,珠海,250.0,,,
2021-04-15,珠海,300.0,,,
2021-04-15,珠海,350.0,,,
2021-04-15,珠海,400.0,,,
2021-04-15,珠海,500.0,,,
2021-04-15,珠海,600.0,,,
2021-04-15,珠海,700.0,,,
2021-04-15,珠海,800.0,,,
2021-04-15,珠海,900.0,,,
2021-04-15,珠海,1000.0,,,
2021-04-15,珠海,1250.0,,,
2021-04-15,珠海,1500.0,,,
2021-04-15,珠海,2000.0,,,
2021-04-15,珠海,2500.0,,,
2021-04-15,珠海,3000.0,,,
2021-04-15,珠海,4000.0,,,
2021-04-15,珠海,5000.0,,,
2021-04-16,珠海,0.0,-0.014,0.0,0.014
2021-04-16,珠海,2.0,-0.007,0.001,0.007071
2021-04-16,珠海,4.0,-0.002,0.005,0.005385
2021-04-16,珠海,6.0,0.0,0.009000000000000001,0.009
2021-04-16,珠海,8.0,,,
2021-04-16,珠海,10.0,,,
2021-04-16,珠海,12.0,,,
2021-04-16,珠海,15.0,,,
2021-04-16,珠海,20.0,,,
2021-04-16,珠海,25.0,,,
2021-04-16,珠海,30.0,,,
2021-04-16,珠海,35.0,,,
2021-04-16,珠海,40.0,,,
2021-04-16,珠海,45.0,,,
2021-04-16,珠海,50.0,,,
2021-04-16,珠海,60.0,,,
2021-04-16,珠海,70.0,,,
2021-04-16,珠海,80.0,,,
2021-04-16,珠海,90.0,,,
2021-04-16,珠海,100.0,,,
2021-04-16,珠海,125.0,,,
2021-04-16,珠海,150.0,,,
2021-04-16,珠海,200.0,,,
2021-04-16,珠海,250.0,,,
2021-04-16,珠海,300.0,,,
2021-04-16,珠海,350.0,,,
2021-04-16,珠海,400.0,,,
2021-04-16,珠海,500.0,,,
2021-04-16,珠海,600.0,,,
2021-04-16,珠海,700.0,,,
2021-04-16,珠海,800.0,,,
2021-04-16,珠海,900.0,,,
2021-04-16,珠海,1000.0,,,
2021-04-16,珠海,1250.0,,,
2021-04-16,珠海,1500.0,,,
2021-04-16,珠海,2000.0,,,
2021-04-16,珠海,2500.0,,,
2021-04-16,珠海,3000.0,,,
2021-04-16,珠海,4000.0,,,
2021-04-16,珠海,5000.0,,,
2021-04-17,珠海,0.0,-0.012,-0.044,0.045607
2021-04-17,珠海,2.0,-0.007,-0.032,0.032757
2021-04-17,珠海,4.0,-0.004,-0.013000000000000001,0.013601
2021-04-17,珠海,6.0,0.0,0.006,0.006
2021-04-17,珠海,8.0,,,
2021-04-17,珠海,10.0,,,
2021-04-17,珠海,12.0,,,
2021-04-17,珠海,15.0,,,
2021-04-17,珠海,20.0,,,
2021-04-17,珠海,25.0,,,
2021-04-17,珠海,30.0,,,
2021-04-17,珠海,35.0,,,
2021-04-17,珠海,40.0,,,
2021-04-17,珠海,45.0,,,
2021-04-17,珠海,50.0,,,
2021-04-17,珠海,60.0,,,
2021-04-17,珠海,70.0,,,
2021-04-17,珠海,80.0,,,
2021-04-17,珠海,90.0,,,
2021-04-17,珠海,100.0,,,
2021-04-17,珠海,125.0,,,
2021-04-17,珠海,150.0,,,
2021-04-17,珠海,200.0,,,
2021-04-17,珠海,250.0,,,
2021-04-17,珠海,300.0,,,
2021-04-17,珠海,350.0,,,
2021-04-17,珠海,400.0,,,
2021-04-17,珠海,500.0,,,
2021-04-17,珠海,600.0,,,
2021-04-17,珠海,700.0,,,
2021-04-17,珠海,800.0,,,
2021-04-17,珠海,900.0,,,
2021-04-17,珠海,1000.0,,,
2021-04-17,珠海,1250.0,,,
2021-04-17,珠海,1500.0,,,
2021-04-17,珠海,2000.0,,,
2021-04-17,珠海,2500.0,,,
2021-04-17,珠海,3000.0,,,
2021-04-17,珠海,4000.0,,,
2021-04-17,珠海,5000.0,,,
2021-04-18,珠海,0.0,-0.027,0.109,0.112294
2021-04-18,珠海,2.0,-0.011,0.115,0.115525
2021-04-18,珠海,4.0,-0.004,0.12,0.120067
2021-04-18,珠海,6.0,0.0,0.123,0.123
2021-04-18,珠海,8.0,,,
2021-04-18,珠海,10.0,,,
2021-04-18,珠海,12.0,,,
2021-04-18,珠海,15.0,,,
2021-04-18,珠海,20.0,,,
2021-04-18,珠海,25.0,,,
2021-04-18,珠海,30.0,,,
2021-04-18,珠海,35.0,,,
2021-04-18,珠海,40.0,,,
2021-04-18,珠海,45.0,,,
2021-04-18,珠海,50.0,,,
2021-04-18,珠海,60.0,,,
2021-04-18,珠海,70.0,,,
2021-04-18,珠海,80.0,,,
2021-04-18,珠海,90.0,,,
2021-04-18,珠海,100.0,,,
2021-04-18,珠海,125.0,,,
2021-04-18,珠海,150.0,,,
2021-04-18,珠海,200.0,,,
2021-04-18,珠海,250.0,,,
2021-04-18,珠海,300.0,,,
2021-04-18,珠海,350.0,,,
2021-04-18,珠海,400.0,,,
2021-04-18,珠海,500.0,,,
2021-04-18,珠海,600.0,,,
2021-04-18,珠海,700.0,,,
2021-04-18,珠海,800.0,,,
2021-04-18,珠海,900.0,,,
2021-04-18,珠海,1000.0,,,
2021-04-18,珠海,1250.0,,,
2021-04-18,珠海,1500.0,,,
2021-04-18,珠海,2000.0,,,
2021-04-18,珠海,2500.0,,,
2021-04-18,珠海,3000.0,,,
2021-04-18,珠海,4000.0,,,
2021-04-18,珠海,5000.0,,,
2021-04-19,珠海,0.0,-0.031,0.02,0.036892
2021-04-19,珠海,2.0,-0.015,0.018000000000000002,0.023431
2021-04-19,珠海,4.0,-0.006,0.019,0.019925
2021-04-19,珠海,6.0,0.0,0.021,0.021
2021-04-19,珠海,8.0,,,
2021-04-19,珠海,10.0,,,
2021-04-19,珠海,12.0,,,
2021-04-19,珠海,15.0,,,
2021-04-19,珠海,20.0,,,
2021-04-19,珠海,25.0,,,
2021-04-19,珠海,30.0,,,
2021-04-19,珠海,35.0,,,
2021-04-19,珠海,40.0,,,
2021-04-19,珠海,45.0,,,
2021-04-19,珠海,50.0,,,
2021-04-19,珠海,60.0,,,
2021-04-19,珠海,70.0,,,
2021-04-19,珠海,80.0,,,
2021-04-19,珠海,90.0,,,
2021-04-19,珠海,100.0,,,
2021-04-19,珠海,125.0,,,
2021-04-19,珠海,150.0,,,
2021-04-19,珠海,200.0,,,
2021-04-19,珠海,250.0,,,
2021-04-19,珠海,300.0,,,
2021-04-19,珠海,350.0,,,
2021-04-19,珠海,400.0,,,
2021-04-19,珠海,500.0,,,
2021-04-19,珠海,600.0,,,
2021-04-19,珠海,700.0,,,
2021-04-19,珠海,800.0,,,
2021-04-19,珠海,900.0,,,
2021-04-19,珠海,1000.0,,,
2021-04-19,珠海,1250.0,,,
2021-04-19,珠海,1500.0,,,
2021-04-19,珠海,2000.0,,,
2021-04-19,珠海,2500.0,,,
2021-04-19,珠海,3000.0,,,
2021-04-19,珠海,4000.0,,,
2021-04-19,珠海,5000.0,,,
2021-04-21,珠海,0.0,-0.016,-0.062,0.064031
2021-04-21,珠海,2.0,-0.009000000000000001,-0.057,0.057706
2021-04-21,珠海,4.0,-0.004,-0.048,0.048166
2021-04-21,珠海,6.0,0.0,-0.035,0.035
2021-04-21,珠海,8.0,,,
2021-04-21,珠海,10.0,,,
2021-04-21,珠海,12.0,,,
2021-04-21,珠海,15.0,,,
2021-04-21,珠海,20.0,,,
2021-04-21,珠海,25.0,,,
2021-04-21,珠海,30.0,,,
2021-04-21,珠海,35.0,,,
2021-04-21,珠海,40.0,,,
2021-04-21,珠海,45.0,,,
2021-04-21,珠海,50.0,,,
2021-04-21,珠海,60.0,,,
2021-04-21,珠海,70.0,,,
2021-04-21,珠海,80.0,,,
2021-04-21,珠海,90.0,,,
2021-04-21,珠海,100.0,,,
2021-04-21,珠海,125.0,,,
2021-04-21,珠海,150.0,,,
2021-04-21,珠海,200.0,,,
2021-04-21,珠海,250.0,,,
2021-04-21,珠海,300.0,,,
2021-04-21,珠海,350.0,,,
2021-04-21,珠海,400.0,,,
2021-04-21,珠海,500.0,,,
2021-04-21,珠海,600.0,,,
2021-04-21,珠海,700.0,,,
2021-04-21,珠海,800.0,,,
2021-04-21,珠海,900.0,,,
2021-04-21,珠海,1000.0,,,
2021-04-21,珠海,1250.0,,,
2021-04-21,珠海,1500.0,,,
2021-04-21,珠海,2000.0,,,
2021-04-21,珠海,2500.0,,,
2021-04-21,珠海,3000.0,,,
2021-04-21,珠海,4000.0,,,
2021-04-21,珠海,5000.0,,,
2021-04-20,珠海,0.0,-0.02,-0.022,0.029732
2021-04-20,珠海,2.0,-0.01,-0.019,0.021471
2021-04-20,珠海,4.0,-0.004,-0.012,0.012649
2021-04-20,珠海,6.0,0.0,0.003,0.003
2021-04-20,珠海,8.0,,,
2021-04-20,珠海,10.0,,,
2021-04-20,珠海,12.0,,,
2021-04-20,珠海,15.0,,,
2021-04-20,珠海,20.0,,,
2021-04-20,珠海,25.0,,,
2021-04-20,珠海,30.0,,,
2021-04-20,珠海,35.0,,,
2021-04-20,珠海,40.0,,,
2021-04-20,珠海,45.0,,,
2021-04-20,珠海,50.0,,,
2021-04-20,珠海,60.0,,,
2021-04-20,珠海,70.0,,,
2021-04-20,珠海,80.0,,,
2021-04-20,珠海,90.0,,,
2021-04-20,珠海,100.0,,,
2021-04-20,珠海,125.0,,,
2021-04-20,珠海,150.0,,,
2021-04-20,珠海,200.0,,,
2021-04-20,珠海,250.0,,,
2021-04-20,珠海,300.0,,,
2021-04-20,珠海,350.0,,,
2021-04-20,珠海,400.0,,,
2021-04-20,珠海,500.0,,,
2021-04-20,珠海,600.0,,,
2021-04-20,珠海,700.0,,,
2021-04-20,珠海,800.0,,,
2021-04-20,珠海,900.0,,,
2021-04-20,珠海,1000.0,,,
2021-04-20,珠海,1250.0,,,
2021-04-20,珠海,1500.0,,,
2021-04-20,珠海,2000.0,,,
2021-04-20,珠海,2500.0,,,
2021-04-20,珠海,3000.0,,,
2021-04-20,珠海,4000.0,,,
2021-04-20,珠海,5000.0,,,
2021-04-22,珠海,0.0,-0.015,0.007,0.016553
2021-04-22,珠海,2.0,-0.007,0.022,0.023087
2021-04-22,珠海,4.0,-0.003,0.054,0.054083
2021-04-22,珠海,6.0,0.0,0.064,0.064
2021-04-22,珠海,8.0,,,
2021-04-22,珠海,10.0,,,
2021-04-22,珠海,12.0,,,
2021-04-22,珠海,15.0,,,
2021-04-22,珠海,20.0,,,
2021-04-22,珠海,25.0,,,
2021-04-22,珠海,30.0,,,
2021-04-22,珠海,35.0,,,
2021-04-22,珠海,40.0,,,
2021-04-22,珠海,45.0,,,
2021-04-22,珠海,50.0,,,
2021-04-22,珠海,60.0,,,
2021-04-22,珠海,70.0,,,
2021-04-22,珠海,80.0,,,
2021-04-22,珠海,90.0,,,
2021-04-22,珠海,100.0,,,
2021-04-22,珠海,125.0,,,
2021-04-22,珠海,150.0,,,
2021-04-22,珠海,200.0,,,
2021-04-22,珠海,250.0,,,
2021-04-22,珠海,300.0,,,
2021-04-22,珠海,350.0,,,
2021-04-22,珠海,400.0,,,
2021-04-22,珠海,500.0,,,
2021-04-22,珠海,600.0,,,
2021-04-22,珠海,700.0,,,
2021-04-22,珠海,800.0,,,
2021-04-22,珠海,900.0,,,
2021-04-22,珠海,1000.0,,,
2021-04-22,珠海,1250.0,,,
2021-04-22,珠海,1500.0,,,
2021-04-22,珠海,2000.0,,,
2021-04-22,珠海,2500.0,,,
2021-04-22,珠海,3000.0,,,
2021-04-22,珠海,4000.0,,,
2021-04-22,珠海,5000.0,,,
2021-04-23,珠海,0.0,0.004,-0.085,0.085094
2021-04-23,珠海,2.0,-0.001,-0.053,0.053009
2021-04-23,珠海,4.0,-0.002,-0.021,0.021095
2021-04-23,珠海,6.0,0.0,0.02,0.02
2021-04-23,珠海,8.0,,,
2021-04-23,珠海,10.0,,,
2021-04-23,珠海,12.0,,,
2021-04-23,珠海,15.0,,,
2021-04-23,珠海,20.0,,,
2021-04-23,珠海,25.0,,,
2021-04-23,珠海,30.0,,,
2021-04-23,珠海,35.0,,,
2021-04-23,珠海,40.0,,,
2021-04-23,珠海,45.0,,,
2021-04-23,珠海,50.0,,,
2021-04-23,珠海,60.0,,,
2021-04-23,珠海,70.0,,,
2021-04-23,珠海,80.0,,,
2021-04-23,珠海,90.0,,,
2021-04-23,珠海,100.0,,,
2021-04-23,珠海,125.0,,,
2021-04-23,珠海,150.0,,,
2021-04-23,珠海,200.0,,,
2021-04-23,珠海,250.0,,,
2021-04-23,珠海,300.0,,,
2021-04-23,珠海,350.0,,,
2021-04-23,珠海,400.0,,,
2021-04-23,珠海,500.0,,,
2021-04-23,珠海,600.0,,,
2021-04-23,珠海,700.0,,,
2021-04-23,珠海,800.0,,,
2021-04-23,珠海,900.0,,,
2021-04-23,珠海,1000.0,,,
2021-04-23,珠海,1250.0,,,
2021-04-23,珠海,1500.0,,,
2021-04-23,珠海,2000.0,,,
2021-04-23,珠海,2500.0,,,
2021-04-23,珠海,3000.0,,,
2021-04-23,珠海,4000.0,,,
2021-04-23,珠海,5000.0,,,
2021-04-24,珠海,0.0,0.0,0.004,0.004
2021-04-24,珠海,2.0,0.005,-0.002,0.005385
2021-04-24,珠海,4.0,0.005,0.0,0.005
2021-04-24,珠海,6.0,0.0,0.049,0.049
2021-04-24,珠海,8.0,,,
2021-04-24,珠海,10.0,,,
2021-04-24,珠海,12.0,,,
2021-04-24,珠海,15.0,,,
2021-04-24,珠海,20.0,,,
2021-04-24,珠海,25.0,,,
2021-04-24,珠海,30.0,,,
2021-04-24,珠海,35.0,,,
2021-04-24,珠海,40.0,,,
2021-04-24,珠海,45.0,,,
2021-04-24,珠海,50.0,,,
2021-04-24,珠海,60.0,,,
2021-04-24,珠海,70.0,,,
2021-04-24,珠海,80.0,,,
2021-04-24,珠海,90.0,,,
2021-04-24,珠海,100.0,,,
2021-04-24,珠海,125.0,,,
2021-04-24,珠海,150.0,,,
2021-04-24,珠海,200.0,,,
2021-04-24,珠海,250.0,,,
2021-04-24,珠海,300.0,,,
2021-04-24,珠海,350.0,,,
2021-04-24,珠海,400.0,,,
2021-04-24,珠海,500.0,,,
2021-04-24,珠海,600.0,,,
2021-04-24,珠海,700.0,,,
2021-04-24,珠海,800.0,,,
2021-04-24,珠海,900.0,,,
2021-04-24,珠海,1000.0,,,
2021-04-24,珠海,1250.0,,,
2021-04-24,珠海,1500.0,,,
2021-04-24,珠海,2000.0,,,
2021-04-24,珠海,2500.0,,,
2021-04-24,珠海,3000.0,,,
2021-04-24,珠海,4000.0,,,
2021-04-24,珠海,5000.0,,,
2021-04-25,珠海,0.0,-0.002,0.079,0.079025
2021-04-25,珠海,2.0,0.002,0.07200000000000001,0.072028
2021-04-25,珠海,4.0,0.004,0.07,0.070114
2021-04-25,珠海,6.0,0.0,0.07,0.07
2021-04-25,珠海,8.0,,,
2021-04-25,珠海,10.0,,,
2021-04-25,珠海,12.0,,,
2021-04-25,珠海,15.0,,,
2021-04-25,珠海,20.0,,,
2021-04-25,珠海,25.0,,,
2021-04-25,珠海,30.0,,,
2021-04-25,珠海,35.0,,,
2021-04-25,珠海,40.0,,,
2021-04-25,珠海,45.0,,,
2021-04-25,珠海,50.0,,,
2021-04-25,珠海,60.0,,,
2021-04-25,珠海,70.0,,,
2021-04-25,珠海,80.0,,,
2021-04-25,珠海,90.0,,,
2021-04-25,珠海,100.0,,,
2021-04-25,珠海,125.0,,,
2021-04-25,珠海,150.0,,,
2021-04-25,珠海,200.0,,,
2021-04-25,珠海,250.0,,,
2021-04-25,珠海,300.0,,,
2021-04-25,珠海,350.0,,,
2021-04-25,珠海,400.0,,,
2021-04-25,珠海,500.0,,,
2021-04-25,珠海,600.0,,,
2021-04-25,珠海,700.0,,,
2021-04-25,珠海,800.0,,,
2021-04-25,珠海,900.0,,,
2021-04-25,珠海,1000.0,,,
2021-04-25,珠海,1250.0,,,
2021-04-25,珠海,1500.0,,,
2021-04-25,珠海,2000.0,,,
2021-04-25,珠海,2500.0,,,
2021-04-25,珠海,3000.0,,,
2021-04-25,珠海,4000.0,,,
2021-04-25,珠海,5000.0,,,
2021-04-26,珠海,0.0,-0.025,0.053,0.0586
2021-04-26,珠海,2.0,-0.01,0.052000000000000005,0.052953
2021-04-26,珠海,4.0,-0.002,0.053,0.053038
2021-04-26,珠海,6.0,0.0,0.055,0.055
2021-04-26,珠海,8.0,,,
2021-04-26,珠海,10.0,,,
2021-04-26,珠海,12.0,,,
2021-04-26,珠海,15.0,,,
2021-04-26,珠海,20.0,,,
2021-04-26,珠海,25.0,,,
2021-04-26,珠海,30.0,,,
2021-04-26,珠海,35.0,,,
2021-04-26,珠海,40.0,,,
2021-04-26,珠海,45.0,,,
2021-04-26,珠海,50.0,,,
2021-04-26,珠海,60.0,,,
2021-04-26,珠海,70.0,,,
2021-04-26,珠海,80.0,,,
2021-04-26,珠海,90.0,,,
2021-04-26,珠海,100.0,,,
2021-04-26,珠海,125.0,,,
2021-04-26,珠海,150.0,,,
2021-04-26,珠海,200.0,,,
2021-04-26,珠海,250.0,,,
2021-04-26,珠海,300.0,,,
2021-04-26,珠海,350.0,,,
2021-04-26,珠海,400.0,,,
2021-04-26,珠海,500.0,,,
2021-04-26,珠海,600.0,,,
2021-04-26,珠海,700.0,,,
2021-04-26,珠海,800.0,,,
2021-04-26,珠海,900.0,,,
2021-04-26,珠海,1000.0,,,
2021-04-26,珠海,1250.0,,,
2021-04-26,珠海,1500.0,,,
2021-04-26,珠海,2000.0,,,
2021-04-26,珠海,2500.0,,,
2021-04-26,珠海,3000.0,,,
2021-04-26,珠海,4000.0,,,
2021-04-26,珠海,5000.0,,,
2021-04-28,珠海,0.0,-0.012,-0.009000000000000001,0.015
2021-04-28,珠海,2.0,-0.005,-0.004,0.006403
2021-04-28,珠海,4.0,-0.001,0.017,0.017029
2021-04-28,珠海,6.0,0.0,0.031,0.031
2021-04-28,珠海,8.0,,,
2021-04-28,珠海,10.0,,,
2021-04-28,珠海,12.0,,,
2021-04-28,珠海,15.0,,,
2021-04-28,珠海,20.0,,,
2021-04-28,珠海,25.0,,,
2021-04-28,珠海,30.0,,,
2021-04-28,珠海,35.0,,,
2021-04-28,珠海,40.0,,,
2021-04-28,珠海,45.0,,,
2021-04-28,珠海,50.0,,,
2021-04-28,珠海,60.0,,,
2021-04-28,珠海,70.0,,,
2021-04-28,珠海,80.0,,,
2021-04-28,珠海,90.0,,,
2021-04-28,珠海,100.0,,,
2021-04-28,珠海,125.0,,,
2021-04-28,珠海,150.0,,,
2021-04-28,珠海,200.0,,,
2021-04-28,珠海,250.0,,,
2021-04-28,珠海,300.0,,,
2021-04-28,珠海,350.0,,,
2021-04-28,珠海,400.0,,,
2021-04-28,珠海,500.0,,,
2021-04-28,珠海,600.0,,,
2021-04-28,珠海,700.0,,,
2021-04-28,珠海,800.0,,,
2021-04-28,珠海,900.0,,,
2021-04-28,珠海,1000.0,,,
2021-04-28,珠海,1250.0,,,
2021-04-28,珠海,1500.0,,,
2021-04-28,珠海,2000.0,,,
2021-04-28,珠海,2500.0,,,
2021-04-28,珠海,3000.0,,,
2021-04-28,珠海,4000.0,,,
2021-04-28,珠海,5000.0,,,
2021-04-29,珠海,0.0,-0.006,-0.052000000000000005,0.052345
2021-04-29,珠海,2.0,-0.004,-0.028,0.028284
2021-04-29,珠海,4.0,-0.002,0.004,0.004472
2021-04-29,珠海,6.0,0.0,0.035,0.035
2021-04-29,珠海,8.0,,,
2021-04-29,珠海,10.0,,,
2021-04-29,珠海,12.0,,,
2021-04-29,珠海,15.0,,,
2021-04-29,珠海,20.0,,,
2021-04-29,珠海,25.0,,,
2021-04-29,珠海,30.0,,,
2021-04-29,珠海,35.0,,,
2021-04-29,珠海,40.0,,,
2021-04-29,珠海,45.0,,,
2021-04-29,珠海,50.0,,,
2021-04-29,珠海,60.0,,,
2021-04-29,珠海,70.0,,,
2021-04-29,珠海,80.0,,,
2021-04-29,珠海,90.0,,,
2021-04-29,珠海,100.0,,,
2021-04-29,珠海,125.0,,,
2021-04-29,珠海,150.0,,,
2021-04-29,珠海,200.0,,,
2021-04-29,珠海,250.0,,,
2021-04-29,珠海,300.0,,,
2021-04-29,珠海,350.0,,,
2021-04-29,珠海,400.0,,,
2021-04-29,珠海,500.0,,,
2021-04-29,珠海,600.0,,,
2021-04-29,珠海,700.0,,,
2021-04-29,珠海,800.0,,,
2021-04-29,珠海,900.0,,,
2021-04-29,珠海,1000.0,,,
2021-04-29,珠海,1250.0,,,
2021-04-29,珠海,1500.0,,,
2021-04-29,珠海,2000.0,,,
2021-04-29,珠海,2500.0,,,
2021-04-29,珠海,3000.0,,,
2021-04-29,珠海,4000.0,,,
2021-04-29,珠海,5000.0,,,
2021-04-30,珠海,0.0,0.001,-0.04,0.040012
2021-04-30,珠海,2.0,0.003,-0.015,0.015297
2021-04-30,珠海,4.0,0.001,0.02,0.020025
2021-04-30,珠海,6.0,0.0,0.041,0.041
2021-04-30,珠海,8.0,,,
2021-04-30,珠海,10.0,,,
2021-04-30,珠海,12.0,,,
2021-04-30,珠海,15.0,,,
2021-04-30,珠海,20.0,,,
2021-04-30,珠海,25.0,,,
2021-04-30,珠海,30.0,,,
2021-04-30,珠海,35.0,,,
2021-04-30,珠海,40.0,,,
2021-04-30,珠海,45.0,,,
2021-04-30,珠海,50.0,,,
2021-04-30,珠海,60.0,,,
2021-04-30,珠海,70.0,,,
2021-04-30,珠海,80.0,,,
2021-04-30,珠海,90.0,,,
2021-04-30,珠海,100.0,,,
2021-04-30,珠海,125.0,,,
2021-04-30,珠海,150.0,,,
2021-04-30,珠海,200.0,,,
2021-04-30,珠海,250.0,,,
2021-04-30,珠海,300.0,,,
2021-04-30,珠海,350.0,,,
2021-04-30,珠海,400.0,,,
2021-04-30,珠海,500.0,,,
2021-04-30,珠海,600.0,,,
2021-04-30,珠海,700.0,,,
2021-04-30,珠海,800.0,,,
2021-04-30,珠海,900.0,,,
2021-04-30,珠海,1000.0,,,
2021-04-30,珠海,1250.0,,,
2021-04-30,珠海,1500.0,,,
2021-04-30,珠海,2000.0,,,
2021-04-30,珠海,2500.0,,,
2021-04-30,珠海,3000.0,,,
2021-04-30,珠海,4000.0,,,
2021-04-30,珠海,5000.0,,,
2021-05-01,珠海,0.0,0.006,-0.042,0.042426
2021-05-01,珠海,2.0,0.004,-0.02,0.020396
2021-05-01,珠海,4.0,0.001,0.012,0.012042
2021-05-01,珠海,6.0,0.0,0.044,0.044
2021-05-01,珠海,8.0,,,
2021-05-01,珠海,10.0,,,
2021-05-01,珠海,12.0,,,
2021-05-01,珠海,15.0,,,
2021-05-01,珠海,20.0,,,
2021-05-01,珠海,25.0,,,
2021-05-01,珠海,30.0,,,
2021-05-01,珠海,35.0,,,
2021-05-01,珠海,40.0,,,
2021-05-01,珠海,45.0,,,
2021-05-01,珠海,50.0,,,
2021-05-01,珠海,60.0,,,
2021-05-01,珠海,70.0,,,
2021-05-01,珠海,80.0,,,
2021-05-01,珠海,90.0,,,
2021-05-01,珠海,100.0,,,
2021-05-01,珠海,125.0,,,
2021-05-01,珠海,150.0,,,
2021-05-01,珠海,200.0,,,
2021-05-01,珠海,250.0,,,
2021-05-01,珠海,300.0,,,
2021-05-01,珠海,350.0,,,
2021-05-01,珠海,400.0,,,
2021-05-01,珠海,500.0,,,
2021-05-01,珠海,600.0,,,
2021-05-01,珠海,700.0,,,
2021-05-01,珠海,800.0,,,
2021-05-01,珠海,900.0,,,
2021-05-01,珠海,1000.0,,,
2021-05-01,珠海,1250.0,,,
2021-05-01,珠海,1500.0,,,
2021-05-01,珠海,2000.0,,,
2021-05-01,珠海,2500.0,,,
2021-05-01,珠海,3000.0,,,
2021-05-01,珠海,4000.0,,,
2021-05-01,珠海,5000.0,,,
2021-05-02,珠海,0.0,-0.004,0.068,0.068118
2021-05-02,珠海,2.0,-0.002,0.06,0.060033
2021-05-02,珠海,4.0,-0.008,0.078,0.078409
2021-05-02,珠海,6.0,0.0,0.088,0.088
2021-05-02,珠海,8.0,,,
2021-05-02,珠海,10.0,,,
2021-05-02,珠海,12.0,,,
2021-05-02,珠海,15.0,,,
2021-05-02,珠海,20.0,,,
2021-05-02,珠海,25.0,,,
2021-05-02,珠海,30.0,,,
2021-05-02,珠海,35.0,,,
2021-05-02,珠海,40.0,,,
2021-05-02,珠海,45.0,,,
2021-05-02,珠海,50.0,,,
2021-05-02,珠海,60.0,,,
2021-05-02,珠海,70.0,,,
2021-05-02,珠海,80.0,,,
2021-05-02,珠海,90.0,,,
2021-05-02,珠海,100.0,,,
2021-05-02,珠海,125.0,,,
2021-05-02,珠海,150.0,,,
2021-05-02,珠海,200.0,,,
2021-05-02,珠海,250.0,,,
2021-05-02,珠海,300.0,,,
2021-05-02,珠海,350.0,,,
2021-05-02,珠海,400.0,,,
2021-05-02,珠海,500.0,,,
2021-05-02,珠海,600.0,,,
2021-05-02,珠海,700.0,,,
2021-05-02,珠海,800.0,,,
2021-05-02,珠海,900.0,,,
2021-05-02,珠海,1000.0,,,
2021-05-02,珠海,1250.0,,,
2021-05-02,珠海,1500.0,,,
2021-05-02,珠海,2000.0,,,
2021-05-02,珠海,2500.0,,,
2021-05-02,珠海,3000.0,,,
2021-05-02,珠海,4000.0,,,
2021-05-02,珠海,5000.0,,,
2021-05-03,珠海,0.0,-0.017,0.058,0.06044
2021-05-03,珠海,2.0,-0.011,0.051000000000000004,0.052173
2021-05-03,珠海,4.0,-0.008,0.046,0.04669
2021-05-03,珠海,6.0,0.0,0.042,0.042
2021-05-03,珠海,8.0,,,
2021-05-03,珠海,10.0,,,
2021-05-03,珠海,12.0,,,
2021-05-03,珠海,15.0,,,
2021-05-03,珠海,20.0,,,
2021-05-03,珠海,25.0,,,
2021-05-03,珠海,30.0,,,
2021-05-03,珠海,35.0,,,
2021-05-03,珠海,40.0,,,
2021-05-03,珠海,45.0,,,
2021-05-03,珠海,50.0,,,
2021-05-03,珠海,60.0,,,
2021-05-03,珠海,70.0,,,
2021-05-03,珠海,80.0,,,
2021-05-03,珠海,90.0,,,
2021-05-03,珠海,100.0,,,
2021-05-03,珠海,125.0,,,
2021-05-03,珠海,150.0,,,
2021-05-03,珠海,200.0,,,
2021-05-03,珠海,250.0,,,
2021-05-03,珠海,300.0,,,
2021-05-03,珠海,350.0,,,
2021-05-03,珠海,400.0,,,
2021-05-03,珠海,500.0,,,
2021-05-03,珠海,600.0,,,
2021-05-03,珠海,700.0,,,
2021-05-03,珠海,800.0,,,
2021-05-03,珠海,900.0,,,
2021-05-03,珠海,1000.0,,,
2021-05-03,珠海,1250.0,,,
2021-05-03,珠海,1500.0,,,
2021-05-03,珠海,2000.0,,,
2021-05-03,珠海,2500.0,,,
2021-05-03,珠海,3000.0,,,
2021-05-03,珠海,4000.0,,,
2021-05-03,珠海,5000.0,,,
2021-05-05,珠海,0.0,-0.017,-0.026000000000000002,0.031064
2021-05-05,珠海,2.0,-0.013000000000000001,0.0,0.013
2021-05-05,珠海,4.0,-0.01,0.03,0.031623
2021-05-05,珠海,6.0,0.0,0.052000000000000005,0.052
2021-05-05,珠海,8.0,,,
2021-05-05,珠海,10.0,,,
2021-05-05,珠海,12.0,,,
2021-05-05,珠海,15.0,,,
2021-05-05,珠海,20.0,,,
2021-05-05,珠海,25.0,,,
2021-05-05,珠海,30.0,,,
2021-05-05,珠海,35.0,,,
2021-05-05,珠海,40.0,,,
2021-05-05,珠海,45.0,,,
2021-05-05,珠海,50.0,,,
2021-05-05,珠海,60.0,,,
2021-05-05,珠海,70.0,,,
2021-05-05,珠海,80.0,,,
2021-05-05,珠海,90.0,,,
2021-05-05,珠海,100.0,,,
2021-05-05,珠海,125.0,,,
2021-05-05,珠海,150.0,,,
2021-05-05,珠海,200.0,,,
2021-05-05,珠海,250.0,,,
2021-05-05,珠海,300.0,,,
2021-05-05,珠海,350.0,,,
2021-05-05,珠海,400.0,,,
2021-05-05,珠海,500.0,,,
2021-05-05,珠海,600.0,,,
2021-05-05,珠海,700.0,,,
2021-05-05,珠海,800.0,,,
2021-05-05,珠海,900.0,,,
2021-05-05,珠海,1000.0,,,
2021-05-05,珠海,1250.0,,,
2021-05-05,珠海,1500.0,,,
2021-05-05,珠海,2000.0,,,
2021-05-05,珠海,2500.0,,,
2021-05-05,珠海,3000.0,,,
2021-05-05,珠海,4000.0,,,
2021-05-05,珠海,5000.0,,,
2021-05-06,珠海,0.0,-0.025,0.069,0.073389
2021-05-06,珠海,2.0,-0.017,0.069,0.071063
2021-05-06,珠海,4.0,-0.013000000000000001,0.07,0.071197
2021-05-06,珠海,6.0,0.0,0.07100000000000001,0.071
2021-05-06,珠海,8.0,,,
2021-05-06,珠海,10.0,,,
2021-05-06,珠海,12.0,,,
2021-05-06,珠海,15.0,,,
2021-05-06,珠海,20.0,,,
2021-05-06,珠海,25.0,,,
2021-05-06,珠海,30.0,,,
2021-05-06,珠海,35.0,,,
2021-05-06,珠海,40.0,,,
2021-05-06,珠海,45.0,,,
2021-05-06,珠海,50.0,,,
2021-05-06,珠海,60.0,,,
2021-05-06,珠海,70.0,,,
2021-05-06,珠海,80.0,,,
2021-05-06,珠海,90.0,,,
2021-05-06,珠海,100.0,,,
2021-05-06,珠海,125.0,,,
2021-05-06,珠海,150.0,,,
2021-05-06,珠海,200.0,,,
2021-05-06,珠海,250.0,,,
2021-05-06,珠海,300.0,,,
2021-05-06,珠海,350.0,,,
2021-05-06,珠海,400.0,,,
2021-05-06,珠海,500.0,,,
2021-05-06,珠海,600.0,,,
2021-05-06,珠海,700.0,,,
2021-05-06,珠海,800.0,,,
2021-05-06,珠海,900.0,,,
2021-05-06,珠海,1000.0,,,
2021-05-06,珠海,1250.0,,,
2021-05-06,珠海,1500.0,,,
2021-05-06,珠海,2000.0,,,
2021-05-06,珠海,2500.0,,,
2021-05-06,珠海,3000.0,,,
2021-05-06,珠海,4000.0,,,
2021-05-06,珠海,5000.0,,,
2021-05-09,珠海,0.0,-0.004,-0.025,0.025318
2021-05-09,珠海,2.0,-0.006,-0.037,0.037483
2021-05-09,珠海,4.0,-0.006,-0.041,0.041437
2021-05-09,珠海,6.0,0.0,-0.034,0.034
2021-05-09,珠海,8.0,,,
2021-05-09,珠海,10.0,,,
2021-05-09,珠海,12.0,,,
2021-05-09,珠海,15.0,,,
2021-05-09,珠海,20.0,,,
2021-05-09,珠海,25.0,,,
2021-05-09,珠海,30.0,,,
2021-05-09,珠海,35.0,,,
2021-05-09,珠海,40.0,,,
2021-05-09,珠海,45.0,,,
2021-05-09,珠海,50.0,,,
2021-05-09,珠海,60.0,,,
2021-05-09,珠海,70.0,,,
2021-05-09,珠海,80.0,,,
2021-05-09,珠海,90.0,,,
2021-05-09,珠海,100.0,,,
2021-05-09,珠海,125.0,,,
2021-05-09,珠海,150.0,,,
2021-05-09,珠海,200.0,,,
2021-05-09,珠海,250.0,,,
2021-05-09,珠海,300.0,,,
2021-05-09,珠海,350.0,,,
2021-05-09,珠海,400.0,,,
2021-05-09,珠海,500.0,,,
2021-05-09,珠海,600.0,,,
2021-05-09,珠海,700.0,,,
2021-05-09,珠海,800.0,,,
2021-05-09,珠海,900.0,,,
2021-05-09,珠海,1000.0,,,
2021-05-09,珠海,1250.0,,,
2021-05-09,珠海,1500.0,,,
2021-05-09,珠海,2000.0,,,
2021-05-09,珠海,2500.0,,,
2021-05-09,珠海,3000.0,,,
2021-05-09,珠海,4000.0,,,
2021-05-09,珠海,5000.0,,,
2021-05-11,珠海,0.0,-0.003,-0.08600000000000001,0.086052
2021-05-11,珠海,2.0,-0.003,-0.10300000000000001,0.103044
2021-05-11,珠海,4.0,-0.002,-0.115,0.115017
2021-05-11,珠海,6.0,0.0,-0.121,0.121
2021-05-11,珠海,8.0,,,
2021-05-11,珠海,10.0,,,
2021-05-11,珠海,12.0,,,
2021-05-11,珠海,15.0,,,
2021-05-11,珠海,20.0,,,
2021-05-11,珠海,25.0,,,
2021-05-11,珠海,30.0,,,
2021-05-11,珠海,35.0,,,
2021-05-11,珠海,40.0,,,
2021-05-11,珠海,45.0,,,
2021-05-11,珠海,50.0,,,
2021-05-11,珠海,60.0,,,
2021-05-11,珠海,70.0,,,
2021-05-11,珠海,80.0,,,
2021-05-11,珠海,90.0,,,
2021-05-11,珠海,100.0,,,
2021-05-11,珠海,125.0,,,
2021-05-11,珠海,150.0,,,
2021-05-11,珠海,200.0,,,
2021-05-11,珠海,250.0,,,
2021-05-11,珠海,300.0,,,
2021-05-11,珠海,350.0,,,
2021-05-11,珠海,400.0,,,
2021-05-11,珠海,500.0,,,
2021-05-11,珠海,600.0,,,
2021-05-11,珠海,700.0,,,
2021-05-11,珠海,800.0,,,
2021-05-11,珠海,900.0,,,
2021-05-11,珠海,1000.0,,,
2021-05-11,珠海,1250.0,,,
2021-05-11,珠海,1500.0,,,
2021-05-11,珠海,2000.0,,,
2021-05-11,珠海,2500.0,,,
2021-05-11,珠海,3000.0,,,
2021-05-11,珠海,4000.0,,,
2021-05-11,珠海,5000.0,,,
2021-05-12,珠海,0.0,-0.003,-0.068,0.068066
2021-05-12,珠海,2.0,-0.004,-0.09,0.090089
2021-05-12,珠海,4.0,-0.004,-0.1,0.10008
2021-05-12,珠海,6.0,0.0,-0.10200000000000001,0.102
2021-05-12,珠海,8.0,,,
2021-05-12,珠海,10.0,,,
2021-05-12,珠海,12.0,,,
2021-05-12,珠海,15.0,,,
2021-05-12,珠海,20.0,,,
2021-05-12,珠海,25.0,,,
2021-05-12,珠海,30.0,,,
2021-05-12,珠海,35.0,,,
2021-05-12,珠海,40.0,,,
2021-05-12,珠海,45.0,,,
2021-05-12,珠海,50.0,,,
2021-05-12,珠海,60.0,,,
2021-05-12,珠海,70.0,,,
2021-05-12,珠海,80.0,,,
2021-05-12,珠海,90.0,,,
2021-05-12,珠海,100.0,,,
2021-05-12,珠海,125.0,,,
2021-05-12,珠海,150.0,,,
2021-05-12,珠海,200.0,,,
2021-05-12,珠海,250.0,,,
2021-05-12,珠海,300.0,,,
2021-05-12,珠海,350.0,,,
2021-05-12,珠海,400.0,,,
2021-05-12,珠海,500.0,,,
2021-05-12,珠海,600.0,,,
2021-05-12,珠海,700.0,,,
2021-05-12,珠海,800.0,,,
2021-05-12,珠海,900.0,,,
2021-05-12,珠海,1000.0,,,
2021-05-12,珠海,1250.0,,,
2021-05-12,珠海,1500.0,,,
2021-05-12,珠海,2000.0,,,
2021-05-12,珠海,2500.0,,,
2021-05-12,珠海,3000.0,,,
2021-05-12,珠海,4000.0,,,
2021-05-12,珠海,5000.0,,,
2021-05-13,珠海,0.0,-0.011,0.03,0.031953
2021-05-13,珠海,2.0,-0.011,0.009000000000000001,0.014213
2021-05-13,珠海,4.0,-0.01,-0.007,0.012207
2021-05-13,珠海,6.0,0.0,-0.014,0.014
2021-05-13,珠海,8.0,,,
2021-05-13,珠海,10.0,,,
2021-05-13,珠海,12.0,,,
2021-05-13,珠海,15.0,,,
2021-05-13,珠海,20.0,,,
2021-05-13,珠海,25.0,,,
2021-05-13,珠海,30.0,,,
2021-05-13,珠海,35.0,,,
2021-05-13,珠海,40.0,,,
2021-05-13,珠海,45.0,,,
2021-05-13,珠海,50.0,,,
2021-05-13,珠海,60.0,,,
2021-05-13,珠海,70.0,,,
2021-05-13,珠海,80.0,,,
2021-05-13,珠海,90.0,,,
2021-05-13,珠海,100.0,,,
2021-05-13,珠海,125.0,,,
2021-05-13,珠海,150.0,,,
2021-05-13,珠海,200.0,,,
2021-05-13,珠海,250.0,,,
2021-05-13,珠海,300.0,,,
2021-05-13,珠海,350.0,,,
2021-05-13,珠海,400.0,,,
2021-05-13,珠海,500.0,,,
2021-05-13,珠海,600.0,,,
2021-05-13,珠海,700.0,,,
2021-05-13,珠海,800.0,,,
2021-05-13,珠海,900.0,,,
2021-05-13,珠海,1000.0,,,
2021-05-13,珠海,1250.0,,,
2021-05-13,珠海,1500.0,,,
2021-05-13,珠海,2000.0,,,
2021-05-13,珠海,2500.0,,,
2021-05-13,珠海,3000.0,,,
2021-05-13,珠海,4000.0,,,
2021-05-13,珠海,5000.0,,,
2021-05-14,珠海,0.0,-0.012,0.055,0.056294
2021-05-14,珠海,2.0,-0.009000000000000001,0.037,0.038079
2021-05-14,珠海,4.0,-0.008,0.027,0.02816
2021-05-14,珠海,6.0,0.0,0.021,0.021
2021-05-14,珠海,8.0,,,
2021-05-14,珠海,10.0,,,
2021-05-14,珠海,12.0,,,
2021-05-14,珠海,15.0,,,
2021-05-14,珠海,20.0,,,
2021-05-14,珠海,25.0,,,
2021-05-14,珠海,30.0,,,
2021-05-14,珠海,35.0,,,
2021-05-14,珠海,40.0,,,
2021-05-14,珠海,45.0,,,
2021-05-14,珠海,50.0,,,
2021-05-14,珠海,60.0,,,
2021-05-14,珠海,70.0,,,
2021-05-14,珠海,80.0,,,
2021-05-14,珠海,90.0,,,
2021-05-14,珠海,100.0,,,
2021-05-14,珠海,125.0,,,
2021-05-14,珠海,150.0,,,
2021-05-14,珠海,200.0,,,
2021-05-14,珠海,250.0,,,
2021-05-14,珠海,300.0,,,
2021-05-14,珠海,350.0,,,
2021-05-14,珠海,400.0,,,
2021-05-14,珠海,500.0,,,
2021-05-14,珠海,600.0,,,
2021-05-14,珠海,700.0,,,
2021-05-14,珠海,800.0,,,
2021-05-14,珠海,900.0,,,
2021-05-14,珠海,1000.0,,,
2021-05-14,珠海,1250.0,,,
2021-05-14,珠海,1500.0,,,
2021-05-14,珠海,2000.0,,,
2021-05-14,珠海,2500.0,,,
2021-05-14,珠海,3000.0,,,
2021-05-14,珠海,4000.0,,,
2021-05-14,珠海,5000.0,,,
2021-05-15,珠海,0.0,-0.014,-0.074,0.075313
2021-05-15,珠海,2.0,-0.012,-0.093,0.093771
2021-05-15,珠海,4.0,-0.011,-0.109,0.109554
2021-05-15,珠海,6.0,0.0,-0.113,0.113
2021-05-15,珠海,8.0,,,
2021-05-15,珠海,10.0,,,
2021-05-15,珠海,12.0,,,
2021-05-15,珠海,15.0,,,
2021-05-15,珠海,20.0,,,
2021-05-15,珠海,25.0,,,
2021-05-15,珠海,30.0,,,
2021-05-15,珠海,35.0,,,
2021-05-15,珠海,40.0,,,
2021-05-15,珠海,45.0,,,
2021-05-15,珠海,50.0,,,
2021-05-15,珠海,60.0,,,
2021-05-15,珠海,70.0,,,
2021-05-15,珠海,80.0,,,
2021-05-15,珠海,90.0,,,
2021-05-15,珠海,100.0,,,
2021-05-15,珠海,125.0,,,
2021-05-15,珠海,150.0,,,
2021-05-15,珠海,200.0,,,
2021-05-15,珠海,250.0,,,
2021-05-15,珠海,300.0,,,
2021-05-15,珠海,350.0,,,
2021-05-15,珠海,400.0,,,
2021-05-15,珠海,500.0,,,
2021-05-15,珠海,600.0,,,
2021-05-15,珠海,700.0,,,
2021-05-15,珠海,800.0,,,
2021-05-15,珠海,900.0,,,
2021-05-15,珠海,1000.0,,,
2021-05-15,珠海,1250.0,,,
2021-05-15,珠海,1500.0,,,
2021-05-15,珠海,2000.0,,,
2021-05-15,珠海,2500.0,,,
2021-05-15,珠海,3000.0,,,
2021-05-15,珠海,4000.0,,,
2021-05-15,珠海,5000.0,,,
2021-05-16,珠海,0.0,-0.01,-0.037,0.038328
2021-05-16,珠海,2.0,-0.01,-0.052000000000000005,0.052953
2021-05-16,珠海,4.0,-0.01,-0.064,0.064777
2021-05-16,珠海,6.0,0.0,-0.067,0.067
2021-05-16,珠海,8.0,,,
2021-05-16,珠海,10.0,,,
2021-05-16,珠海,12.0,,,
2021-05-16,珠海,15.0,,,
2021-05-16,珠海,20.0,,,
2021-05-16,珠海,25.0,,,
2021-05-16,珠海,30.0,,,
2021-05-16,珠海,35.0,,,
2021-05-16,珠海,40.0,,,
2021-05-16,珠海,45.0,,,
2021-05-16,珠海,50.0,,,
2021-05-16,珠海,60.0,,,
2021-05-16,珠海,70.0,,,
2021-05-16,珠海,80.0,,,
2021-05-16,珠海,90.0,,,
2021-05-16,珠海,100.0,,,
2021-05-16,珠海,125.0,,,
2021-05-16,珠海,150.0,,,
2021-05-16,珠海,200.0,,,
2021-05-16,珠海,250.0,,,
2021-05-16,珠海,300.0,,,
2021-05-16,珠海,350.0,,,
2021-05-16,珠海,400.0,,,
2021-05-16,珠海,500.0,,,
2021-05-16,珠海,600.0,,,
2021-05-16,珠海,700.0,,,
2021-05-16,珠海,800.0,,,
2021-05-16,珠海,900.0,,,
2021-05-16,珠海,1000.0,,,
2021-05-16,珠海,1250.0,,,
2021-05-16,珠海,1500.0,,,
2021-05-16,珠海,2000.0,,,
2021-05-16,珠海,2500.0,,,
2021-05-16,珠海,3000.0,,,
2021-05-16,珠海,4000.0,,,
2021-05-16,珠海,5000.0,,,
2021-05-17,珠海,0.0,-0.013000000000000001,-0.043000000000000003,0.044922
2021-05-17,珠海,2.0,-0.015,-0.058,0.059908
2021-05-17,珠海,4.0,-0.016,-0.065,0.06694
2021-05-17,珠海,6.0,0.0,-0.066,0.066
2021-05-17,珠海,8.0,,,
2021-05-17,珠海,10.0,,,
2021-05-17,珠海,12.0,,,
2021-05-17,珠海,15.0,,,
2021-05-17,珠海,20.0,,,
2021-05-17,珠海,25.0,,,
2021-05-17,珠海,30.0,,,
2021-05-17,珠海,35.0,,,
2021-05-17,珠海,40.0,,,
2021-05-17,珠海,45.0,,,
2021-05-17,珠海,50.0,,,
2021-05-17,珠海,60.0,,,
2021-05-17,珠海,70.0,,,
2021-05-17,珠海,80.0,,,
2021-05-17,珠海,90.0,,,
2021-05-17,珠海,100.0,,,
2021-05-17,珠海,125.0,,,
2021-05-17,珠海,150.0,,,
2021-05-17,珠海,200.0,,,
2021-05-17,珠海,250.0,,,
2021-05-17,珠海,300.0,,,
2021-05-17,珠海,350.0,,,
2021-05-17,珠海,400.0,,,
2021-05-17,珠海,500.0,,,
2021-05-17,珠海,600.0,,,
2021-05-17,珠海,700.0,,,
2021-05-17,珠海,800.0,,,
2021-05-17,珠海,900.0,,,
2021-05-17,珠海,1000.0,,,
2021-05-17,珠海,1250.0,,,
2021-05-17,珠海,1500.0,,,
2021-05-17,珠海,2000.0,,,
2021-05-17,珠海,2500.0,,,
2021-05-17,珠海,3000.0,,,
2021-05-17,珠海,4000.0,,,
2021-05-17,珠海,5000.0,,,
2021-05-18,珠海,0.0,-0.017,-0.025,0.030232
2021-05-18,珠海,2.0,-0.017,-0.041,0.044385
2021-05-18,珠海,4.0,-0.016,-0.049,0.051546
2021-05-18,珠海,6.0,0.0,-0.047,0.047
2021-05-18,珠海,8.0,,,
2021-05-18,珠海,10.0,,,
2021-05-18,珠海,12.0,,,
2021-05-18,珠海,15.0,,,
2021-05-18,珠海,20.0,,,
2021-05-18,珠海,25.0,,,
2021-05-18,珠海,30.0,,,
2021-05-18,珠海,35.0,,,
2021-05-18,珠海,40.0,,,
2021-05-18,珠海,45.0,,,
2021-05-18,珠海,50.0,,,
2021-05-18,珠海,60.0,,,
2021-05-18,珠海,70.0,,,
2021-05-18,珠海,80.0,,,
2021-05-18,珠海,90.0,,,
2021-05-18,珠海,100.0,,,
2021-05-18,珠海,125.0,,,
2021-05-18,珠海,150.0,,,
2021-05-18,珠海,200.0,,,
2021-05-18,珠海,250.0,,,
2021-05-18,珠海,300.0,,,
2021-05-18,珠海,350.0,,,
2021-05-18,珠海,400.0,,,
2021-05-18,珠海,500.0,,,
2021-05-18,珠海,600.0,,,
2021-05-18,珠海,700.0,,,
2021-05-18,珠海,800.0,,,
2021-05-18,珠海,900.0,,,
2021-05-18,珠海,1000.0,,,
2021-05-18,珠海,1250.0,,,
2021-05-18,珠海,1500.0,,,
2021-05-18,珠海,2000.0,,,
2021-05-18,珠海,2500.0,,,
2021-05-18,珠海,3000.0,,,
2021-05-18,珠海,4000.0,,,
2021-05-18,珠海,5000.0,,,
2021-05-19,珠海,0.0,-0.015,-0.038,0.040853
2021-05-19,珠海,2.0,-0.014,-0.056,0.057723
2021-05-19,珠海,4.0,-0.012,-0.07100000000000001,0.072007
2021-05-19,珠海,6.0,0.0,-0.076,0.076
2021-05-19,珠海,8.0,,,
2021-05-19,珠海,10.0,,,
2021-05-19,珠海,12.0,,,
2021-05-19,珠海,15.0,,,
2021-05-19,珠海,20.0,,,
2021-05-19,珠海,25.0,,,
2021-05-19,珠海,30.0,,,
2021-05-19,珠海,35.0,,,
2021-05-19,珠海,40.0,,,
2021-05-19,珠海,45.0,,,
2021-05-19,珠海,50.0,,,
2021-05-19,珠海,60.0,,,
2021-05-19,珠海,70.0,,,
2021-05-19,珠海,80.0,,,
2021-05-19,珠海,90.0,,,
2021-05-19,珠海,100.0,,,
2021-05-19,珠海,125.0,,,
2021-05-19,珠海,150.0,,,
2021-05-19,珠海,200.0,,,
2021-05-19,珠海,250.0,,,
2021-05-19,珠海,300.0,,,
2021-05-19,珠海,350.0,,,
2021-05-19,珠海,400.0,,,
2021-05-19,珠海,500.0,,,
2021-05-19,珠海,600.0,,,
2021-05-19,珠海,700.0,,,
2021-05-19,珠海,800.0,,,
2021-05-19,珠海,900.0,,,
2021-05-19,珠海,1000.0,,,
2021-05-19,珠海,1250.0,,,
2021-05-19,珠海,1500.0,,,
2021-05-19,珠海,2000.0,,,
2021-05-19,珠海,2500.0,,,
2021-05-19,珠海,3000.0,,,
2021-05-19,珠海,4000.0,,,
2021-05-19,珠海,5000.0,,,
2021-05-20,珠海,0.0,-0.011,-0.019,0.021954
2021-05-20,珠海,2.0,-0.012,-0.04,0.041761
2021-05-20,珠海,4.0,-0.012,-0.058,0.059228
2021-05-20,珠海,6.0,0.0,-0.064,0.064
2021-05-20,珠海,8.0,,,
2021-05-20,珠海,10.0,,,
2021-05-20,珠海,12.0,,,
2021-05-20,珠海,15.0,,,
2021-05-20,珠海,20.0,,,
2021-05-20,珠海,25.0,,,
2021-05-20,珠海,30.0,,,
2021-05-20,珠海,35.0,,,
2021-05-20,珠海,40.0,,,
2021-05-20,珠海,45.0,,,
2021-05-20,珠海,50.0,,,
2021-05-20,珠海,60.0,,,
2021-05-20,珠海,70.0,,,
2021-05-20,珠海,80.0,,,
2021-05-20,珠海,90.0,,,
2021-05-20,珠海,100.0,,,
2021-05-20,珠海,125.0,,,
2021-05-20,珠海,150.0,,,
2021-05-20,珠海,200.0,,,
2021-05-20,珠海,250.0,,,
2021-05-20,珠海,300.0,,,
2021-05-20,珠海,350.0,,,
2021-05-20,珠海,400.0,,,
2021-05-20,珠海,500.0,,,
2021-05-20,珠海,600.0,,,
2021-05-20,珠海,700.0,,,
2021-05-20,珠海,800.0,,,
2021-05-20,珠海,900.0,,,
2021-05-20,珠海,1000.0,,,
2021-05-20,珠海,1250.0,,,
2021-05-20,珠海,1500.0,,,
2021-05-20,珠海,2000.0,,,
2021-05-20,珠海,2500.0,,,
2021-05-20,珠海,3000.0,,,
2021-05-20,珠海,4000.0,,,
2021-05-20,珠海,5000.0,,,
2021-05-22,珠海,0.0,-0.005,-0.056,0.056223
2021-05-22,珠海,2.0,-0.007,-0.08,0.080306
2021-05-22,珠海,4.0,-0.008,-0.099,0.099323
2021-05-22,珠海,6.0,0.0,-0.105,0.105
2021-05-22,珠海,8.0,,,
2021-05-22,珠海,10.0,,,
2021-05-22,珠海,12.0,,,
2021-05-22,珠海,15.0,,,
2021-05-22,珠海,20.0,,,
2021-05-22,珠海,25.0,,,
2021-05-22,珠海,30.0,,,
2021-05-22,珠海,35.0,,,
2021-05-22,珠海,40.0,,,
2021-05-22,珠海,45.0,,,
2021-05-22,珠海,50.0,,,
2021-05-22,珠海,60.0,,,
2021-05-22,珠海,70.0,,,
2021-05-22,珠海,80.0,,,
2021-05-22,珠海,90.0,,,
2021-05-22,珠海,100.0,,,
2021-05-22,珠海,125.0,,,
2021-05-22,珠海,150.0,,,
2021-05-22,珠海,200.0,,,
2021-05-22,珠海,250.0,,,
2021-05-22,珠海,300.0,,,
2021-05-22,珠海,350.0,,,
2021-05-22,珠海,400.0,,,
2021-05-22,珠海,500.0,,,
2021-05-22,珠海,600.0,,,
2021-05-22,珠海,700.0,,,
2021-05-22,珠海,800.0,,,
2021-05-22,珠海,900.0,,,
2021-05-22,珠海,1000.0,,,
2021-05-22,珠海,1250.0,,,
2021-05-22,珠海,1500.0,,,
2021-05-22,珠海,2000.0,,,
2021-05-22,珠海,2500.0,,,
2021-05-22,珠海,3000.0,,,
2021-05-22,珠海,4000.0,,,
2021-05-22,珠海,5000.0,,,
2021-05-23,珠海,0.0,-0.018000000000000002,-0.038,0.042048
2021-05-23,珠海,2.0,-0.015,-0.053,0.055082
2021-05-23,珠海,4.0,-0.012,-0.058,0.059228
2021-05-23,珠海,6.0,0.0,-0.058,0.058
2021-05-23,珠海,8.0,,,
2021-05-23,珠海,10.0,,,
2021-05-23,珠海,12.0,,,
2021-05-23,珠海,15.0,,,
2021-05-23,珠海,20.0,,,
2021-05-23,珠海,25.0,,,
2021-05-23,珠海,30.0,,,
2021-05-23,珠海,35.0,,,
2021-05-23,珠海,40.0,,,
2021-05-23,珠海,45.0,,,
2021-05-23,珠海,50.0,,,
2021-05-23,珠海,60.0,,,
2021-05-23,珠海,70.0,,,
2021-05-23,珠海,80.0,,,
2021-05-23,珠海,90.0,,,
2021-05-23,珠海,100.0,,,
2021-05-23,珠海,125.0,,,
2021-05-23,珠海,150.0,,,
2021-05-23,珠海,200.0,,,
2021-05-23,珠海,250.0,,,
2021-05-23,珠海,300.0,,,
2021-05-23,珠海,350.0,,,
2021-05-23,珠海,400.0,,,
2021-05-23,珠海,500.0,,,
2021-05-23,珠海,600.0,,,
2021-05-23,珠海,700.0,,,
2021-05-23,珠海,800.0,,,
2021-05-23,珠海,900.0,,,
2021-05-23,珠海,1000.0,,,
2021-05-23,珠海,1250.0,,,
2021-05-23,珠海,1500.0,,,
2021-05-23,珠海,2000.0,,,
2021-05-23,珠海,2500.0,,,
2021-05-23,珠海,3000.0,,,
2021-05-23,珠海,4000.0,,,
2021-05-23,珠海,5000.0,,,
2021-05-26,珠海,0.0,-0.018000000000000002,-0.113,0.114425
2021-05-26,珠海,2.0,-0.017,-0.125,0.126151
2021-05-26,珠海,4.0,-0.016,-0.128,0.128996
2021-05-26,珠海,6.0,0.0,-0.128,0.128
2021-05-26,珠海,8.0,,,
2021-05-26,珠海,10.0,,,
2021-05-26,珠海,12.0,,,
2021-05-26,珠海,15.0,,,
2021-05-26,珠海,20.0,,,
2021-05-26,珠海,25.0,,,
2021-05-26,珠海,30.0,,,
2021-05-26,珠海,35.0,,,
2021-05-26,珠海,40.0,,,
2021-05-26,珠海,45.0,,,
2021-05-26,珠海,50.0,,,
2021-05-26,珠海,60.0,,,
2021-05-26,珠海,70.0,,,
2021-05-26,珠海,80.0,,,
2021-05-26,珠海,90.0,,,
2021-05-26,珠海,100.0,,,
2021-05-26,珠海,125.0,,,
2021-05-26,珠海,150.0,,,
2021-05-26,珠海,200.0,,,
2021-05-26,珠海,250.0,,,
2021-05-26,珠海,300.0,,,
2021-05-26,珠海,350.0,,,
2021-05-26,珠海,400.0,,,
2021-05-26,珠海,500.0,,,
2021-05-26,珠海,600.0,,,
2021-05-26,珠海,700.0,,,
2021-05-26,珠海,800.0,,,
2021-05-26,珠海,900.0,,,
2021-05-26,珠海,1000.0,,,
2021-05-26,珠海,1250.0,,,
2021-05-26,珠海,1500.0,,,
2021-05-26,珠海,2000.0,,,
2021-05-26,珠海,2500.0,,,
2021-05-26,珠海,3000.0,,,
2021-05-26,珠海,4000.0,,,
2021-05-26,珠海,5000.0,,,
2021-05-27,珠海,0.0,-0.016,0.002,0.016125
2021-05-27,珠海,2.0,-0.017,-0.009000000000000001,0.019235
2021-05-27,珠海,4.0,-0.018000000000000002,-0.018000000000000002,0.025456
2021-05-27,珠海,6.0,0.0,-0.014,0.014
2021-05-27,珠海,8.0,,,
2021-05-27,珠海,10.0,,,
2021-05-27,珠海,12.0,,,
2021-05-27,珠海,15.0,,,
2021-05-27,珠海,20.0,,,
2021-05-27,珠海,25.0,,,
2021-05-27,珠海,30.0,,,
2021-05-27,珠海,35.0,,,
2021-05-27,珠海,40.0,,,
2021-05-27,珠海,45.0,,,
2021-05-27,珠海,50.0,,,
2021-05-27,珠海,60.0,,,
2021-05-27,珠海,70.0,,,
2021-05-27,珠海,80.0,,,
2021-05-27,珠海,90.0,,,
2021-05-27,珠海,100.0,,,
2021-05-27,珠海,125.0,,,
2021-05-27,珠海,150.0,,,
2021-05-27,珠海,200.0,,,
2021-05-27,珠海,250.0,,,
2021-05-27,珠海,300.0,,,
2021-05-27,珠海,350.0,,,
2021-05-27,珠海,400.0,,,
2021-05-27,珠海,500.0,,,
2021-05-27,珠海,600.0,,,
2021-05-27,珠海,700.0,,,
2021-05-27,珠海,800.0,,,
2021-05-27,珠海,900.0,,,
2021-05-27,珠海,1000.0,,,
2021-05-27,珠海,1250.0,,,
2021-05-27,珠海,1500.0,,,
2021-05-27,珠海,2000.0,,,
2021-05-27,珠海,2500.0,,,
2021-05-27,珠海,3000.0,,,
2021-05-27,珠海,4000.0,,,
2021-05-27,珠海,5000.0,,,
2021-05-28,珠海,0.0,-0.011,-0.022,0.024597
2021-05-28,珠海,2.0,-0.015,-0.039,0.041785
2021-05-28,珠海,4.0,-0.017,-0.054,0.056613
2021-05-28,珠海,6.0,0.0,-0.057,0.057
2021-05-28,珠海,8.0,,,
2021-05-28,珠海,10.0,,,
2021-05-28,珠海,12.0,,,
2021-05-28,珠海,15.0,,,
2021-05-28,珠海,20.0,,,
2021-05-28,珠海,25.0,,,
2021-05-28,珠海,30.0,,,
2021-05-28,珠海,35.0,,,
2021-05-28,珠海,40.0,,,
2021-05-28,珠海,45.0,,,
2021-05-28,珠海,50.0,,,
2021-05-28,珠海,60.0,,,
2021-05-28,珠海,70.0,,,
2021-05-28,珠海,80.0,,,
2021-05-28,珠海,90.0,,,
2021-05-28,珠海,100.0,,,
2021-05-28,珠海,125.0,,,
2021-05-28,珠海,150.0,,,
2021-05-28,珠海,200.0,,,
2021-05-28,珠海,250.0,,,
2021-05-28,珠海,300.0,,,
2021-05-28,珠海,350.0,,,
2021-05-28,珠海,400.0,,,
2021-05-28,珠海,500.0,,,
2021-05-28,珠海,600.0,,,
2021-05-28,珠海,700.0,,,
2021-05-28,珠海,800.0,,,
2021-05-28,珠海,900.0,,,
2021-05-28,珠海,1000.0,,,
2021-05-28,珠海,1250.0,,,
2021-05-28,珠海,1500.0,,,
2021-05-28,珠海,2000.0,,,
2021-05-28,珠海,2500.0,,,
2021-05-28,珠海,3000.0,,,
2021-05-28,珠海,4000.0,,,
2021-05-28,珠海,5000.0,,,
2021-05-29,珠海,0.0,-0.011,0.061,0.061984
2021-05-29,珠海,2.0,-0.013000000000000001,0.043000000000000003,0.044922
2021-05-29,珠海,4.0,-0.015,0.032,0.035341
2021-05-29,珠海,6.0,0.0,0.027,0.027
2021-05-29,珠海,8.0,,,
2021-05-29,珠海,10.0,,,
2021-05-29,珠海,12.0,,,
2021-05-29,珠海,15.0,,,
2021-05-29,珠海,20.0,,,
2021-05-29,珠海,25.0,,,
2021-05-29,珠海,30.0,,,
2021-05-29,珠海,35.0,,,
2021-05-29,珠海,40.0,,,
2021-05-29,珠海,45.0,,,
2021-05-29,珠海,50.0,,,
2021-05-29,珠海,60.0,,,
2021-05-29,珠海,70.0,,,
2021-05-29,珠海,80.0,,,
2021-05-29,珠海,90.0,,,
2021-05-29,珠海,100.0,,,
2021-05-29,珠海,125.0,,,
2021-05-29,珠海,150.0,,,
2021-05-29,珠海,200.0,,,
2021-05-29,珠海,250.0,,,
2021-05-29,珠海,300.0,,,
2021-05-29,珠海,350.0,,,
2021-05-29,珠海,400.0,,,
2021-05-29,珠海,500.0,,,
2021-05-29,珠海,600.0,,,
2021-05-29,珠海,700.0,,,
2021-05-29,珠海,800.0,,,
2021-05-29,珠海,900.0,,,
2021-05-29,珠海,1000.0,,,
2021-05-29,珠海,1250.0,,,
2021-05-29,珠海,1500.0,,,
2021-05-29,珠海,2000.0,,,
2021-05-29,珠海,2500.0,,,
2021-05-29,珠海,3000.0,,,
2021-05-29,珠海,4000.0,,,
2021-05-29,珠海,5000.0,,,
2021-05-30,珠海,0.0,-0.003,-0.04,0.040112
2021-05-30,珠海,2.0,-0.008,-0.054,0.054589
2021-05-30,珠海,4.0,-0.011,-0.061,0.061984
2021-05-30,珠海,6.0,0.0,-0.063,0.063
2021-05-30,珠海,8.0,,,
2021-05-30,珠海,10.0,,,
2021-05-30,珠海,12.0,,,
2021-05-30,珠海,15.0,,,
2021-05-30,珠海,20.0,,,
2021-05-30,珠海,25.0,,,
2021-05-30,珠海,30.0,,,
2021-05-30,珠海,35.0,,,
2021-05-30,珠海,40.0,,,
2021-05-30,珠海,45.0,,,
2021-05-30,珠海,50.0,,,
2021-05-30,珠海,60.0,,,
2021-05-30,珠海,70.0,,,
2021-05-30,珠海,80.0,,,
2021-05-30,珠海,90.0,,,
2021-05-30,珠海,100.0,,,
2021-05-30,珠海,125.0,,,
2021-05-30,珠海,150.0,,,
2021-05-30,珠海,200.0,,,
2021-05-30,珠海,250.0,,,
2021-05-30,珠海,300.0,,,
2021-05-30,珠海,350.0,,,
2021-05-30,珠海,400.0,,,
2021-05-30,珠海,500.0,,,
2021-05-30,珠海,600.0,,,
2021-05-30,珠海,700.0,,,
2021-05-30,珠海,800.0,,,
2021-05-30,珠海,900.0,,,
2021-05-30,珠海,1000.0,,,
2021-05-30,珠海,1250.0,,,
2021-05-30,珠海,1500.0,,,
2021-05-30,珠海,2000.0,,,
2021-05-30,珠海,2500.0,,,
2021-05-30,珠海,3000.0,,,
2021-05-30,珠海,4000.0,,,
2021-05-30,珠海,5000.0,,,
2021-05-31,珠海,0.0,-0.012,0.045,0.046573
2021-05-31,珠海,2.0,-0.015,0.025,0.029155
2021-05-31,珠海,4.0,-0.016,0.015,0.021932
2021-05-31,珠海,6.0,0.0,0.01,0.01
2021-05-31,珠海,8.0,,,
2021-05-31,珠海,10.0,,,
2021-05-31,珠海,12.0,,,
2021-05-31,珠海,15.0,,,
2021-05-31,珠海,20.0,,,
2021-05-31,珠海,25.0,,,
2021-05-31,珠海,30.0,,,
2021-05-31,珠海,35.0,,,
2021-05-31,珠海,40.0,,,
2021-05-31,珠海,45.0,,,
2021-05-31,珠海,50.0,,,
2021-05-31,珠海,60.0,,,
2021-05-31,珠海,70.0,,,
2021-05-31,珠海,80.0,,,
2021-05-31,珠海,90.0,,,
2021-05-31,珠海,100.0,,,
2021-05-31,珠海,125.0,,,
2021-05-31,珠海,150.0,,,
2021-05-31,珠海,200.0,,,
2021-05-31,珠海,250.0,,,
2021-05-31,珠海,300.0,,,
2021-05-31,珠海,350.0,,,
2021-05-31,珠海,400.0,,,
2021-05-31,珠海,500.0,,,
2021-05-31,珠海,600.0,,,
2021-05-31,珠海,700.0,,,
2021-05-31,珠海,800.0,,,
2021-05-31,珠海,900.0,,,
2021-05-31,珠海,1000.0,,,
2021-05-31,珠海,1250.0,,,
2021-05-31,珠海,1500.0,,,
2021-05-31,珠海,2000.0,,,
2021-05-31,珠海,2500.0,,,
2021-05-31,珠海,3000.0,,,
2021-05-31,珠海,4000.0,,,
2021-05-31,珠海,5000.0,,,
2021-06-01,珠海,0.0,-0.016,-0.035,0.038484
2021-06-01,珠海,2.0,-0.017,-0.05,0.052811
2021-06-01,珠海,4.0,-0.018000000000000002,-0.061,0.0636
2021-06-01,珠海,6.0,0.0,-0.056,0.056
2021-06-01,珠海,8.0,,,
2021-06-01,珠海,10.0,,,
2021-06-01,珠海,12.0,,,
2021-06-01,珠海,15.0,,,
2021-06-01,珠海,20.0,,,
2021-06-01,珠海,25.0,,,
2021-06-01,珠海,30.0,,,
2021-06-01,珠海,35.0,,,
2021-06-01,珠海,40.0,,,
2021-06-01,珠海,45.0,,,
2021-06-01,珠海,50.0,,,
2021-06-01,珠海,60.0,,,
2021-06-01,珠海,70.0,,,
2021-06-01,珠海,80.0,,,
2021-06-01,珠海,90.0,,,
2021-06-01,珠海,100.0,,,
2021-06-01,珠海,125.0,,,
2021-06-01,珠海,150.0,,,
2021-06-01,珠海,200.0,,,
2021-06-01,珠海,250.0,,,
2021-06-01,珠海,300.0,,,
2021-06-01,珠海,350.0,,,
2021-06-01,珠海,400.0,,,
2021-06-01,珠海,500.0,,,
2021-06-01,珠海,600.0,,,
2021-06-01,珠海,700.0,,,
2021-06-01,珠海,800.0,,,
2021-06-01,珠海,900.0,,,
2021-06-01,珠海,1000.0,,,
2021-06-01,珠海,1250.0,,,
2021-06-01,珠海,1500.0,,,
2021-06-01,珠海,2000.0,,,
2021-06-01,珠海,2500.0,,,
2021-06-01,珠海,3000.0,,,
2021-06-01,珠海,4000.0,,,
2021-06-01,珠海,5000.0,,,
2021-06-02,珠海,0.0,-0.024,-0.008,0.025298
2021-06-02,珠海,2.0,-0.023,-0.03,0.037802
2021-06-02,珠海,4.0,-0.022,-0.036000000000000004,0.04219
2021-06-02,珠海,6.0,0.0,-0.024,0.024
2021-06-02,珠海,8.0,,,
2021-06-02,珠海,10.0,,,
2021-06-02,珠海,12.0,,,
2021-06-02,珠海,15.0,,,
2021-06-02,珠海,20.0,,,
2021-06-02,珠海,25.0,,,
2021-06-02,珠海,30.0,,,
2021-06-02,珠海,35.0,,,
2021-06-02,珠海,40.0,,,
2021-06-02,珠海,45.0,,,
2021-06-02,珠海,50.0,,,
2021-06-02,珠海,60.0,,,
2021-06-02,珠海,70.0,,,
2021-06-02,珠海,80.0,,,
2021-06-02,珠海,90.0,,,
2021-06-02,珠海,100.0,,,
2021-06-02,珠海,125.0,,,
2021-06-02,珠海,150.0,,,
2021-06-02,珠海,200.0,,,
2021-06-02,珠海,250.0,,,
2021-06-02,珠海,300.0,,,
2021-06-02,珠海,350.0,,,
2021-06-02,珠海,400.0,,,
2021-06-02,珠海,500.0,,,
2021-06-02,珠海,600.0,,,
2021-06-02,珠海,700.0,,,
2021-06-02,珠海,800.0,,,
2021-06-02,珠海,900.0,,,
2021-06-02,珠海,1000.0,,,
2021-06-02,珠海,1250.0,,,
2021-06-02,珠海,1500.0,,,
2021-06-02,珠海,2000.0,,,
2021-06-02,珠海,2500.0,,,
2021-06-02,珠海,3000.0,,,
2021-06-02,珠海,4000.0,,,
2021-06-02,珠海,5000.0,,,
2021-06-03,珠海,0.0,-0.02,0.006,0.020881
2021-06-03,珠海,2.0,-0.018000000000000002,-0.014,0.022804
2021-06-03,珠海,4.0,-0.016,-0.022,0.027203
2021-06-03,珠海,6.0,0.0,-0.015,0.015
2021-06-03,珠海,8.0,,,
2021-06-03,珠海,10.0,,,
2021-06-03,珠海,12.0,,,
2021-06-03,珠海,15.0,,,
2021-06-03,珠海,20.0,,,
2021-06-03,珠海,25.0,,,
2021-06-03,珠海,30.0,,,
2021-06-03,珠海,35.0,,,
2021-06-03,珠海,40.0,,,
2021-06-03,珠海,45.0,,,
2021-06-03,珠海,50.0,,,
2021-06-03,珠海,60.0,,,
2021-06-03,珠海,70.0,,,
2021-06-03,珠海,80.0,,,
2021-06-03,珠海,90.0,,,
2021-06-03,珠海,100.0,,,
2021-06-03,珠海,125.0,,,
2021-06-03,珠海,150.0,,,
2021-06-03,珠海,200.0,,,
2021-06-03,珠海,250.0,,,
2021-06-03,珠海,300.0,,,
2021-06-03,珠海,350.0,,,
2021-06-03,珠海,400.0,,,
2021-06-03,珠海,500.0,,,
2021-06-03,珠海,600.0,,,
2021-06-03,珠海,700.0,,,
2021-06-03,珠海,800.0,,,
2021-06-03,珠海,900.0,,,
2021-06-03,珠海,1000.0,,,
2021-06-03,珠海,1250.0,,,
2021-06-03,珠海,1500.0,,,
2021-06-03,珠海,2000.0,,,
2021-06-03,珠海,2500.0,,,
2021-06-03,珠海,3000.0,,,
2021-06-03,珠海,4000.0,,,
2021-06-03,珠海,5000.0,,,
2021-06-04,珠海,0.0,-0.023,0.023,0.032527
2021-06-04,珠海,2.0,-0.022,0.001,0.022023
2021-06-04,珠海,4.0,-0.021,0.008,0.022472
2021-06-04,珠海,6.0,0.0,0.02,0.02
2021-06-04,珠海,8.0,,,
2021-06-04,珠海,10.0,,,
2021-06-04,珠海,12.0,,,
2021-06-04,珠海,15.0,,,
2021-06-04,珠海,20.0,,,
2021-06-04,珠海,25.0,,,
2021-06-04,珠海,30.0,,,
2021-06-04,珠海,35.0,,,
2021-06-04,珠海,40.0,,,
2021-06-04,珠海,45.0,,,
2021-06-04,珠海,50.0,,,
2021-06-04,珠海,60.0,,,
2021-06-04,珠海,70.0,,,
2021-06-04,珠海,80.0,,,
2021-06-04,珠海,90.0,,,
2021-06-04,珠海,100.0,,,
2021-06-04,珠海,125.0,,,
2021-06-04,珠海,150.0,,,
2021-06-04,珠海,200.0,,,
2021-06-04,珠海,250.0,,,
2021-06-04,珠海,300.0,,,
2021-06-04,珠海,350.0,,,
2021-06-04,珠海,400.0,,,
2021-06-04,珠海,500.0,,,
2021-06-04,珠海,600.0,,,
2021-06-04,珠海,700.0,,,
2021-06-04,珠海,800.0,,,
2021-06-04,珠海,900.0,,,
2021-06-04,珠海,1000.0,,,
2021-06-04,珠海,1250.0,,,
2021-06-04,珠海,1500.0,,,
2021-06-04,珠海,2000.0,,,
2021-06-04,珠海,2500.0,,,
2021-06-04,珠海,3000.0,,,
2021-06-04,珠海,4000.0,,,
2021-06-04,珠海,5000.0,,,
2021-06-05,珠海,0.0,-0.027,-0.005,0.027459
2021-06-05,珠海,2.0,-0.025,0.023,0.033971
2021-06-05,珠海,4.0,-0.024,0.047,0.052773
2021-06-05,珠海,6.0,0.0,0.101,0.101
2021-06-05,珠海,8.0,,,
2021-06-05,珠海,10.0,,,
2021-06-05,珠海,12.0,,,
2021-06-05,珠海,15.0,,,
2021-06-05,珠海,20.0,,,
2021-06-05,珠海,25.0,,,
2021-06-05,珠海,30.0,,,
2021-06-05,珠海,35.0,,,
2021-06-05,珠海,40.0,,,
2021-06-05,珠海,45.0,,,
2021-06-05,珠海,50.0,,,
2021-06-05,珠海,60.0,,,
2021-06-05,珠海,70.0,,,
2021-06-05,珠海,80.0,,,
2021-06-05,珠海,90.0,,,
2021-06-05,珠海,100.0,,,
2021-06-05,珠海,125.0,,,
2021-06-05,珠海,150.0,,,
2021-06-05,珠海,200.0,,,
2021-06-05,珠海,250.0,,,
2021-06-05,珠海,300.0,,,
2021-06-05,珠海,350.0,,,
2021-06-05,珠海,400.0,,,
2021-06-05,珠海,500.0,,,
2021-06-05,珠海,600.0,,,
2021-06-05,珠海,700.0,,,
2021-06-05,珠海,800.0,,,
2021-06-05,珠海,900.0,,,
2021-06-05,珠海,1000.0,,,
2021-06-05,珠海,1250.0,,,
2021-06-05,珠海,1500.0,,,
2021-06-05,珠海,2000.0,,,
2021-06-05,珠海,2500.0,,,
2021-06-05,珠海,3000.0,,,
2021-06-05,珠海,4000.0,,,
2021-06-05,珠海,5000.0,,,
2021-06-06,珠海,0.0,-0.024,-0.065,0.069289
2021-06-06,珠海,2.0,-0.021,-0.027,0.034205
2021-06-06,珠海,4.0,-0.02,-0.012,0.023324
2021-06-06,珠海,6.0,0.0,0.016,0.016
2021-06-06,珠海,8.0,,,
2021-06-06,珠海,10.0,,,
2021-06-06,珠海,12.0,,,
2021-06-06,珠海,15.0,,,
2021-06-06,珠海,20.0,,,
2021-06-06,珠海,25.0,,,
2021-06-06,珠海,30.0,,,
2021-06-06,珠海,35.0,,,
2021-06-06,珠海,40.0,,,
2021-06-06,珠海,45.0,,,
2021-06-06,珠海,50.0,,,
2021-06-06,珠海,60.0,,,
2021-06-06,珠海,70.0,,,
2021-06-06,珠海,80.0,,,
2021-06-06,珠海,90.0,,,
2021-06-06,珠海,100.0,,,
2021-06-06,珠海,125.0,,,
2021-06-06,珠海,150.0,,,
2021-06-06,珠海,200.0,,,
2021-06-06,珠海,250.0,,,
2021-06-06,珠海,300.0,,,
2021-06-06,珠海,350.0,,,
2021-06-06,珠海,400.0,,,
2021-06-06,珠海,500.0,,,
2021-06-06,珠海,600.0,,,
2021-06-06,珠海,700.0,,,
2021-06-06,珠海,800.0,,,
2021-06-06,珠海,900.0,,,
2021-06-06,珠海,1000.0,,,
2021-06-06,珠海,1250.0,,,
2021-06-06,珠海,1500.0,,,
2021-06-06,珠海,2000.0,,,
2021-06-06,珠海,2500.0,,,
2021-06-06,珠海,3000.0,,,
2021-06-06,珠海,4000.0,,,
2021-06-06,珠海,5000.0,,,
2021-06-07,珠海,0.0,-0.022,-0.084,0.086833
2021-06-07,珠海,2.0,-0.017,-0.073,0.074953
2021-06-07,珠海,4.0,-0.013000000000000001,-0.049,0.050695
2021-06-07,珠海,6.0,0.0,-0.027,0.027
2021-06-07,珠海,8.0,,,
2021-06-07,珠海,10.0,,,
2021-06-07,珠海,12.0,,,
2021-06-07,珠海,15.0,,,
2021-06-07,珠海,20.0,,,
2021-06-07,珠海,25.0,,,
2021-06-07,珠海,30.0,,,
2021-06-07,珠海,35.0,,,
2021-06-07,珠海,40.0,,,
2021-06-07,珠海,45.0,,,
2021-06-07,珠海,50.0,,,
2021-06-07,珠海,60.0,,,
2021-06-07,珠海,70.0,,,
2021-06-07,珠海,80.0,,,
2021-06-07,珠海,90.0,,,
2021-06-07,珠海,100.0,,,
2021-06-07,珠海,125.0,,,
2021-06-07,珠海,150.0,,,
2021-06-07,珠海,200.0,,,
2021-06-07,珠海,250.0,,,
2021-06-07,珠海,300.0,,,
2021-06-07,珠海,350.0,,,
2021-06-07,珠海,400.0,,,
2021-06-07,珠海,500.0,,,
2021-06-07,珠海,600.0,,,
2021-06-07,珠海,700.0,,,
2021-06-07,珠海,800.0,,,
2021-06-07,珠海,900.0,,,
2021-06-07,珠海,1000.0,,,
2021-06-07,珠海,1250.0,,,
2021-06-07,珠海,1500.0,,,
2021-06-07,珠海,2000.0,,,
2021-06-07,珠海,2500.0,,,
2021-06-07,珠海,3000.0,,,
2021-06-07,珠海,4000.0,,,
2021-06-07,珠海,5000.0,,,
2021-06-08,珠海,0.0,-0.027,-0.004,0.027295
2021-06-08,珠海,2.0,-0.017,-0.004,0.017464
2021-06-08,珠海,4.0,-0.012,0.004,0.012649
2021-06-08,珠海,6.0,0.0,0.012,0.012
2021-06-08,珠海,8.0,,,
2021-06-08,珠海,10.0,,,
2021-06-08,珠海,12.0,,,
2021-06-08,珠海,15.0,,,
2021-06-08,珠海,20.0,,,
2021-06-08,珠海,25.0,,,
2021-06-08,珠海,30.0,,,
2021-06-08,珠海,35.0,,,
2021-06-08,珠海,40.0,,,
2021-06-08,珠海,45.0,,,
2021-06-08,珠海,50.0,,,
2021-06-08,珠海,60.0,,,
2021-06-08,珠海,70.0,,,
2021-06-08,珠海,80.0,,,
2021-06-08,珠海,90.0,,,
2021-06-08,珠海,100.0,,,
2021-06-08,珠海,125.0,,,
2021-06-08,珠海,150.0,,,
2021-06-08,珠海,200.0,,,
2021-06-08,珠海,250.0,,,
2021-06-08,珠海,300.0,,,
2021-06-08,珠海,350.0,,,
2021-06-08,珠海,400.0,,,
2021-06-08,珠海,500.0,,,
2021-06-08,珠海,600.0,,,
2021-06-08,珠海,700.0,,,
2021-06-08,珠海,800.0,,,
2021-06-08,珠海,900.0,,,
2021-06-08,珠海,1000.0,,,
2021-06-08,珠海,1250.0,,,
2021-06-08,珠海,1500.0,,,
2021-06-08,珠海,2000.0,,,
2021-06-08,珠海,2500.0,,,
2021-06-08,珠海,3000.0,,,
2021-06-08,珠海,4000.0,,,
2021-06-08,珠海,5000.0,,,
2021-06-13,珠海,0.0,-0.025,-0.106,0.108908
2021-06-13,珠海,2.0,-0.012,-0.126,0.12657
2021-06-13,珠海,4.0,-0.006,-0.132,0.132136
2021-06-13,珠海,6.0,0.0,-0.133,0.133
2021-06-13,珠海,8.0,,,
2021-06-13,珠海,10.0,,,
2021-06-13,珠海,12.0,,,
2021-06-13,珠海,15.0,,,
2021-06-13,珠海,20.0,,,
2021-06-13,珠海,25.0,,,
2021-06-13,珠海,30.0,,,
2021-06-13,珠海,35.0,,,
2021-06-13,珠海,40.0,,,
2021-06-13,珠海,45.0,,,
2021-06-13,珠海,50.0,,,
2021-06-13,珠海,60.0,,,
2021-06-13,珠海,70.0,,,
2021-06-13,珠海,80.0,,,
2021-06-13,珠海,90.0,,,
2021-06-13,珠海,100.0,,,
2021-06-13,珠海,125.0,,,
2021-06-13,珠海,150.0,,,
2021-06-13,珠海,200.0,,,
2021-06-13,珠海,250.0,,,
2021-06-13,珠海,300.0,,,
2021-06-13,珠海,350.0,,,
2021-06-13,珠海,400.0,,,
2021-06-13,珠海,500.0,,,
2021-06-13,珠海,600.0,,,
2021-06-13,珠海,700.0,,,
2021-06-13,珠海,800.0,,,
2021-06-13,珠海,900.0,,,
2021-06-13,珠海,1000.0,,,
2021-06-13,珠海,1250.0,,,
2021-06-13,珠海,1500.0,,,
2021-06-13,珠海,2000.0,,,
2021-06-13,珠海,2500.0,,,
2021-06-13,珠海,3000.0,,,
2021-06-13,珠海,4000.0,,,
2021-06-13,珠海,5000.0,,,
2021-06-14,珠海,0.0,-0.016,-0.083,0.084528
2021-06-14,珠海,2.0,-0.015,-0.1,0.101119
2021-06-14,珠海,4.0,-0.013000000000000001,-0.099,0.09985
2021-06-14,珠海,6.0,0.0,-0.083,0.083
2021-06-14,珠海,8.0,,,
2021-06-14,珠海,10.0,,,
2021-06-14,珠海,12.0,,,
2021-06-14,珠海,15.0,,,
2021-06-14,珠海,20.0,,,
2021-06-14,珠海,25.0,,,
2021-06-14,珠海,30.0,,,
2021-06-14,珠海,35.0,,,
2021-06-14,珠海,40.0,,,
2021-06-14,珠海,45.0,,,
2021-06-14,珠海,50.0,,,
2021-06-14,珠海,60.0,,,
2021-06-14,珠海,70.0,,,
2021-06-14,珠海,80.0,,,
2021-06-14,珠海,90.0,,,
2021-06-14,珠海,100.0,,,
2021-06-14,珠海,125.0,,,
2021-06-14,珠海,150.0,,,
2021-06-14,珠海,200.0,,,
2021-06-14,珠海,250.0,,,
2021-06-14,珠海,300.0,,,
2021-06-14,珠海,350.0,,,
2021-06-14,珠海,400.0,,,
2021-06-14,珠海,500.0,,,
2021-06-14,珠海,600.0,,,
2021-06-14,珠海,700.0,,,
2021-06-14,珠海,800.0,,,
2021-06-14,珠海,900.0,,,
2021-06-14,珠海,1000.0,,,
2021-06-14,珠海,1250.0,,,
2021-06-14,珠海,1500.0,,,
2021-06-14,珠海,2000.0,,,
2021-06-14,珠海,2500.0,,,
2021-06-14,珠海,3000.0,,,
2021-06-14,珠海,4000.0,,,
2021-06-14,珠海,5000.0,,,
2021-06-15,珠海,0.0,-0.009000000000000001,-0.065,0.06562
2021-06-15,珠海,2.0,-0.011,-0.079,0.079762
2021-06-15,珠海,4.0,-0.012,-0.082,0.082873
2021-06-15,珠海,6.0,0.0,-0.068,0.068
2021-06-15,珠海,8.0,,,
2021-06-15,珠海,10.0,,,
2021-06-15,珠海,12.0,,,
2021-06-15,珠海,15.0,,,
2021-06-15,珠海,20.0,,,
2021-06-15,珠海,25.0,,,
2021-06-15,珠海,30.0,,,
2021-06-15,珠海,35.0,,,
2021-06-15,珠海,40.0,,,
2021-06-15,珠海,45.0,,,
2021-06-15,珠海,50.0,,,
2021-06-15,珠海,60.0,,,
2021-06-15,珠海,70.0,,,
2021-06-15,珠海,80.0,,,
2021-06-15,珠海,90.0,,,
2021-06-15,珠海,100.0,,,
2021-06-15,珠海,125.0,,,
2021-06-15,珠海,150.0,,,
2021-06-15,珠海,200.0,,,
2021-06-15,珠海,250.0,,,
2021-06-15,珠海,300.0,,,
2021-06-15,珠海,350.0,,,
2021-06-15,珠海,400.0,,,
2021-06-15,珠海,500.0,,,
2021-06-15,珠海,600.0,,,
2021-06-15,珠海,700.0,,,
2021-06-15,珠海,800.0,,,
2021-06-15,珠海,900.0,,,
2021-06-15,珠海,1000.0,,,
2021-06-15,珠海,1250.0,,,
2021-06-15,珠海,1500.0,,,
2021-06-15,珠海,2000.0,,,
2021-06-15,珠海,2500.0,,,
2021-06-15,珠海,3000.0,,,
2021-06-15,珠海,4000.0,,,
2021-06-15,珠海,5000.0,,,
2021-06-11,珠海,0.0,-0.038,-0.094,0.10139
2021-06-11,珠海,2.0,-0.022,-0.076,0.07912
2021-06-11,珠海,4.0,-0.013000000000000001,-0.064,0.065307
2021-06-11,珠海,6.0,0.0,-0.054,0.054
2021-06-11,珠海,8.0,,,
2021-06-11,珠海,10.0,,,
2021-06-11,珠海,12.0,,,
2021-06-11,珠海,15.0,,,
2021-06-11,珠海,20.0,,,
2021-06-11,珠海,25.0,,,
2021-06-11,珠海,30.0,,,
2021-06-11,珠海,35.0,,,
2021-06-11,珠海,40.0,,,
2021-06-11,珠海,45.0,,,
2021-06-11,珠海,50.0,,,
2021-06-11,珠海,60.0,,,
2021-06-11,珠海,70.0,,,
2021-06-11,珠海,80.0,,,
2021-06-11,珠海,90.0,,,
2021-06-11,珠海,100.0,,,
2021-06-11,珠海,125.0,,,
2021-06-11,珠海,150.0,,,
2021-06-11,珠海,200.0,,,
2021-06-11,珠海,250.0,,,
2021-06-11,珠海,300.0,,,
2021-06-11,珠海,350.0,,,
2021-06-11,珠海,400.0,,,
2021-06-11,珠海,500.0,,,
2021-06-11,珠海,600.0,,,
2021-06-11,珠海,700.0,,,
2021-06-11,珠海,800.0,,,
2021-06-11,珠海,900.0,,,
2021-06-11,珠海,1000.0,,,
2021-06-11,珠海,1250.0,,,
2021-06-11,珠海,1500.0,,,
2021-06-11,珠海,2000.0,,,
2021-06-11,珠海,2500.0,,,
2021-06-11,珠海,3000.0,,,
2021-06-11,珠海,4000.0,,,
2021-06-11,珠海,5000.0,,,
2021-06-12,珠海,0.0,-0.044,-0.044,0.062225
2021-06-12,珠海,2.0,-0.024,-0.05,0.055462
2021-06-12,珠海,4.0,-0.016,-0.051000000000000004,0.053451
2021-06-12,珠海,6.0,0.0,-0.049,0.049
2021-06-12,珠海,8.0,,,
2021-06-12,珠海,10.0,,,
2021-06-12,珠海,12.0,,,
2021-06-12,珠海,15.0,,,
2021-06-12,珠海,20.0,,,
2021-06-12,珠海,25.0,,,
2021-06-12,珠海,30.0,,,
2021-06-12,珠海,35.0,,,
2021-06-12,珠海,40.0,,,
2021-06-12,珠海,45.0,,,
2021-06-12,珠海,50.0,,,
2021-06-12,珠海,60.0,,,
2021-06-12,珠海,70.0,,,
2021-06-12,珠海,80.0,,,
2021-06-12,珠海,90.0,,,
2021-06-12,珠海,100.0,,,
2021-06-12,珠海,125.0,,,
2021-06-12,珠海,150.0,,,
2021-06-12,珠海,200.0,,,
2021-06-12,珠海,250.0,,,
2021-06-12,珠海,300.0,,,
2021-06-12,珠海,350.0,,,
2021-06-12,珠海,400.0,,,
2021-06-12,珠海,500.0,,,
2021-06-12,珠海,600.0,,,
2021-06-12,珠海,700.0,,,
2021-06-12,珠海,800.0,,,
2021-06-12,珠海,900.0,,,
2021-06-12,珠海,1000.0,,,
2021-06-12,珠海,1250.0,,,
2021-06-12,珠海,1500.0,,,
2021-06-12,珠海,2000.0,,,
2021-06-12,珠海,2500.0,,,
2021-06-12,珠海,3000.0,,,
2021-06-12,珠海,4000.0,,,
2021-06-12,珠海,5000.0,,,
2021-06-16,珠海,0.0,-0.014,-0.061,0.062586
2021-06-16,珠海,2.0,-0.015,-0.079,0.080411
2021-06-16,珠海,4.0,-0.014,-0.08600000000000001,0.087132
2021-06-16,珠海,6.0,0.0,-0.079,0.079
2021-06-16,珠海,8.0,,,
2021-06-16,珠海,10.0,,,
2021-06-16,珠海,12.0,,,
2021-06-16,珠海,15.0,,,
2021-06-16,珠海,20.0,,,
2021-06-16,珠海,25.0,,,
2021-06-16,珠海,30.0,,,
2021-06-16,珠海,35.0,,,
2021-06-16,珠海,40.0,,,
2021-06-16,珠海,45.0,,,
2021-06-16,珠海,50.0,,,
2021-06-16,珠海,60.0,,,
2021-06-16,珠海,70.0,,,
2021-06-16,珠海,80.0,,,
2021-06-16,珠海,90.0,,,
2021-06-16,珠海,100.0,,,
2021-06-16,珠海,125.0,,,
2021-06-16,珠海,150.0,,,
2021-06-16,珠海,200.0,,,
2021-06-16,珠海,250.0,,,
2021-06-16,珠海,300.0,,,
2021-06-16,珠海,350.0,,,
2021-06-16,珠海,400.0,,,
2021-06-16,珠海,500.0,,,
2021-06-16,珠海,600.0,,,
2021-06-16,珠海,700.0,,,
2021-06-16,珠海,800.0,,,
2021-06-16,珠海,900.0,,,
2021-06-16,珠海,1000.0,,,
2021-06-16,珠海,1250.0,,,
2021-06-16,珠海,1500.0,,,
2021-06-16,珠海,2000.0,,,
2021-06-16,珠海,2500.0,,,
2021-06-16,珠海,3000.0,,,
2021-06-16,珠海,4000.0,,,
2021-06-16,珠海,5000.0,,,
2021-06-19,珠海,0.0,0.004,-0.04,0.0402
2021-06-19,珠海,2.0,-0.004,-0.067,0.067119
2021-06-19,珠海,4.0,-0.008,-0.089,0.089359
2021-06-19,珠海,6.0,0.0,-0.096,0.096
2021-06-19,珠海,8.0,,,
2021-06-19,珠海,10.0,,,
2021-06-19,珠海,12.0,,,
2021-06-19,珠海,15.0,,,
2021-06-19,珠海,20.0,,,
2021-06-19,珠海,25.0,,,
2021-06-19,珠海,30.0,,,
2021-06-19,珠海,35.0,,,
2021-06-19,珠海,40.0,,,
2021-06-19,珠海,45.0,,,
2021-06-19,珠海,50.0,,,
2021-06-19,珠海,60.0,,,
2021-06-19,珠海,70.0,,,
2021-06-19,珠海,80.0,,,
2021-06-19,珠海,90.0,,,
2021-06-19,珠海,100.0,,,
2021-06-19,珠海,125.0,,,
2021-06-19,珠海,150.0,,,
2021-06-19,珠海,200.0,,,
2021-06-19,珠海,250.0,,,
2021-06-19,珠海,300.0,,,
2021-06-19,珠海,350.0,,,
2021-06-19,珠海,400.0,,,
2021-06-19,珠海,500.0,,,
2021-06-19,珠海,600.0,,,
2021-06-19,珠海,700.0,,,
2021-06-19,珠海,800.0,,,
2021-06-19,珠海,900.0,,,
2021-06-19,珠海,1000.0,,,
2021-06-19,珠海,1250.0,,,
2021-06-19,珠海,1500.0,,,
2021-06-19,珠海,2000.0,,,
2021-06-19,珠海,2500.0,,,
2021-06-19,珠海,3000.0,,,
2021-06-19,珠海,4000.0,,,
2021-06-19,珠海,5000.0,,,
2021-06-17,珠海,0.0,-0.011,-0.06,0.061
2021-06-17,珠海,2.0,-0.013000000000000001,-0.08,0.081049
2021-06-17,珠海,4.0,-0.013000000000000001,-0.08700000000000001,0.087966
2021-06-17,珠海,6.0,0.0,-0.079,0.079
2021-06-17,珠海,8.0,,,
2021-06-17,珠海,10.0,,,
2021-06-17,珠海,12.0,,,
2021-06-17,珠海,15.0,,,
2021-06-17,珠海,20.0,,,
2021-06-17,珠海,25.0,,,
2021-06-17,珠海,30.0,,,
2021-06-17,珠海,35.0,,,
2021-06-17,珠海,40.0,,,
2021-06-17,珠海,45.0,,,
2021-06-17,珠海,50.0,,,
2021-06-17,珠海,60.0,,,
2021-06-17,珠海,70.0,,,
2021-06-17,珠海,80.0,,,
2021-06-17,珠海,90.0,,,
2021-06-17,珠海,100.0,,,
2021-06-17,珠海,125.0,,,
2021-06-17,珠海,150.0,,,
2021-06-17,珠海,200.0,,,
2021-06-17,珠海,250.0,,,
2021-06-17,珠海,300.0,,,
2021-06-17,珠海,350.0,,,
2021-06-17,珠海,400.0,,,
2021-06-17,珠海,500.0,,,
2021-06-17,珠海,600.0,,,
2021-06-17,珠海,700.0,,,
2021-06-17,珠海,800.0,,,
2021-06-17,珠海,900.0,,,
2021-06-17,珠海,1000.0,,,
2021-06-17,珠海,1250.0,,,
2021-06-17,珠海,1500.0,,,
2021-06-17,珠海,2000.0,,,
2021-06-17,珠海,2500.0,,,
2021-06-17,珠海,3000.0,,,
2021-06-17,珠海,4000.0,,,
2021-06-17,珠海,5000.0,,,
2021-06-20,珠海,0.0,-0.005,-0.077,0.077162
2021-06-20,珠海,2.0,-0.009000000000000001,-0.097,0.097417
2021-06-20,珠海,4.0,-0.011,-0.113,0.113534
2021-06-20,珠海,6.0,0.0,-0.117,0.117
2021-06-20,珠海,8.0,,,
2021-06-20,珠海,10.0,,,
2021-06-20,珠海,12.0,,,
2021-06-20,珠海,15.0,,,
2021-06-20,珠海,20.0,,,
2021-06-20,珠海,25.0,,,
2021-06-20,珠海,30.0,,,
2021-06-20,珠海,35.0,,,
2021-06-20,珠海,40.0,,,
2021-06-20,珠海,45.0,,,
2021-06-20,珠海,50.0,,,
2021-06-20,珠海,60.0,,,
2021-06-20,珠海,70.0,,,
2021-06-20,珠海,80.0,,,
2021-06-20,珠海,90.0,,,
2021-06-20,珠海,100.0,,,
2021-06-20,珠海,125.0,,,
2021-06-20,珠海,150.0,,,
2021-06-20,珠海,200.0,,,
2021-06-20,珠海,250.0,,,
2021-06-20,珠海,300.0,,,
2021-06-20,珠海,350.0,,,
2021-06-20,珠海,400.0,,,
2021-06-20,珠海,500.0,,,
2021-06-20,珠海,600.0,,,
2021-06-20,珠海,700.0,,,
2021-06-20,珠海,800.0,,,
2021-06-20,珠海,900.0,,,
2021-06-20,珠海,1000.0,,,
2021-06-20,珠海,1250.0,,,
2021-06-20,珠海,1500.0,,,
2021-06-20,珠海,2000.0,,,
2021-06-20,珠海,2500.0,,,
2021-06-20,珠海,3000.0,,,
2021-06-20,珠海,4000.0,,,
2021-06-20,珠海,5000.0,,,
2021-06-21,珠海,0.0,-0.005,-0.065,0.065192
2021-06-21,珠海,2.0,-0.009000000000000001,-0.084,0.084481
2021-06-21,珠海,4.0,-0.011,-0.093,0.093648
2021-06-21,珠海,6.0,0.0,-0.097,0.097
2021-06-21,珠海,8.0,,,
2021-06-21,珠海,10.0,,,
2021-06-21,珠海,12.0,,,
2021-06-21,珠海,15.0,,,
2021-06-21,珠海,20.0,,,
2021-06-21,珠海,25.0,,,
2021-06-21,珠海,30.0,,,
2021-06-21,珠海,35.0,,,
2021-06-21,珠海,40.0,,,
2021-06-21,珠海,45.0,,,
2021-06-21,珠海,50.0,,,
2021-06-21,珠海,60.0,,,
2021-06-21,珠海,70.0,,,
2021-06-21,珠海,80.0,,,
2021-06-21,珠海,90.0,,,
2021-06-21,珠海,100.0,,,
2021-06-21,珠海,125.0,,,
2021-06-21,珠海,150.0,,,
2021-06-21,珠海,200.0,,,
2021-06-21,珠海,250.0,,,
2021-06-21,珠海,300.0,,,
2021-06-21,珠海,350.0,,,
2021-06-21,珠海,400.0,,,
2021-06-21,珠海,500.0,,,
2021-06-21,珠海,600.0,,,
2021-06-21,珠海,700.0,,,
2021-06-21,珠海,800.0,,,
2021-06-21,珠海,900.0,,,
2021-06-21,珠海,1000.0,,,
2021-06-21,珠海,1250.0,,,
2021-06-21,珠海,1500.0,,,
2021-06-21,珠海,2000.0,,,
2021-06-21,珠海,2500.0,,,
2021-06-21,珠海,3000.0,,,
2021-06-21,珠海,4000.0,,,
2021-06-21,珠海,5000.0,,,
2021-06-24,珠海,0.0,-0.022,0.028,0.035609
2021-06-24,珠海,2.0,-0.023,0.017,0.028601
2021-06-24,珠海,4.0,-0.023,0.021,0.031145
2021-06-24,珠海,6.0,0.0,0.039,0.039
2021-06-24,珠海,8.0,,,
2021-06-24,珠海,10.0,,,
2021-06-24,珠海,12.0,,,
2021-06-24,珠海,15.0,,,
2021-06-24,珠海,20.0,,,
2021-06-24,珠海,25.0,,,
2021-06-24,珠海,30.0,,,
2021-06-24,珠海,35.0,,,
2021-06-24,珠海,40.0,,,
2021-06-24,珠海,45.0,,,
2021-06-24,珠海,50.0,,,
2021-06-24,珠海,60.0,,,
2021-06-24,珠海,70.0,,,
2021-06-24,珠海,80.0,,,
2021-06-24,珠海,90.0,,,
2021-06-24,珠海,100.0,,,
2021-06-24,珠海,125.0,,,
2021-06-24,珠海,150.0,,,
2021-06-24,珠海,200.0,,,
2021-06-24,珠海,250.0,,,
2021-06-24,珠海,300.0,,,
2021-06-24,珠海,350.0,,,
2021-06-24,珠海,400.0,,,
2021-06-24,珠海,500.0,,,
2021-06-24,珠海,600.0,,,
2021-06-24,珠海,700.0,,,
2021-06-24,珠海,800.0,,,
2021-06-24,珠海,900.0,,,
2021-06-24,珠海,1000.0,,,
2021-06-24,珠海,1250.0,,,
2021-06-24,珠海,1500.0,,,
2021-06-24,珠海,2000.0,,,
2021-06-24,珠海,2500.0,,,
2021-06-24,珠海,3000.0,,,
2021-06-24,珠海,4000.0,,,
2021-06-24,珠海,5000.0,,,
2021-06-22,珠海,0.0,-0.005,-0.07,0.070178
2021-06-22,珠海,2.0,-0.01,-0.085,0.085586
2021-06-22,珠海,4.0,-0.013000000000000001,-0.097,0.097867
2021-06-22,珠海,6.0,0.0,-0.099,0.099
2021-06-22,珠海,8.0,,,
2021-06-22,珠海,10.0,,,
2021-06-22,珠海,12.0,,,
2021-06-22,珠海,15.0,,,
2021-06-22,珠海,20.0,,,
2021-06-22,珠海,25.0,,,
2021-06-22,珠海,30.0,,,
2021-06-22,珠海,35.0,,,
2021-06-22,珠海,40.0,,,
2021-06-22,珠海,45.0,,,
2021-06-22,珠海,50.0,,,
2021-06-22,珠海,60.0,,,
2021-06-22,珠海,70.0,,,
2021-06-22,珠海,80.0,,,
2021-06-22,珠海,90.0,,,
2021-06-22,珠海,100.0,,,
2021-06-22,珠海,125.0,,,
2021-06-22,珠海,150.0,,,
2021-06-22,珠海,200.0,,,
2021-06-22,珠海,250.0,,,
2021-06-22,珠海,300.0,,,
2021-06-22,珠海,350.0,,,
2021-06-22,珠海,400.0,,,
2021-06-22,珠海,500.0,,,
2021-06-22,珠海,600.0,,,
2021-06-22,珠海,700.0,,,
2021-06-22,珠海,800.0,,,
2021-06-22,珠海,900.0,,,
2021-06-22,珠海,1000.0,,,
2021-06-22,珠海,1250.0,,,
2021-06-22,珠海,1500.0,,,
2021-06-22,珠海,2000.0,,,
2021-06-22,珠海,2500.0,,,
2021-06-22,珠海,3000.0,,,
2021-06-22,珠海,4000.0,,,
2021-06-22,珠海,5000.0,,,
