date,站点,深度_m,u_m_s,v_m_s,流速_m_s
2021-01-01,陵水,0.0,,,
2021-01-01,陵水,2.0,,,
2021-01-01,陵水,4.0,,,
2021-01-01,陵水,6.0,,,
2021-01-01,陵水,8.0,,,
2021-01-01,陵水,10.0,,,
2021-01-01,陵水,12.0,,,
2021-01-01,陵水,15.0,,,
2021-01-01,陵水,20.0,,,
2021-01-01,陵水,25.0,,,
2021-01-01,陵水,30.0,,,
2021-01-01,陵水,35.0,,,
2021-01-01,陵水,40.0,,,
2021-01-01,陵水,45.0,,,
2021-01-01,陵水,50.0,,,
2021-01-01,陵水,60.0,,,
2021-01-01,陵水,70.0,,,
2021-01-01,陵水,80.0,,,
2021-01-01,陵水,90.0,,,
2021-01-01,陵水,100.0,,,
2021-01-01,陵水,125.0,,,
2021-01-01,陵水,150.0,,,
2021-01-01,陵水,200.0,,,
2021-01-01,陵水,250.0,,,
2021-01-01,陵水,300.0,,,
2021-01-01,陵水,350.0,,,
2021-01-01,陵水,400.0,,,
2021-01-01,陵水,500.0,,,
2021-01-01,陵水,600.0,,,
2021-01-01,陵水,700.0,,,
2021-01-01,陵水,800.0,,,
2021-01-01,陵水,900.0,,,
2021-01-01,陵水,1000.0,,,
2021-01-01,陵水,1250.0,,,
2021-01-01,陵水,1500.0,,,
2021-01-01,陵水,2000.0,,,
2021-01-01,陵水,2500.0,,,
2021-01-01,陵水,3000.0,,,
2021-01-01,陵水,4000.0,,,
2021-01-01,陵水,5000.0,,,
2021-01-02,陵水,0.0,,,
2021-01-02,陵水,2.0,,,
2021-01-02,陵水,4.0,,,
2021-01-02,陵水,6.0,,,
2021-01-02,陵水,8.0,,,
2021-01-02,陵水,10.0,,,
2021-01-02,陵水,12.0,,,
2021-01-02,陵水,15.0,,,
2021-01-02,陵水,20.0,,,
2021-01-02,陵水,25.0,,,
2021-01-02,陵水,30.0,,,
2021-01-02,陵水,35.0,,,
2021-01-02,陵水,40.0,,,
2021-01-02,陵水,45.0,,,
2021-01-02,陵水,50.0,,,
2021-01-02,陵水,60.0,,,
2021-01-02,陵水,70.0,,,
2021-01-02,陵水,80.0,,,
2021-01-02,陵水,90.0,,,
2021-01-02,陵水,100.0,,,
2021-01-02,陵水,125.0,,,
2021-01-02,陵水,150.0,,,
2021-01-02,陵水,200.0,,,
2021-01-02,陵水,250.0,,,
2021-01-02,陵水,300.0,,,
2021-01-02,陵水,350.0,,,
2021-01-02,陵水,400.0,,,
2021-01-02,陵水,500.0,,,
2021-01-02,陵水,600.0,,,
2021-01-02,陵水,700.0,,,
2021-01-02,陵水,800.0,,,
2021-01-02,陵水,900.0,,,
2021-01-02,陵水,1000.0,,,
2021-01-02,陵水,1250.0,,,
2021-01-02,陵水,1500.0,,,
2021-01-02,陵水,2000.0,,,
2021-01-02,陵水,2500.0,,,
2021-01-02,陵水,3000.0,,,
2021-01-02,陵水,4000.0,,,
2021-01-02,陵水,5000.0,,,
2021-01-03,陵水,0.0,,,
2021-01-03,陵水,2.0,,,
2021-01-03,陵水,4.0,,,
2021-01-03,陵水,6.0,,,
2021-01-03,陵水,8.0,,,
2021-01-03,陵水,10.0,,,
2021-01-03,陵水,12.0,,,
2021-01-03,陵水,15.0,,,
2021-01-03,陵水,20.0,,,
2021-01-03,陵水,25.0,,,
2021-01-03,陵水,30.0,,,
2021-01-03,陵水,35.0,,,
2021-01-03,陵水,40.0,,,
2021-01-03,陵水,45.0,,,
2021-01-03,陵水,50.0,,,
2021-01-03,陵水,60.0,,,
2021-01-03,陵水,70.0,,,
2021-01-03,陵水,80.0,,,
2021-01-03,陵水,90.0,,,
2021-01-03,陵水,100.0,,,
2021-01-03,陵水,125.0,,,
2021-01-03,陵水,150.0,,,
2021-01-03,陵水,200.0,,,
2021-01-03,陵水,250.0,,,
2021-01-03,陵水,300.0,,,
2021-01-03,陵水,350.0,,,
2021-01-03,陵水,400.0,,,
2021-01-03,陵水,500.0,,,
2021-01-03,陵水,600.0,,,
2021-01-03,陵水,700.0,,,
2021-01-03,陵水,800.0,,,
2021-01-03,陵水,900.0,,,
2021-01-03,陵水,1000.0,,,
2021-01-03,陵水,1250.0,,,
2021-01-03,陵水,1500.0,,,
2021-01-03,陵水,2000.0,,,
2021-01-03,陵水,2500.0,,,
2021-01-03,陵水,3000.0,,,
2021-01-03,陵水,4000.0,,,
2021-01-03,陵水,5000.0,,,
2021-01-04,陵水,0.0,,,
2021-01-04,陵水,2.0,,,
2021-01-04,陵水,4.0,,,
2021-01-04,陵水,6.0,,,
2021-01-04,陵水,8.0,,,
2021-01-04,陵水,10.0,,,
2021-01-04,陵水,12.0,,,
2021-01-04,陵水,15.0,,,
2021-01-04,陵水,20.0,,,
2021-01-04,陵水,25.0,,,
2021-01-04,陵水,30.0,,,
2021-01-04,陵水,35.0,,,
2021-01-04,陵水,40.0,,,
2021-01-04,陵水,45.0,,,
2021-01-04,陵水,50.0,,,
2021-01-04,陵水,60.0,,,
2021-01-04,陵水,70.0,,,
2021-01-04,陵水,80.0,,,
2021-01-04,陵水,90.0,,,
2021-01-04,陵水,100.0,,,
2021-01-04,陵水,125.0,,,
2021-01-04,陵水,150.0,,,
2021-01-04,陵水,200.0,,,
2021-01-04,陵水,250.0,,,
2021-01-04,陵水,300.0,,,
2021-01-04,陵水,350.0,,,
2021-01-04,陵水,400.0,,,
2021-01-04,陵水,500.0,,,
2021-01-04,陵水,600.0,,,
2021-01-04,陵水,700.0,,,
2021-01-04,陵水,800.0,,,
2021-01-04,陵水,900.0,,,
2021-01-04,陵水,1000.0,,,
2021-01-04,陵水,1250.0,,,
2021-01-04,陵水,1500.0,,,
2021-01-04,陵水,2000.0,,,
2021-01-04,陵水,2500.0,,,
2021-01-04,陵水,3000.0,,,
2021-01-04,陵水,4000.0,,,
2021-01-04,陵水,5000.0,,,
2021-01-05,陵水,0.0,,,
2021-01-05,陵水,2.0,,,
2021-01-05,陵水,4.0,,,
2021-01-05,陵水,6.0,,,
2021-01-05,陵水,8.0,,,
2021-01-05,陵水,10.0,,,
2021-01-05,陵水,12.0,,,
2021-01-05,陵水,15.0,,,
2021-01-05,陵水,20.0,,,
2021-01-05,陵水,25.0,,,
2021-01-05,陵水,30.0,,,
2021-01-05,陵水,35.0,,,
2021-01-05,陵水,40.0,,,
2021-01-05,陵水,45.0,,,
2021-01-05,陵水,50.0,,,
2021-01-05,陵水,60.0,,,
2021-01-05,陵水,70.0,,,
2021-01-05,陵水,80.0,,,
2021-01-05,陵水,90.0,,,
2021-01-05,陵水,100.0,,,
2021-01-05,陵水,125.0,,,
2021-01-05,陵水,150.0,,,
2021-01-05,陵水,200.0,,,
2021-01-05,陵水,250.0,,,
2021-01-05,陵水,300.0,,,
2021-01-05,陵水,350.0,,,
2021-01-05,陵水,400.0,,,
2021-01-05,陵水,500.0,,,
2021-01-05,陵水,600.0,,,
2021-01-05,陵水,700.0,,,
2021-01-05,陵水,800.0,,,
2021-01-05,陵水,900.0,,,
2021-01-05,陵水,1000.0,,,
2021-01-05,陵水,1250.0,,,
2021-01-05,陵水,1500.0,,,
2021-01-05,陵水,2000.0,,,
2021-01-05,陵水,2500.0,,,
2021-01-05,陵水,3000.0,,,
2021-01-05,陵水,4000.0,,,
2021-01-05,陵水,5000.0,,,
2021-01-06,陵水,0.0,,,
2021-01-06,陵水,2.0,,,
2021-01-06,陵水,4.0,,,
2021-01-06,陵水,6.0,,,
2021-01-06,陵水,8.0,,,
2021-01-06,陵水,10.0,,,
2021-01-06,陵水,12.0,,,
2021-01-06,陵水,15.0,,,
2021-01-06,陵水,20.0,,,
2021-01-06,陵水,25.0,,,
2021-01-06,陵水,30.0,,,
2021-01-06,陵水,35.0,,,
2021-01-06,陵水,40.0,,,
2021-01-06,陵水,45.0,,,
2021-01-06,陵水,50.0,,,
2021-01-06,陵水,60.0,,,
2021-01-06,陵水,70.0,,,
2021-01-06,陵水,80.0,,,
2021-01-06,陵水,90.0,,,
2021-01-06,陵水,100.0,,,
2021-01-06,陵水,125.0,,,
2021-01-06,陵水,150.0,,,
2021-01-06,陵水,200.0,,,
2021-01-06,陵水,250.0,,,
2021-01-06,陵水,300.0,,,
2021-01-06,陵水,350.0,,,
2021-01-06,陵水,400.0,,,
2021-01-06,陵水,500.0,,,
2021-01-06,陵水,600.0,,,
2021-01-06,陵水,700.0,,,
2021-01-06,陵水,800.0,,,
2021-01-06,陵水,900.0,,,
2021-01-06,陵水,1000.0,,,
2021-01-06,陵水,1250.0,,,
2021-01-06,陵水,1500.0,,,
2021-01-06,陵水,2000.0,,,
2021-01-06,陵水,2500.0,,,
2021-01-06,陵水,3000.0,,,
2021-01-06,陵水,4000.0,,,
2021-01-06,陵水,5000.0,,,
2021-01-07,陵水,0.0,,,
2021-01-07,陵水,2.0,,,
2021-01-07,陵水,4.0,,,
2021-01-07,陵水,6.0,,,
2021-01-07,陵水,8.0,,,
2021-01-07,陵水,10.0,,,
2021-01-07,陵水,12.0,,,
2021-01-07,陵水,15.0,,,
2021-01-07,陵水,20.0,,,
2021-01-07,陵水,25.0,,,
2021-01-07,陵水,30.0,,,
2021-01-07,陵水,35.0,,,
2021-01-07,陵水,40.0,,,
2021-01-07,陵水,45.0,,,
2021-01-07,陵水,50.0,,,
2021-01-07,陵水,60.0,,,
2021-01-07,陵水,70.0,,,
2021-01-07,陵水,80.0,,,
2021-01-07,陵水,90.0,,,
2021-01-07,陵水,100.0,,,
2021-01-07,陵水,125.0,,,
2021-01-07,陵水,150.0,,,
2021-01-07,陵水,200.0,,,
2021-01-07,陵水,250.0,,,
2021-01-07,陵水,300.0,,,
2021-01-07,陵水,350.0,,,
2021-01-07,陵水,400.0,,,
2021-01-07,陵水,500.0,,,
2021-01-07,陵水,600.0,,,
2021-01-07,陵水,700.0,,,
2021-01-07,陵水,800.0,,,
2021-01-07,陵水,900.0,,,
2021-01-07,陵水,1000.0,,,
2021-01-07,陵水,1250.0,,,
2021-01-07,陵水,1500.0,,,
2021-01-07,陵水,2000.0,,,
2021-01-07,陵水,2500.0,,,
2021-01-07,陵水,3000.0,,,
2021-01-07,陵水,4000.0,,,
2021-01-07,陵水,5000.0,,,
2021-01-08,陵水,0.0,,,
2021-01-08,陵水,2.0,,,
2021-01-08,陵水,4.0,,,
2021-01-08,陵水,6.0,,,
2021-01-08,陵水,8.0,,,
2021-01-08,陵水,10.0,,,
2021-01-08,陵水,12.0,,,
2021-01-08,陵水,15.0,,,
2021-01-08,陵水,20.0,,,
2021-01-08,陵水,25.0,,,
2021-01-08,陵水,30.0,,,
2021-01-08,陵水,35.0,,,
2021-01-08,陵水,40.0,,,
2021-01-08,陵水,45.0,,,
2021-01-08,陵水,50.0,,,
2021-01-08,陵水,60.0,,,
2021-01-08,陵水,70.0,,,
2021-01-08,陵水,80.0,,,
2021-01-08,陵水,90.0,,,
2021-01-08,陵水,100.0,,,
2021-01-08,陵水,125.0,,,
2021-01-08,陵水,150.0,,,
2021-01-08,陵水,200.0,,,
2021-01-08,陵水,250.0,,,
2021-01-08,陵水,300.0,,,
2021-01-08,陵水,350.0,,,
2021-01-08,陵水,400.0,,,
2021-01-08,陵水,500.0,,,
2021-01-08,陵水,600.0,,,
2021-01-08,陵水,700.0,,,
2021-01-08,陵水,800.0,,,
2021-01-08,陵水,900.0,,,
2021-01-08,陵水,1000.0,,,
2021-01-08,陵水,1250.0,,,
2021-01-08,陵水,1500.0,,,
2021-01-08,陵水,2000.0,,,
2021-01-08,陵水,2500.0,,,
2021-01-08,陵水,3000.0,,,
2021-01-08,陵水,4000.0,,,
2021-01-08,陵水,5000.0,,,
2021-01-09,陵水,0.0,,,
2021-01-09,陵水,2.0,,,
2021-01-09,陵水,4.0,,,
2021-01-09,陵水,6.0,,,
2021-01-09,陵水,8.0,,,
2021-01-09,陵水,10.0,,,
2021-01-09,陵水,12.0,,,
2021-01-09,陵水,15.0,,,
2021-01-09,陵水,20.0,,,
2021-01-09,陵水,25.0,,,
2021-01-09,陵水,30.0,,,
2021-01-09,陵水,35.0,,,
2021-01-09,陵水,40.0,,,
2021-01-09,陵水,45.0,,,
2021-01-09,陵水,50.0,,,
2021-01-09,陵水,60.0,,,
2021-01-09,陵水,70.0,,,
2021-01-09,陵水,80.0,,,
2021-01-09,陵水,90.0,,,
2021-01-09,陵水,100.0,,,
2021-01-09,陵水,125.0,,,
2021-01-09,陵水,150.0,,,
2021-01-09,陵水,200.0,,,
2021-01-09,陵水,250.0,,,
2021-01-09,陵水,300.0,,,
2021-01-09,陵水,350.0,,,
2021-01-09,陵水,400.0,,,
2021-01-09,陵水,500.0,,,
2021-01-09,陵水,600.0,,,
2021-01-09,陵水,700.0,,,
2021-01-09,陵水,800.0,,,
2021-01-09,陵水,900.0,,,
2021-01-09,陵水,1000.0,,,
2021-01-09,陵水,1250.0,,,
2021-01-09,陵水,1500.0,,,
2021-01-09,陵水,2000.0,,,
2021-01-09,陵水,2500.0,,,
2021-01-09,陵水,3000.0,,,
2021-01-09,陵水,4000.0,,,
2021-01-09,陵水,5000.0,,,
2021-01-10,陵水,0.0,,,
2021-01-10,陵水,2.0,,,
2021-01-10,陵水,4.0,,,
2021-01-10,陵水,6.0,,,
2021-01-10,陵水,8.0,,,
2021-01-10,陵水,10.0,,,
2021-01-10,陵水,12.0,,,
2021-01-10,陵水,15.0,,,
2021-01-10,陵水,20.0,,,
2021-01-10,陵水,25.0,,,
2021-01-10,陵水,30.0,,,
2021-01-10,陵水,35.0,,,
2021-01-10,陵水,40.0,,,
2021-01-10,陵水,45.0,,,
2021-01-10,陵水,50.0,,,
2021-01-10,陵水,60.0,,,
2021-01-10,陵水,70.0,,,
2021-01-10,陵水,80.0,,,
2021-01-10,陵水,90.0,,,
2021-01-10,陵水,100.0,,,
2021-01-10,陵水,125.0,,,
2021-01-10,陵水,150.0,,,
2021-01-10,陵水,200.0,,,
2021-01-10,陵水,250.0,,,
2021-01-10,陵水,300.0,,,
2021-01-10,陵水,350.0,,,
2021-01-10,陵水,400.0,,,
2021-01-10,陵水,500.0,,,
2021-01-10,陵水,600.0,,,
2021-01-10,陵水,700.0,,,
2021-01-10,陵水,800.0,,,
2021-01-10,陵水,900.0,,,
2021-01-10,陵水,1000.0,,,
2021-01-10,陵水,1250.0,,,
2021-01-10,陵水,1500.0,,,
2021-01-10,陵水,2000.0,,,
2021-01-10,陵水,2500.0,,,
2021-01-10,陵水,3000.0,,,
2021-01-10,陵水,4000.0,,,
2021-01-10,陵水,5000.0,,,
2021-01-13,陵水,0.0,,,
2021-01-13,陵水,2.0,,,
2021-01-13,陵水,4.0,,,
2021-01-13,陵水,6.0,,,
2021-01-13,陵水,8.0,,,
2021-01-13,陵水,10.0,,,
2021-01-13,陵水,12.0,,,
2021-01-13,陵水,15.0,,,
2021-01-13,陵水,20.0,,,
2021-01-13,陵水,25.0,,,
2021-01-13,陵水,30.0,,,
2021-01-13,陵水,35.0,,,
2021-01-13,陵水,40.0,,,
2021-01-13,陵水,45.0,,,
2021-01-13,陵水,50.0,,,
2021-01-13,陵水,60.0,,,
2021-01-13,陵水,70.0,,,
2021-01-13,陵水,80.0,,,
2021-01-13,陵水,90.0,,,
2021-01-13,陵水,100.0,,,
2021-01-13,陵水,125.0,,,
2021-01-13,陵水,150.0,,,
2021-01-13,陵水,200.0,,,
2021-01-13,陵水,250.0,,,
2021-01-13,陵水,300.0,,,
2021-01-13,陵水,350.0,,,
2021-01-13,陵水,400.0,,,
2021-01-13,陵水,500.0,,,
2021-01-13,陵水,600.0,,,
2021-01-13,陵水,700.0,,,
2021-01-13,陵水,800.0,,,
2021-01-13,陵水,900.0,,,
2021-01-13,陵水,1000.0,,,
2021-01-13,陵水,1250.0,,,
2021-01-13,陵水,1500.0,,,
2021-01-13,陵水,2000.0,,,
2021-01-13,陵水,2500.0,,,
2021-01-13,陵水,3000.0,,,
2021-01-13,陵水,4000.0,,,
2021-01-13,陵水,5000.0,,,
2021-01-11,陵水,0.0,,,
2021-01-11,陵水,2.0,,,
2021-01-11,陵水,4.0,,,
2021-01-11,陵水,6.0,,,
2021-01-11,陵水,8.0,,,
2021-01-11,陵水,10.0,,,
2021-01-11,陵水,12.0,,,
2021-01-11,陵水,15.0,,,
2021-01-11,陵水,20.0,,,
2021-01-11,陵水,25.0,,,
2021-01-11,陵水,30.0,,,
2021-01-11,陵水,35.0,,,
2021-01-11,陵水,40.0,,,
2021-01-11,陵水,45.0,,,
2021-01-11,陵水,50.0,,,
2021-01-11,陵水,60.0,,,
2021-01-11,陵水,70.0,,,
2021-01-11,陵水,80.0,,,
2021-01-11,陵水,90.0,,,
2021-01-11,陵水,100.0,,,
2021-01-11,陵水,125.0,,,
2021-01-11,陵水,150.0,,,
2021-01-11,陵水,200.0,,,
2021-01-11,陵水,250.0,,,
2021-01-11,陵水,300.0,,,
2021-01-11,陵水,350.0,,,
2021-01-11,陵水,400.0,,,
2021-01-11,陵水,500.0,,,
2021-01-11,陵水,600.0,,,
2021-01-11,陵水,700.0,,,
2021-01-11,陵水,800.0,,,
2021-01-11,陵水,900.0,,,
2021-01-11,陵水,1000.0,,,
2021-01-11,陵水,1250.0,,,
2021-01-11,陵水,1500.0,,,
2021-01-11,陵水,2000.0,,,
2021-01-11,陵水,2500.0,,,
2021-01-11,陵水,3000.0,,,
2021-01-11,陵水,4000.0,,,
2021-01-11,陵水,5000.0,,,
2021-01-12,陵水,0.0,,,
2021-01-12,陵水,2.0,,,
2021-01-12,陵水,4.0,,,
2021-01-12,陵水,6.0,,,
2021-01-12,陵水,8.0,,,
2021-01-12,陵水,10.0,,,
2021-01-12,陵水,12.0,,,
2021-01-12,陵水,15.0,,,
2021-01-12,陵水,20.0,,,
2021-01-12,陵水,25.0,,,
2021-01-12,陵水,30.0,,,
2021-01-12,陵水,35.0,,,
2021-01-12,陵水,40.0,,,
2021-01-12,陵水,45.0,,,
2021-01-12,陵水,50.0,,,
2021-01-12,陵水,60.0,,,
2021-01-12,陵水,70.0,,,
2021-01-12,陵水,80.0,,,
2021-01-12,陵水,90.0,,,
2021-01-12,陵水,100.0,,,
2021-01-12,陵水,125.0,,,
2021-01-12,陵水,150.0,,,
2021-01-12,陵水,200.0,,,
2021-01-12,陵水,250.0,,,
2021-01-12,陵水,300.0,,,
2021-01-12,陵水,350.0,,,
2021-01-12,陵水,400.0,,,
2021-01-12,陵水,500.0,,,
2021-01-12,陵水,600.0,,,
2021-01-12,陵水,700.0,,,
2021-01-12,陵水,800.0,,,
2021-01-12,陵水,900.0,,,
2021-01-12,陵水,1000.0,,,
2021-01-12,陵水,1250.0,,,
2021-01-12,陵水,1500.0,,,
2021-01-12,陵水,2000.0,,,
2021-01-12,陵水,2500.0,,,
2021-01-12,陵水,3000.0,,,
2021-01-12,陵水,4000.0,,,
2021-01-12,陵水,5000.0,,,
2021-01-15,陵水,0.0,,,
2021-01-15,陵水,2.0,,,
2021-01-15,陵水,4.0,,,
2021-01-15,陵水,6.0,,,
2021-01-15,陵水,8.0,,,
2021-01-15,陵水,10.0,,,
2021-01-15,陵水,12.0,,,
2021-01-15,陵水,15.0,,,
2021-01-15,陵水,20.0,,,
2021-01-15,陵水,25.0,,,
2021-01-15,陵水,30.0,,,
2021-01-15,陵水,35.0,,,
2021-01-15,陵水,40.0,,,
2021-01-15,陵水,45.0,,,
2021-01-15,陵水,50.0,,,
2021-01-15,陵水,60.0,,,
2021-01-15,陵水,70.0,,,
2021-01-15,陵水,80.0,,,
2021-01-15,陵水,90.0,,,
2021-01-15,陵水,100.0,,,
2021-01-15,陵水,125.0,,,
2021-01-15,陵水,150.0,,,
2021-01-15,陵水,200.0,,,
2021-01-15,陵水,250.0,,,
2021-01-15,陵水,300.0,,,
2021-01-15,陵水,350.0,,,
2021-01-15,陵水,400.0,,,
2021-01-15,陵水,500.0,,,
2021-01-15,陵水,600.0,,,
2021-01-15,陵水,700.0,,,
2021-01-15,陵水,800.0,,,
2021-01-15,陵水,900.0,,,
2021-01-15,陵水,1000.0,,,
2021-01-15,陵水,1250.0,,,
2021-01-15,陵水,1500.0,,,
2021-01-15,陵水,2000.0,,,
2021-01-15,陵水,2500.0,,,
2021-01-15,陵水,3000.0,,,
2021-01-15,陵水,4000.0,,,
2021-01-15,陵水,5000.0,,,
2021-01-14,陵水,0.0,,,
2021-01-14,陵水,2.0,,,
2021-01-14,陵水,4.0,,,
2021-01-14,陵水,6.0,,,
2021-01-14,陵水,8.0,,,
2021-01-14,陵水,10.0,,,
2021-01-14,陵水,12.0,,,
2021-01-14,陵水,15.0,,,
2021-01-14,陵水,20.0,,,
2021-01-14,陵水,25.0,,,
2021-01-14,陵水,30.0,,,
2021-01-14,陵水,35.0,,,
2021-01-14,陵水,40.0,,,
2021-01-14,陵水,45.0,,,
2021-01-14,陵水,50.0,,,
2021-01-14,陵水,60.0,,,
2021-01-14,陵水,70.0,,,
2021-01-14,陵水,80.0,,,
2021-01-14,陵水,90.0,,,
2021-01-14,陵水,100.0,,,
2021-01-14,陵水,125.0,,,
2021-01-14,陵水,150.0,,,
2021-01-14,陵水,200.0,,,
2021-01-14,陵水,250.0,,,
2021-01-14,陵水,300.0,,,
2021-01-14,陵水,350.0,,,
2021-01-14,陵水,400.0,,,
2021-01-14,陵水,500.0,,,
2021-01-14,陵水,600.0,,,
2021-01-14,陵水,700.0,,,
2021-01-14,陵水,800.0,,,
2021-01-14,陵水,900.0,,,
2021-01-14,陵水,1000.0,,,
2021-01-14,陵水,1250.0,,,
2021-01-14,陵水,1500.0,,,
2021-01-14,陵水,2000.0,,,
2021-01-14,陵水,2500.0,,,
2021-01-14,陵水,3000.0,,,
2021-01-14,陵水,4000.0,,,
2021-01-14,陵水,5000.0,,,
2021-01-16,陵水,0.0,,,
2021-01-16,陵水,2.0,,,
2021-01-16,陵水,4.0,,,
2021-01-16,陵水,6.0,,,
2021-01-16,陵水,8.0,,,
2021-01-16,陵水,10.0,,,
2021-01-16,陵水,12.0,,,
2021-01-16,陵水,15.0,,,
2021-01-16,陵水,20.0,,,
2021-01-16,陵水,25.0,,,
2021-01-16,陵水,30.0,,,
2021-01-16,陵水,35.0,,,
2021-01-16,陵水,40.0,,,
2021-01-16,陵水,45.0,,,
2021-01-16,陵水,50.0,,,
2021-01-16,陵水,60.0,,,
2021-01-16,陵水,70.0,,,
2021-01-16,陵水,80.0,,,
2021-01-16,陵水,90.0,,,
2021-01-16,陵水,100.0,,,
2021-01-16,陵水,125.0,,,
2021-01-16,陵水,150.0,,,
2021-01-16,陵水,200.0,,,
2021-01-16,陵水,250.0,,,
2021-01-16,陵水,300.0,,,
2021-01-16,陵水,350.0,,,
2021-01-16,陵水,400.0,,,
2021-01-16,陵水,500.0,,,
2021-01-16,陵水,600.0,,,
2021-01-16,陵水,700.0,,,
2021-01-16,陵水,800.0,,,
2021-01-16,陵水,900.0,,,
2021-01-16,陵水,1000.0,,,
2021-01-16,陵水,1250.0,,,
2021-01-16,陵水,1500.0,,,
2021-01-16,陵水,2000.0,,,
2021-01-16,陵水,2500.0,,,
2021-01-16,陵水,3000.0,,,
2021-01-16,陵水,4000.0,,,
2021-01-16,陵水,5000.0,,,
2021-01-17,陵水,0.0,,,
2021-01-17,陵水,2.0,,,
2021-01-17,陵水,4.0,,,
2021-01-17,陵水,6.0,,,
2021-01-17,陵水,8.0,,,
2021-01-17,陵水,10.0,,,
2021-01-17,陵水,12.0,,,
2021-01-17,陵水,15.0,,,
2021-01-17,陵水,20.0,,,
2021-01-17,陵水,25.0,,,
2021-01-17,陵水,30.0,,,
2021-01-17,陵水,35.0,,,
2021-01-17,陵水,40.0,,,
2021-01-17,陵水,45.0,,,
2021-01-17,陵水,50.0,,,
2021-01-17,陵水,60.0,,,
2021-01-17,陵水,70.0,,,
2021-01-17,陵水,80.0,,,
2021-01-17,陵水,90.0,,,
2021-01-17,陵水,100.0,,,
2021-01-17,陵水,125.0,,,
2021-01-17,陵水,150.0,,,
2021-01-17,陵水,200.0,,,
2021-01-17,陵水,250.0,,,
2021-01-17,陵水,300.0,,,
2021-01-17,陵水,350.0,,,
2021-01-17,陵水,400.0,,,
2021-01-17,陵水,500.0,,,
2021-01-17,陵水,600.0,,,
2021-01-17,陵水,700.0,,,
2021-01-17,陵水,800.0,,,
2021-01-17,陵水,900.0,,,
2021-01-17,陵水,1000.0,,,
2021-01-17,陵水,1250.0,,,
2021-01-17,陵水,1500.0,,,
2021-01-17,陵水,2000.0,,,
2021-01-17,陵水,2500.0,,,
2021-01-17,陵水,3000.0,,,
2021-01-17,陵水,4000.0,,,
2021-01-17,陵水,5000.0,,,
2021-01-18,陵水,0.0,,,
2021-01-18,陵水,2.0,,,
2021-01-18,陵水,4.0,,,
2021-01-18,陵水,6.0,,,
2021-01-18,陵水,8.0,,,
2021-01-18,陵水,10.0,,,
2021-01-18,陵水,12.0,,,
2021-01-18,陵水,15.0,,,
2021-01-18,陵水,20.0,,,
2021-01-18,陵水,25.0,,,
2021-01-18,陵水,30.0,,,
2021-01-18,陵水,35.0,,,
2021-01-18,陵水,40.0,,,
2021-01-18,陵水,45.0,,,
2021-01-18,陵水,50.0,,,
2021-01-18,陵水,60.0,,,
2021-01-18,陵水,70.0,,,
2021-01-18,陵水,80.0,,,
2021-01-18,陵水,90.0,,,
2021-01-18,陵水,100.0,,,
2021-01-18,陵水,125.0,,,
2021-01-18,陵水,150.0,,,
2021-01-18,陵水,200.0,,,
2021-01-18,陵水,250.0,,,
2021-01-18,陵水,300.0,,,
2021-01-18,陵水,350.0,,,
2021-01-18,陵水,400.0,,,
2021-01-18,陵水,500.0,,,
2021-01-18,陵水,600.0,,,
2021-01-18,陵水,700.0,,,
2021-01-18,陵水,800.0,,,
2021-01-18,陵水,900.0,,,
2021-01-18,陵水,1000.0,,,
2021-01-18,陵水,1250.0,,,
2021-01-18,陵水,1500.0,,,
2021-01-18,陵水,2000.0,,,
2021-01-18,陵水,2500.0,,,
2021-01-18,陵水,3000.0,,,
2021-01-18,陵水,4000.0,,,
2021-01-18,陵水,5000.0,,,
2021-01-20,陵水,0.0,,,
2021-01-20,陵水,2.0,,,
2021-01-20,陵水,4.0,,,
2021-01-20,陵水,6.0,,,
2021-01-20,陵水,8.0,,,
2021-01-20,陵水,10.0,,,
2021-01-20,陵水,12.0,,,
2021-01-20,陵水,15.0,,,
2021-01-20,陵水,20.0,,,
2021-01-20,陵水,25.0,,,
2021-01-20,陵水,30.0,,,
2021-01-20,陵水,35.0,,,
2021-01-20,陵水,40.0,,,
2021-01-20,陵水,45.0,,,
2021-01-20,陵水,50.0,,,
2021-01-20,陵水,60.0,,,
2021-01-20,陵水,70.0,,,
2021-01-20,陵水,80.0,,,
2021-01-20,陵水,90.0,,,
2021-01-20,陵水,100.0,,,
2021-01-20,陵水,125.0,,,
2021-01-20,陵水,150.0,,,
2021-01-20,陵水,200.0,,,
2021-01-20,陵水,250.0,,,
2021-01-20,陵水,300.0,,,
2021-01-20,陵水,350.0,,,
2021-01-20,陵水,400.0,,,
2021-01-20,陵水,500.0,,,
2021-01-20,陵水,600.0,,,
2021-01-20,陵水,700.0,,,
2021-01-20,陵水,800.0,,,
2021-01-20,陵水,900.0,,,
2021-01-20,陵水,1000.0,,,
2021-01-20,陵水,1250.0,,,
2021-01-20,陵水,1500.0,,,
2021-01-20,陵水,2000.0,,,
2021-01-20,陵水,2500.0,,,
2021-01-20,陵水,3000.0,,,
2021-01-20,陵水,4000.0,,,
2021-01-20,陵水,5000.0,,,
2021-01-21,陵水,0.0,,,
2021-01-21,陵水,2.0,,,
2021-01-21,陵水,4.0,,,
2021-01-21,陵水,6.0,,,
2021-01-21,陵水,8.0,,,
2021-01-21,陵水,10.0,,,
2021-01-21,陵水,12.0,,,
2021-01-21,陵水,15.0,,,
2021-01-21,陵水,20.0,,,
2021-01-21,陵水,25.0,,,
2021-01-21,陵水,30.0,,,
2021-01-21,陵水,35.0,,,
2021-01-21,陵水,40.0,,,
2021-01-21,陵水,45.0,,,
2021-01-21,陵水,50.0,,,
2021-01-21,陵水,60.0,,,
2021-01-21,陵水,70.0,,,
2021-01-21,陵水,80.0,,,
2021-01-21,陵水,90.0,,,
2021-01-21,陵水,100.0,,,
2021-01-21,陵水,125.0,,,
2021-01-21,陵水,150.0,,,
2021-01-21,陵水,200.0,,,
2021-01-21,陵水,250.0,,,
2021-01-21,陵水,300.0,,,
2021-01-21,陵水,350.0,,,
2021-01-21,陵水,400.0,,,
2021-01-21,陵水,500.0,,,
2021-01-21,陵水,600.0,,,
2021-01-21,陵水,700.0,,,
2021-01-21,陵水,800.0,,,
2021-01-21,陵水,900.0,,,
2021-01-21,陵水,1000.0,,,
2021-01-21,陵水,1250.0,,,
2021-01-21,陵水,1500.0,,,
2021-01-21,陵水,2000.0,,,
2021-01-21,陵水,2500.0,,,
2021-01-21,陵水,3000.0,,,
2021-01-21,陵水,4000.0,,,
2021-01-21,陵水,5000.0,,,
2021-01-22,陵水,0.0,,,
2021-01-22,陵水,2.0,,,
2021-01-22,陵水,4.0,,,
2021-01-22,陵水,6.0,,,
2021-01-22,陵水,8.0,,,
2021-01-22,陵水,10.0,,,
2021-01-22,陵水,12.0,,,
2021-01-22,陵水,15.0,,,
2021-01-22,陵水,20.0,,,
2021-01-22,陵水,25.0,,,
2021-01-22,陵水,30.0,,,
2021-01-22,陵水,35.0,,,
2021-01-22,陵水,40.0,,,
2021-01-22,陵水,45.0,,,
2021-01-22,陵水,50.0,,,
2021-01-22,陵水,60.0,,,
2021-01-22,陵水,70.0,,,
2021-01-22,陵水,80.0,,,
2021-01-22,陵水,90.0,,,
2021-01-22,陵水,100.0,,,
2021-01-22,陵水,125.0,,,
2021-01-22,陵水,150.0,,,
2021-01-22,陵水,200.0,,,
2021-01-22,陵水,250.0,,,
2021-01-22,陵水,300.0,,,
2021-01-22,陵水,350.0,,,
2021-01-22,陵水,400.0,,,
2021-01-22,陵水,500.0,,,
2021-01-22,陵水,600.0,,,
2021-01-22,陵水,700.0,,,
2021-01-22,陵水,800.0,,,
2021-01-22,陵水,900.0,,,
2021-01-22,陵水,1000.0,,,
2021-01-22,陵水,1250.0,,,
2021-01-22,陵水,1500.0,,,
2021-01-22,陵水,2000.0,,,
2021-01-22,陵水,2500.0,,,
2021-01-22,陵水,3000.0,,,
2021-01-22,陵水,4000.0,,,
2021-01-22,陵水,5000.0,,,
2021-01-24,陵水,0.0,,,
2021-01-24,陵水,2.0,,,
2021-01-24,陵水,4.0,,,
2021-01-24,陵水,6.0,,,
2021-01-24,陵水,8.0,,,
2021-01-24,陵水,10.0,,,
2021-01-24,陵水,12.0,,,
2021-01-24,陵水,15.0,,,
2021-01-24,陵水,20.0,,,
2021-01-24,陵水,25.0,,,
2021-01-24,陵水,30.0,,,
2021-01-24,陵水,35.0,,,
2021-01-24,陵水,40.0,,,
2021-01-24,陵水,45.0,,,
2021-01-24,陵水,50.0,,,
2021-01-24,陵水,60.0,,,
2021-01-24,陵水,70.0,,,
2021-01-24,陵水,80.0,,,
2021-01-24,陵水,90.0,,,
2021-01-24,陵水,100.0,,,
2021-01-24,陵水,125.0,,,
2021-01-24,陵水,150.0,,,
2021-01-24,陵水,200.0,,,
2021-01-24,陵水,250.0,,,
2021-01-24,陵水,300.0,,,
2021-01-24,陵水,350.0,,,
2021-01-24,陵水,400.0,,,
2021-01-24,陵水,500.0,,,
2021-01-24,陵水,600.0,,,
2021-01-24,陵水,700.0,,,
2021-01-24,陵水,800.0,,,
2021-01-24,陵水,900.0,,,
2021-01-24,陵水,1000.0,,,
2021-01-24,陵水,1250.0,,,
2021-01-24,陵水,1500.0,,,
2021-01-24,陵水,2000.0,,,
2021-01-24,陵水,2500.0,,,
2021-01-24,陵水,3000.0,,,
2021-01-24,陵水,4000.0,,,
2021-01-24,陵水,5000.0,,,
2021-01-19,陵水,0.0,,,
2021-01-19,陵水,2.0,,,
2021-01-19,陵水,4.0,,,
2021-01-19,陵水,6.0,,,
2021-01-19,陵水,8.0,,,
2021-01-19,陵水,10.0,,,
2021-01-19,陵水,12.0,,,
2021-01-19,陵水,15.0,,,
2021-01-19,陵水,20.0,,,
2021-01-19,陵水,25.0,,,
2021-01-19,陵水,30.0,,,
2021-01-19,陵水,35.0,,,
2021-01-19,陵水,40.0,,,
2021-01-19,陵水,45.0,,,
2021-01-19,陵水,50.0,,,
2021-01-19,陵水,60.0,,,
2021-01-19,陵水,70.0,,,
2021-01-19,陵水,80.0,,,
2021-01-19,陵水,90.0,,,
2021-01-19,陵水,100.0,,,
2021-01-19,陵水,125.0,,,
2021-01-19,陵水,150.0,,,
2021-01-19,陵水,200.0,,,
2021-01-19,陵水,250.0,,,
2021-01-19,陵水,300.0,,,
2021-01-19,陵水,350.0,,,
2021-01-19,陵水,400.0,,,
2021-01-19,陵水,500.0,,,
2021-01-19,陵水,600.0,,,
2021-01-19,陵水,700.0,,,
2021-01-19,陵水,800.0,,,
2021-01-19,陵水,900.0,,,
2021-01-19,陵水,1000.0,,,
2021-01-19,陵水,1250.0,,,
2021-01-19,陵水,1500.0,,,
2021-01-19,陵水,2000.0,,,
2021-01-19,陵水,2500.0,,,
2021-01-19,陵水,3000.0,,,
2021-01-19,陵水,4000.0,,,
2021-01-19,陵水,5000.0,,,
2021-01-23,陵水,0.0,,,
2021-01-23,陵水,2.0,,,
2021-01-23,陵水,4.0,,,
2021-01-23,陵水,6.0,,,
2021-01-23,陵水,8.0,,,
2021-01-23,陵水,10.0,,,
2021-01-23,陵水,12.0,,,
2021-01-23,陵水,15.0,,,
2021-01-23,陵水,20.0,,,
2021-01-23,陵水,25.0,,,
2021-01-23,陵水,30.0,,,
2021-01-23,陵水,35.0,,,
2021-01-23,陵水,40.0,,,
2021-01-23,陵水,45.0,,,
2021-01-23,陵水,50.0,,,
2021-01-23,陵水,60.0,,,
2021-01-23,陵水,70.0,,,
2021-01-23,陵水,80.0,,,
2021-01-23,陵水,90.0,,,
2021-01-23,陵水,100.0,,,
2021-01-23,陵水,125.0,,,
2021-01-23,陵水,150.0,,,
2021-01-23,陵水,200.0,,,
2021-01-23,陵水,250.0,,,
2021-01-23,陵水,300.0,,,
2021-01-23,陵水,350.0,,,
2021-01-23,陵水,400.0,,,
2021-01-23,陵水,500.0,,,
2021-01-23,陵水,600.0,,,
2021-01-23,陵水,700.0,,,
2021-01-23,陵水,800.0,,,
2021-01-23,陵水,900.0,,,
2021-01-23,陵水,1000.0,,,
2021-01-23,陵水,1250.0,,,
2021-01-23,陵水,1500.0,,,
2021-01-23,陵水,2000.0,,,
2021-01-23,陵水,2500.0,,,
2021-01-23,陵水,3000.0,,,
2021-01-23,陵水,4000.0,,,
2021-01-23,陵水,5000.0,,,
2021-01-25,陵水,0.0,,,
2021-01-25,陵水,2.0,,,
2021-01-25,陵水,4.0,,,
2021-01-25,陵水,6.0,,,
2021-01-25,陵水,8.0,,,
2021-01-25,陵水,10.0,,,
2021-01-25,陵水,12.0,,,
2021-01-25,陵水,15.0,,,
2021-01-25,陵水,20.0,,,
2021-01-25,陵水,25.0,,,
2021-01-25,陵水,30.0,,,
2021-01-25,陵水,35.0,,,
2021-01-25,陵水,40.0,,,
2021-01-25,陵水,45.0,,,
2021-01-25,陵水,50.0,,,
2021-01-25,陵水,60.0,,,
2021-01-25,陵水,70.0,,,
2021-01-25,陵水,80.0,,,
2021-01-25,陵水,90.0,,,
2021-01-25,陵水,100.0,,,
2021-01-25,陵水,125.0,,,
2021-01-25,陵水,150.0,,,
2021-01-25,陵水,200.0,,,
2021-01-25,陵水,250.0,,,
2021-01-25,陵水,300.0,,,
2021-01-25,陵水,350.0,,,
2021-01-25,陵水,400.0,,,
2021-01-25,陵水,500.0,,,
2021-01-25,陵水,600.0,,,
2021-01-25,陵水,700.0,,,
2021-01-25,陵水,800.0,,,
2021-01-25,陵水,900.0,,,
2021-01-25,陵水,1000.0,,,
2021-01-25,陵水,1250.0,,,
2021-01-25,陵水,1500.0,,,
2021-01-25,陵水,2000.0,,,
2021-01-25,陵水,2500.0,,,
2021-01-25,陵水,3000.0,,,
2021-01-25,陵水,4000.0,,,
2021-01-25,陵水,5000.0,,,
2021-01-26,陵水,0.0,,,
2021-01-26,陵水,2.0,,,
2021-01-26,陵水,4.0,,,
2021-01-26,陵水,6.0,,,
2021-01-26,陵水,8.0,,,
2021-01-26,陵水,10.0,,,
2021-01-26,陵水,12.0,,,
2021-01-26,陵水,15.0,,,
2021-01-26,陵水,20.0,,,
2021-01-26,陵水,25.0,,,
2021-01-26,陵水,30.0,,,
2021-01-26,陵水,35.0,,,
2021-01-26,陵水,40.0,,,
2021-01-26,陵水,45.0,,,
2021-01-26,陵水,50.0,,,
2021-01-26,陵水,60.0,,,
2021-01-26,陵水,70.0,,,
2021-01-26,陵水,80.0,,,
2021-01-26,陵水,90.0,,,
2021-01-26,陵水,100.0,,,
2021-01-26,陵水,125.0,,,
2021-01-26,陵水,150.0,,,
2021-01-26,陵水,200.0,,,
2021-01-26,陵水,250.0,,,
2021-01-26,陵水,300.0,,,
2021-01-26,陵水,350.0,,,
2021-01-26,陵水,400.0,,,
2021-01-26,陵水,500.0,,,
2021-01-26,陵水,600.0,,,
2021-01-26,陵水,700.0,,,
2021-01-26,陵水,800.0,,,
2021-01-26,陵水,900.0,,,
2021-01-26,陵水,1000.0,,,
2021-01-26,陵水,1250.0,,,
2021-01-26,陵水,1500.0,,,
2021-01-26,陵水,2000.0,,,
2021-01-26,陵水,2500.0,,,
2021-01-26,陵水,3000.0,,,
2021-01-26,陵水,4000.0,,,
2021-01-26,陵水,5000.0,,,
2021-01-27,陵水,0.0,,,
2021-01-27,陵水,2.0,,,
2021-01-27,陵水,4.0,,,
2021-01-27,陵水,6.0,,,
2021-01-27,陵水,8.0,,,
2021-01-27,陵水,10.0,,,
2021-01-27,陵水,12.0,,,
2021-01-27,陵水,15.0,,,
2021-01-27,陵水,20.0,,,
2021-01-27,陵水,25.0,,,
2021-01-27,陵水,30.0,,,
2021-01-27,陵水,35.0,,,
2021-01-27,陵水,40.0,,,
2021-01-27,陵水,45.0,,,
2021-01-27,陵水,50.0,,,
2021-01-27,陵水,60.0,,,
2021-01-27,陵水,70.0,,,
2021-01-27,陵水,80.0,,,
2021-01-27,陵水,90.0,,,
2021-01-27,陵水,100.0,,,
2021-01-27,陵水,125.0,,,
2021-01-27,陵水,150.0,,,
2021-01-27,陵水,200.0,,,
2021-01-27,陵水,250.0,,,
2021-01-27,陵水,300.0,,,
2021-01-27,陵水,350.0,,,
2021-01-27,陵水,400.0,,,
2021-01-27,陵水,500.0,,,
2021-01-27,陵水,600.0,,,
2021-01-27,陵水,700.0,,,
2021-01-27,陵水,800.0,,,
2021-01-27,陵水,900.0,,,
2021-01-27,陵水,1000.0,,,
2021-01-27,陵水,1250.0,,,
2021-01-27,陵水,1500.0,,,
2021-01-27,陵水,2000.0,,,
2021-01-27,陵水,2500.0,,,
2021-01-27,陵水,3000.0,,,
2021-01-27,陵水,4000.0,,,
2021-01-27,陵水,5000.0,,,
2021-01-28,陵水,0.0,,,
2021-01-28,陵水,2.0,,,
2021-01-28,陵水,4.0,,,
2021-01-28,陵水,6.0,,,
2021-01-28,陵水,8.0,,,
2021-01-28,陵水,10.0,,,
2021-01-28,陵水,12.0,,,
2021-01-28,陵水,15.0,,,
2021-01-28,陵水,20.0,,,
2021-01-28,陵水,25.0,,,
2021-01-28,陵水,30.0,,,
2021-01-28,陵水,35.0,,,
2021-01-28,陵水,40.0,,,
2021-01-28,陵水,45.0,,,
2021-01-28,陵水,50.0,,,
2021-01-28,陵水,60.0,,,
2021-01-28,陵水,70.0,,,
2021-01-28,陵水,80.0,,,
2021-01-28,陵水,90.0,,,
2021-01-28,陵水,100.0,,,
2021-01-28,陵水,125.0,,,
2021-01-28,陵水,150.0,,,
2021-01-28,陵水,200.0,,,
2021-01-28,陵水,250.0,,,
2021-01-28,陵水,300.0,,,
2021-01-28,陵水,350.0,,,
2021-01-28,陵水,400.0,,,
2021-01-28,陵水,500.0,,,
2021-01-28,陵水,600.0,,,
2021-01-28,陵水,700.0,,,
2021-01-28,陵水,800.0,,,
2021-01-28,陵水,900.0,,,
2021-01-28,陵水,1000.0,,,
2021-01-28,陵水,1250.0,,,
2021-01-28,陵水,1500.0,,,
2021-01-28,陵水,2000.0,,,
2021-01-28,陵水,2500.0,,,
2021-01-28,陵水,3000.0,,,
2021-01-28,陵水,4000.0,,,
2021-01-28,陵水,5000.0,,,
2021-01-29,陵水,0.0,,,
2021-01-29,陵水,2.0,,,
2021-01-29,陵水,4.0,,,
2021-01-29,陵水,6.0,,,
2021-01-29,陵水,8.0,,,
2021-01-29,陵水,10.0,,,
2021-01-29,陵水,12.0,,,
2021-01-29,陵水,15.0,,,
2021-01-29,陵水,20.0,,,
2021-01-29,陵水,25.0,,,
2021-01-29,陵水,30.0,,,
2021-01-29,陵水,35.0,,,
2021-01-29,陵水,40.0,,,
2021-01-29,陵水,45.0,,,
2021-01-29,陵水,50.0,,,
2021-01-29,陵水,60.0,,,
2021-01-29,陵水,70.0,,,
2021-01-29,陵水,80.0,,,
2021-01-29,陵水,90.0,,,
2021-01-29,陵水,100.0,,,
2021-01-29,陵水,125.0,,,
2021-01-29,陵水,150.0,,,
2021-01-29,陵水,200.0,,,
2021-01-29,陵水,250.0,,,
2021-01-29,陵水,300.0,,,
2021-01-29,陵水,350.0,,,
2021-01-29,陵水,400.0,,,
2021-01-29,陵水,500.0,,,
2021-01-29,陵水,600.0,,,
2021-01-29,陵水,700.0,,,
2021-01-29,陵水,800.0,,,
2021-01-29,陵水,900.0,,,
2021-01-29,陵水,1000.0,,,
2021-01-29,陵水,1250.0,,,
2021-01-29,陵水,1500.0,,,
2021-01-29,陵水,2000.0,,,
2021-01-29,陵水,2500.0,,,
2021-01-29,陵水,3000.0,,,
2021-01-29,陵水,4000.0,,,
2021-01-29,陵水,5000.0,,,
2021-01-30,陵水,0.0,,,
2021-01-30,陵水,2.0,,,
2021-01-30,陵水,4.0,,,
2021-01-30,陵水,6.0,,,
2021-01-30,陵水,8.0,,,
2021-01-30,陵水,10.0,,,
2021-01-30,陵水,12.0,,,
2021-01-30,陵水,15.0,,,
2021-01-30,陵水,20.0,,,
2021-01-30,陵水,25.0,,,
2021-01-30,陵水,30.0,,,
2021-01-30,陵水,35.0,,,
2021-01-30,陵水,40.0,,,
2021-01-30,陵水,45.0,,,
2021-01-30,陵水,50.0,,,
2021-01-30,陵水,60.0,,,
2021-01-30,陵水,70.0,,,
2021-01-30,陵水,80.0,,,
2021-01-30,陵水,90.0,,,
2021-01-30,陵水,100.0,,,
2021-01-30,陵水,125.0,,,
2021-01-30,陵水,150.0,,,
2021-01-30,陵水,200.0,,,
2021-01-30,陵水,250.0,,,
2021-01-30,陵水,300.0,,,
2021-01-30,陵水,350.0,,,
2021-01-30,陵水,400.0,,,
2021-01-30,陵水,500.0,,,
2021-01-30,陵水,600.0,,,
2021-01-30,陵水,700.0,,,
2021-01-30,陵水,800.0,,,
2021-01-30,陵水,900.0,,,
2021-01-30,陵水,1000.0,,,
2021-01-30,陵水,1250.0,,,
2021-01-30,陵水,1500.0,,,
2021-01-30,陵水,2000.0,,,
2021-01-30,陵水,2500.0,,,
2021-01-30,陵水,3000.0,,,
2021-01-30,陵水,4000.0,,,
2021-01-30,陵水,5000.0,,,
2021-01-31,陵水,0.0,,,
2021-01-31,陵水,2.0,,,
2021-01-31,陵水,4.0,,,
2021-01-31,陵水,6.0,,,
2021-01-31,陵水,8.0,,,
2021-01-31,陵水,10.0,,,
2021-01-31,陵水,12.0,,,
2021-01-31,陵水,15.0,,,
2021-01-31,陵水,20.0,,,
2021-01-31,陵水,25.0,,,
2021-01-31,陵水,30.0,,,
2021-01-31,陵水,35.0,,,
2021-01-31,陵水,40.0,,,
2021-01-31,陵水,45.0,,,
2021-01-31,陵水,50.0,,,
2021-01-31,陵水,60.0,,,
2021-01-31,陵水,70.0,,,
2021-01-31,陵水,80.0,,,
2021-01-31,陵水,90.0,,,
2021-01-31,陵水,100.0,,,
2021-01-31,陵水,125.0,,,
2021-01-31,陵水,150.0,,,
2021-01-31,陵水,200.0,,,
2021-01-31,陵水,250.0,,,
2021-01-31,陵水,300.0,,,
2021-01-31,陵水,350.0,,,
2021-01-31,陵水,400.0,,,
2021-01-31,陵水,500.0,,,
2021-01-31,陵水,600.0,,,
2021-01-31,陵水,700.0,,,
2021-01-31,陵水,800.0,,,
2021-01-31,陵水,900.0,,,
2021-01-31,陵水,1000.0,,,
2021-01-31,陵水,1250.0,,,
2021-01-31,陵水,1500.0,,,
2021-01-31,陵水,2000.0,,,
2021-01-31,陵水,2500.0,,,
2021-01-31,陵水,3000.0,,,
2021-01-31,陵水,4000.0,,,
2021-01-31,陵水,5000.0,,,
2021-02-01,陵水,0.0,,,
2021-02-01,陵水,2.0,,,
2021-02-01,陵水,4.0,,,
2021-02-01,陵水,6.0,,,
2021-02-01,陵水,8.0,,,
2021-02-01,陵水,10.0,,,
2021-02-01,陵水,12.0,,,
2021-02-01,陵水,15.0,,,
2021-02-01,陵水,20.0,,,
2021-02-01,陵水,25.0,,,
2021-02-01,陵水,30.0,,,
2021-02-01,陵水,35.0,,,
2021-02-01,陵水,40.0,,,
2021-02-01,陵水,45.0,,,
2021-02-01,陵水,50.0,,,
2021-02-01,陵水,60.0,,,
2021-02-01,陵水,70.0,,,
2021-02-01,陵水,80.0,,,
2021-02-01,陵水,90.0,,,
2021-02-01,陵水,100.0,,,
2021-02-01,陵水,125.0,,,
2021-02-01,陵水,150.0,,,
2021-02-01,陵水,200.0,,,
2021-02-01,陵水,250.0,,,
2021-02-01,陵水,300.0,,,
2021-02-01,陵水,350.0,,,
2021-02-01,陵水,400.0,,,
2021-02-01,陵水,500.0,,,
2021-02-01,陵水,600.0,,,
2021-02-01,陵水,700.0,,,
2021-02-01,陵水,800.0,,,
2021-02-01,陵水,900.0,,,
2021-02-01,陵水,1000.0,,,
2021-02-01,陵水,1250.0,,,
2021-02-01,陵水,1500.0,,,
2021-02-01,陵水,2000.0,,,
2021-02-01,陵水,2500.0,,,
2021-02-01,陵水,3000.0,,,
2021-02-01,陵水,4000.0,,,
2021-02-01,陵水,5000.0,,,
2021-02-02,陵水,0.0,,,
2021-02-02,陵水,2.0,,,
2021-02-02,陵水,4.0,,,
2021-02-02,陵水,6.0,,,
2021-02-02,陵水,8.0,,,
2021-02-02,陵水,10.0,,,
2021-02-02,陵水,12.0,,,
2021-02-02,陵水,15.0,,,
2021-02-02,陵水,20.0,,,
2021-02-02,陵水,25.0,,,
2021-02-02,陵水,30.0,,,
2021-02-02,陵水,35.0,,,
2021-02-02,陵水,40.0,,,
2021-02-02,陵水,45.0,,,
2021-02-02,陵水,50.0,,,
2021-02-02,陵水,60.0,,,
2021-02-02,陵水,70.0,,,
2021-02-02,陵水,80.0,,,
2021-02-02,陵水,90.0,,,
2021-02-02,陵水,100.0,,,
2021-02-02,陵水,125.0,,,
2021-02-02,陵水,150.0,,,
2021-02-02,陵水,200.0,,,
2021-02-02,陵水,250.0,,,
2021-02-02,陵水,300.0,,,
2021-02-02,陵水,350.0,,,
2021-02-02,陵水,400.0,,,
2021-02-02,陵水,500.0,,,
2021-02-02,陵水,600.0,,,
2021-02-02,陵水,700.0,,,
2021-02-02,陵水,800.0,,,
2021-02-02,陵水,900.0,,,
2021-02-02,陵水,1000.0,,,
2021-02-02,陵水,1250.0,,,
2021-02-02,陵水,1500.0,,,
2021-02-02,陵水,2000.0,,,
2021-02-02,陵水,2500.0,,,
2021-02-02,陵水,3000.0,,,
2021-02-02,陵水,4000.0,,,
2021-02-02,陵水,5000.0,,,
2021-02-03,陵水,0.0,,,
2021-02-03,陵水,2.0,,,
2021-02-03,陵水,4.0,,,
2021-02-03,陵水,6.0,,,
2021-02-03,陵水,8.0,,,
2021-02-03,陵水,10.0,,,
2021-02-03,陵水,12.0,,,
2021-02-03,陵水,15.0,,,
2021-02-03,陵水,20.0,,,
2021-02-03,陵水,25.0,,,
2021-02-03,陵水,30.0,,,
2021-02-03,陵水,35.0,,,
2021-02-03,陵水,40.0,,,
2021-02-03,陵水,45.0,,,
2021-02-03,陵水,50.0,,,
2021-02-03,陵水,60.0,,,
2021-02-03,陵水,70.0,,,
2021-02-03,陵水,80.0,,,
2021-02-03,陵水,90.0,,,
2021-02-03,陵水,100.0,,,
2021-02-03,陵水,125.0,,,
2021-02-03,陵水,150.0,,,
2021-02-03,陵水,200.0,,,
2021-02-03,陵水,250.0,,,
2021-02-03,陵水,300.0,,,
2021-02-03,陵水,350.0,,,
2021-02-03,陵水,400.0,,,
2021-02-03,陵水,500.0,,,
2021-02-03,陵水,600.0,,,
2021-02-03,陵水,700.0,,,
2021-02-03,陵水,800.0,,,
2021-02-03,陵水,900.0,,,
2021-02-03,陵水,1000.0,,,
2021-02-03,陵水,1250.0,,,
2021-02-03,陵水,1500.0,,,
2021-02-03,陵水,2000.0,,,
2021-02-03,陵水,2500.0,,,
2021-02-03,陵水,3000.0,,,
2021-02-03,陵水,4000.0,,,
2021-02-03,陵水,5000.0,,,
2021-02-04,陵水,0.0,,,
2021-02-04,陵水,2.0,,,
2021-02-04,陵水,4.0,,,
2021-02-04,陵水,6.0,,,
2021-02-04,陵水,8.0,,,
2021-02-04,陵水,10.0,,,
2021-02-04,陵水,12.0,,,
2021-02-04,陵水,15.0,,,
2021-02-04,陵水,20.0,,,
2021-02-04,陵水,25.0,,,
2021-02-04,陵水,30.0,,,
2021-02-04,陵水,35.0,,,
2021-02-04,陵水,40.0,,,
2021-02-04,陵水,45.0,,,
2021-02-04,陵水,50.0,,,
2021-02-04,陵水,60.0,,,
2021-02-04,陵水,70.0,,,
2021-02-04,陵水,80.0,,,
2021-02-04,陵水,90.0,,,
2021-02-04,陵水,100.0,,,
2021-02-04,陵水,125.0,,,
2021-02-04,陵水,150.0,,,
2021-02-04,陵水,200.0,,,
2021-02-04,陵水,250.0,,,
2021-02-04,陵水,300.0,,,
2021-02-04,陵水,350.0,,,
2021-02-04,陵水,400.0,,,
2021-02-04,陵水,500.0,,,
2021-02-04,陵水,600.0,,,
2021-02-04,陵水,700.0,,,
2021-02-04,陵水,800.0,,,
2021-02-04,陵水,900.0,,,
2021-02-04,陵水,1000.0,,,
2021-02-04,陵水,1250.0,,,
2021-02-04,陵水,1500.0,,,
2021-02-04,陵水,2000.0,,,
2021-02-04,陵水,2500.0,,,
2021-02-04,陵水,3000.0,,,
2021-02-04,陵水,4000.0,,,
2021-02-04,陵水,5000.0,,,
2021-02-05,陵水,0.0,,,
2021-02-05,陵水,2.0,,,
2021-02-05,陵水,4.0,,,
2021-02-05,陵水,6.0,,,
2021-02-05,陵水,8.0,,,
2021-02-05,陵水,10.0,,,
2021-02-05,陵水,12.0,,,
2021-02-05,陵水,15.0,,,
2021-02-05,陵水,20.0,,,
2021-02-05,陵水,25.0,,,
2021-02-05,陵水,30.0,,,
2021-02-05,陵水,35.0,,,
2021-02-05,陵水,40.0,,,
2021-02-05,陵水,45.0,,,
2021-02-05,陵水,50.0,,,
2021-02-05,陵水,60.0,,,
2021-02-05,陵水,70.0,,,
2021-02-05,陵水,80.0,,,
2021-02-05,陵水,90.0,,,
2021-02-05,陵水,100.0,,,
2021-02-05,陵水,125.0,,,
2021-02-05,陵水,150.0,,,
2021-02-05,陵水,200.0,,,
2021-02-05,陵水,250.0,,,
2021-02-05,陵水,300.0,,,
2021-02-05,陵水,350.0,,,
2021-02-05,陵水,400.0,,,
2021-02-05,陵水,500.0,,,
2021-02-05,陵水,600.0,,,
2021-02-05,陵水,700.0,,,
2021-02-05,陵水,800.0,,,
2021-02-05,陵水,900.0,,,
2021-02-05,陵水,1000.0,,,
2021-02-05,陵水,1250.0,,,
2021-02-05,陵水,1500.0,,,
2021-02-05,陵水,2000.0,,,
2021-02-05,陵水,2500.0,,,
2021-02-05,陵水,3000.0,,,
2021-02-05,陵水,4000.0,,,
2021-02-05,陵水,5000.0,,,
2021-02-07,陵水,0.0,,,
2021-02-07,陵水,2.0,,,
2021-02-07,陵水,4.0,,,
2021-02-07,陵水,6.0,,,
2021-02-07,陵水,8.0,,,
2021-02-07,陵水,10.0,,,
2021-02-07,陵水,12.0,,,
2021-02-07,陵水,15.0,,,
2021-02-07,陵水,20.0,,,
2021-02-07,陵水,25.0,,,
2021-02-07,陵水,30.0,,,
2021-02-07,陵水,35.0,,,
2021-02-07,陵水,40.0,,,
2021-02-07,陵水,45.0,,,
2021-02-07,陵水,50.0,,,
2021-02-07,陵水,60.0,,,
2021-02-07,陵水,70.0,,,
2021-02-07,陵水,80.0,,,
2021-02-07,陵水,90.0,,,
2021-02-07,陵水,100.0,,,
2021-02-07,陵水,125.0,,,
2021-02-07,陵水,150.0,,,
2021-02-07,陵水,200.0,,,
2021-02-07,陵水,250.0,,,
2021-02-07,陵水,300.0,,,
2021-02-07,陵水,350.0,,,
2021-02-07,陵水,400.0,,,
2021-02-07,陵水,500.0,,,
2021-02-07,陵水,600.0,,,
2021-02-07,陵水,700.0,,,
2021-02-07,陵水,800.0,,,
2021-02-07,陵水,900.0,,,
2021-02-07,陵水,1000.0,,,
2021-02-07,陵水,1250.0,,,
2021-02-07,陵水,1500.0,,,
2021-02-07,陵水,2000.0,,,
2021-02-07,陵水,2500.0,,,
2021-02-07,陵水,3000.0,,,
2021-02-07,陵水,4000.0,,,
2021-02-07,陵水,5000.0,,,
2021-02-06,陵水,0.0,,,
2021-02-06,陵水,2.0,,,
2021-02-06,陵水,4.0,,,
2021-02-06,陵水,6.0,,,
2021-02-06,陵水,8.0,,,
2021-02-06,陵水,10.0,,,
2021-02-06,陵水,12.0,,,
2021-02-06,陵水,15.0,,,
2021-02-06,陵水,20.0,,,
2021-02-06,陵水,25.0,,,
2021-02-06,陵水,30.0,,,
2021-02-06,陵水,35.0,,,
2021-02-06,陵水,40.0,,,
2021-02-06,陵水,45.0,,,
2021-02-06,陵水,50.0,,,
2021-02-06,陵水,60.0,,,
2021-02-06,陵水,70.0,,,
2021-02-06,陵水,80.0,,,
2021-02-06,陵水,90.0,,,
2021-02-06,陵水,100.0,,,
2021-02-06,陵水,125.0,,,
2021-02-06,陵水,150.0,,,
2021-02-06,陵水,200.0,,,
2021-02-06,陵水,250.0,,,
2021-02-06,陵水,300.0,,,
2021-02-06,陵水,350.0,,,
2021-02-06,陵水,400.0,,,
2021-02-06,陵水,500.0,,,
2021-02-06,陵水,600.0,,,
2021-02-06,陵水,700.0,,,
2021-02-06,陵水,800.0,,,
2021-02-06,陵水,900.0,,,
2021-02-06,陵水,1000.0,,,
2021-02-06,陵水,1250.0,,,
2021-02-06,陵水,1500.0,,,
2021-02-06,陵水,2000.0,,,
2021-02-06,陵水,2500.0,,,
2021-02-06,陵水,3000.0,,,
2021-02-06,陵水,4000.0,,,
2021-02-06,陵水,5000.0,,,
2021-02-08,陵水,0.0,,,
2021-02-08,陵水,2.0,,,
2021-02-08,陵水,4.0,,,
2021-02-08,陵水,6.0,,,
2021-02-08,陵水,8.0,,,
2021-02-08,陵水,10.0,,,
2021-02-08,陵水,12.0,,,
2021-02-08,陵水,15.0,,,
2021-02-08,陵水,20.0,,,
2021-02-08,陵水,25.0,,,
2021-02-08,陵水,30.0,,,
2021-02-08,陵水,35.0,,,
2021-02-08,陵水,40.0,,,
2021-02-08,陵水,45.0,,,
2021-02-08,陵水,50.0,,,
2021-02-08,陵水,60.0,,,
2021-02-08,陵水,70.0,,,
2021-02-08,陵水,80.0,,,
2021-02-08,陵水,90.0,,,
2021-02-08,陵水,100.0,,,
2021-02-08,陵水,125.0,,,
2021-02-08,陵水,150.0,,,
2021-02-08,陵水,200.0,,,
2021-02-08,陵水,250.0,,,
2021-02-08,陵水,300.0,,,
2021-02-08,陵水,350.0,,,
2021-02-08,陵水,400.0,,,
2021-02-08,陵水,500.0,,,
2021-02-08,陵水,600.0,,,
2021-02-08,陵水,700.0,,,
2021-02-08,陵水,800.0,,,
2021-02-08,陵水,900.0,,,
2021-02-08,陵水,1000.0,,,
2021-02-08,陵水,1250.0,,,
2021-02-08,陵水,1500.0,,,
2021-02-08,陵水,2000.0,,,
2021-02-08,陵水,2500.0,,,
2021-02-08,陵水,3000.0,,,
2021-02-08,陵水,4000.0,,,
2021-02-08,陵水,5000.0,,,
2021-02-10,陵水,0.0,,,
2021-02-10,陵水,2.0,,,
2021-02-10,陵水,4.0,,,
2021-02-10,陵水,6.0,,,
2021-02-10,陵水,8.0,,,
2021-02-10,陵水,10.0,,,
2021-02-10,陵水,12.0,,,
2021-02-10,陵水,15.0,,,
2021-02-10,陵水,20.0,,,
2021-02-10,陵水,25.0,,,
2021-02-10,陵水,30.0,,,
2021-02-10,陵水,35.0,,,
2021-02-10,陵水,40.0,,,
2021-02-10,陵水,45.0,,,
2021-02-10,陵水,50.0,,,
2021-02-10,陵水,60.0,,,
2021-02-10,陵水,70.0,,,
2021-02-10,陵水,80.0,,,
2021-02-10,陵水,90.0,,,
2021-02-10,陵水,100.0,,,
2021-02-10,陵水,125.0,,,
2021-02-10,陵水,150.0,,,
2021-02-10,陵水,200.0,,,
2021-02-10,陵水,250.0,,,
2021-02-10,陵水,300.0,,,
2021-02-10,陵水,350.0,,,
2021-02-10,陵水,400.0,,,
2021-02-10,陵水,500.0,,,
2021-02-10,陵水,600.0,,,
2021-02-10,陵水,700.0,,,
2021-02-10,陵水,800.0,,,
2021-02-10,陵水,900.0,,,
2021-02-10,陵水,1000.0,,,
2021-02-10,陵水,1250.0,,,
2021-02-10,陵水,1500.0,,,
2021-02-10,陵水,2000.0,,,
2021-02-10,陵水,2500.0,,,
2021-02-10,陵水,3000.0,,,
2021-02-10,陵水,4000.0,,,
2021-02-10,陵水,5000.0,,,
2021-02-11,陵水,0.0,,,
2021-02-11,陵水,2.0,,,
2021-02-11,陵水,4.0,,,
2021-02-11,陵水,6.0,,,
2021-02-11,陵水,8.0,,,
2021-02-11,陵水,10.0,,,
2021-02-11,陵水,12.0,,,
2021-02-11,陵水,15.0,,,
2021-02-11,陵水,20.0,,,
2021-02-11,陵水,25.0,,,
2021-02-11,陵水,30.0,,,
2021-02-11,陵水,35.0,,,
2021-02-11,陵水,40.0,,,
2021-02-11,陵水,45.0,,,
2021-02-11,陵水,50.0,,,
2021-02-11,陵水,60.0,,,
2021-02-11,陵水,70.0,,,
2021-02-11,陵水,80.0,,,
2021-02-11,陵水,90.0,,,
2021-02-11,陵水,100.0,,,
2021-02-11,陵水,125.0,,,
2021-02-11,陵水,150.0,,,
2021-02-11,陵水,200.0,,,
2021-02-11,陵水,250.0,,,
2021-02-11,陵水,300.0,,,
2021-02-11,陵水,350.0,,,
2021-02-11,陵水,400.0,,,
2021-02-11,陵水,500.0,,,
2021-02-11,陵水,600.0,,,
2021-02-11,陵水,700.0,,,
2021-02-11,陵水,800.0,,,
2021-02-11,陵水,900.0,,,
2021-02-11,陵水,1000.0,,,
2021-02-11,陵水,1250.0,,,
2021-02-11,陵水,1500.0,,,
2021-02-11,陵水,2000.0,,,
2021-02-11,陵水,2500.0,,,
2021-02-11,陵水,3000.0,,,
2021-02-11,陵水,4000.0,,,
2021-02-11,陵水,5000.0,,,
2021-02-09,陵水,0.0,,,
2021-02-09,陵水,2.0,,,
2021-02-09,陵水,4.0,,,
2021-02-09,陵水,6.0,,,
2021-02-09,陵水,8.0,,,
2021-02-09,陵水,10.0,,,
2021-02-09,陵水,12.0,,,
2021-02-09,陵水,15.0,,,
2021-02-09,陵水,20.0,,,
2021-02-09,陵水,25.0,,,
2021-02-09,陵水,30.0,,,
2021-02-09,陵水,35.0,,,
2021-02-09,陵水,40.0,,,
2021-02-09,陵水,45.0,,,
2021-02-09,陵水,50.0,,,
2021-02-09,陵水,60.0,,,
2021-02-09,陵水,70.0,,,
2021-02-09,陵水,80.0,,,
2021-02-09,陵水,90.0,,,
2021-02-09,陵水,100.0,,,
2021-02-09,陵水,125.0,,,
2021-02-09,陵水,150.0,,,
2021-02-09,陵水,200.0,,,
2021-02-09,陵水,250.0,,,
2021-02-09,陵水,300.0,,,
2021-02-09,陵水,350.0,,,
2021-02-09,陵水,400.0,,,
2021-02-09,陵水,500.0,,,
2021-02-09,陵水,600.0,,,
2021-02-09,陵水,700.0,,,
2021-02-09,陵水,800.0,,,
2021-02-09,陵水,900.0,,,
2021-02-09,陵水,1000.0,,,
2021-02-09,陵水,1250.0,,,
2021-02-09,陵水,1500.0,,,
2021-02-09,陵水,2000.0,,,
2021-02-09,陵水,2500.0,,,
2021-02-09,陵水,3000.0,,,
2021-02-09,陵水,4000.0,,,
2021-02-09,陵水,5000.0,,,
2021-02-12,陵水,0.0,,,
2021-02-12,陵水,2.0,,,
2021-02-12,陵水,4.0,,,
2021-02-12,陵水,6.0,,,
2021-02-12,陵水,8.0,,,
2021-02-12,陵水,10.0,,,
2021-02-12,陵水,12.0,,,
2021-02-12,陵水,15.0,,,
2021-02-12,陵水,20.0,,,
2021-02-12,陵水,25.0,,,
2021-02-12,陵水,30.0,,,
2021-02-12,陵水,35.0,,,
2021-02-12,陵水,40.0,,,
2021-02-12,陵水,45.0,,,
2021-02-12,陵水,50.0,,,
2021-02-12,陵水,60.0,,,
2021-02-12,陵水,70.0,,,
2021-02-12,陵水,80.0,,,
2021-02-12,陵水,90.0,,,
2021-02-12,陵水,100.0,,,
2021-02-12,陵水,125.0,,,
2021-02-12,陵水,150.0,,,
2021-02-12,陵水,200.0,,,
2021-02-12,陵水,250.0,,,
2021-02-12,陵水,300.0,,,
2021-02-12,陵水,350.0,,,
2021-02-12,陵水,400.0,,,
2021-02-12,陵水,500.0,,,
2021-02-12,陵水,600.0,,,
2021-02-12,陵水,700.0,,,
2021-02-12,陵水,800.0,,,
2021-02-12,陵水,900.0,,,
2021-02-12,陵水,1000.0,,,
2021-02-12,陵水,1250.0,,,
2021-02-12,陵水,1500.0,,,
2021-02-12,陵水,2000.0,,,
2021-02-12,陵水,2500.0,,,
2021-02-12,陵水,3000.0,,,
2021-02-12,陵水,4000.0,,,
2021-02-12,陵水,5000.0,,,
2021-02-13,陵水,0.0,,,
2021-02-13,陵水,2.0,,,
2021-02-13,陵水,4.0,,,
2021-02-13,陵水,6.0,,,
2021-02-13,陵水,8.0,,,
2021-02-13,陵水,10.0,,,
2021-02-13,陵水,12.0,,,
2021-02-13,陵水,15.0,,,
2021-02-13,陵水,20.0,,,
2021-02-13,陵水,25.0,,,
2021-02-13,陵水,30.0,,,
2021-02-13,陵水,35.0,,,
2021-02-13,陵水,40.0,,,
2021-02-13,陵水,45.0,,,
2021-02-13,陵水,50.0,,,
2021-02-13,陵水,60.0,,,
2021-02-13,陵水,70.0,,,
2021-02-13,陵水,80.0,,,
2021-02-13,陵水,90.0,,,
2021-02-13,陵水,100.0,,,
2021-02-13,陵水,125.0,,,
2021-02-13,陵水,150.0,,,
2021-02-13,陵水,200.0,,,
2021-02-13,陵水,250.0,,,
2021-02-13,陵水,300.0,,,
2021-02-13,陵水,350.0,,,
2021-02-13,陵水,400.0,,,
2021-02-13,陵水,500.0,,,
2021-02-13,陵水,600.0,,,
2021-02-13,陵水,700.0,,,
2021-02-13,陵水,800.0,,,
2021-02-13,陵水,900.0,,,
2021-02-13,陵水,1000.0,,,
2021-02-13,陵水,1250.0,,,
2021-02-13,陵水,1500.0,,,
2021-02-13,陵水,2000.0,,,
2021-02-13,陵水,2500.0,,,
2021-02-13,陵水,3000.0,,,
2021-02-13,陵水,4000.0,,,
2021-02-13,陵水,5000.0,,,
2021-02-14,陵水,0.0,,,
2021-02-14,陵水,2.0,,,
2021-02-14,陵水,4.0,,,
2021-02-14,陵水,6.0,,,
2021-02-14,陵水,8.0,,,
2021-02-14,陵水,10.0,,,
2021-02-14,陵水,12.0,,,
2021-02-14,陵水,15.0,,,
2021-02-14,陵水,20.0,,,
2021-02-14,陵水,25.0,,,
2021-02-14,陵水,30.0,,,
2021-02-14,陵水,35.0,,,
2021-02-14,陵水,40.0,,,
2021-02-14,陵水,45.0,,,
2021-02-14,陵水,50.0,,,
2021-02-14,陵水,60.0,,,
2021-02-14,陵水,70.0,,,
2021-02-14,陵水,80.0,,,
2021-02-14,陵水,90.0,,,
2021-02-14,陵水,100.0,,,
2021-02-14,陵水,125.0,,,
2021-02-14,陵水,150.0,,,
2021-02-14,陵水,200.0,,,
2021-02-14,陵水,250.0,,,
2021-02-14,陵水,300.0,,,
2021-02-14,陵水,350.0,,,
2021-02-14,陵水,400.0,,,
2021-02-14,陵水,500.0,,,
2021-02-14,陵水,600.0,,,
2021-02-14,陵水,700.0,,,
2021-02-14,陵水,800.0,,,
2021-02-14,陵水,900.0,,,
2021-02-14,陵水,1000.0,,,
2021-02-14,陵水,1250.0,,,
2021-02-14,陵水,1500.0,,,
2021-02-14,陵水,2000.0,,,
2021-02-14,陵水,2500.0,,,
2021-02-14,陵水,3000.0,,,
2021-02-14,陵水,4000.0,,,
2021-02-14,陵水,5000.0,,,
2021-02-15,陵水,0.0,,,
2021-02-15,陵水,2.0,,,
2021-02-15,陵水,4.0,,,
2021-02-15,陵水,6.0,,,
2021-02-15,陵水,8.0,,,
2021-02-15,陵水,10.0,,,
2021-02-15,陵水,12.0,,,
2021-02-15,陵水,15.0,,,
2021-02-15,陵水,20.0,,,
2021-02-15,陵水,25.0,,,
2021-02-15,陵水,30.0,,,
2021-02-15,陵水,35.0,,,
2021-02-15,陵水,40.0,,,
2021-02-15,陵水,45.0,,,
2021-02-15,陵水,50.0,,,
2021-02-15,陵水,60.0,,,
2021-02-15,陵水,70.0,,,
2021-02-15,陵水,80.0,,,
2021-02-15,陵水,90.0,,,
2021-02-15,陵水,100.0,,,
2021-02-15,陵水,125.0,,,
2021-02-15,陵水,150.0,,,
2021-02-15,陵水,200.0,,,
2021-02-15,陵水,250.0,,,
2021-02-15,陵水,300.0,,,
2021-02-15,陵水,350.0,,,
2021-02-15,陵水,400.0,,,
2021-02-15,陵水,500.0,,,
2021-02-15,陵水,600.0,,,
2021-02-15,陵水,700.0,,,
2021-02-15,陵水,800.0,,,
2021-02-15,陵水,900.0,,,
2021-02-15,陵水,1000.0,,,
2021-02-15,陵水,1250.0,,,
2021-02-15,陵水,1500.0,,,
2021-02-15,陵水,2000.0,,,
2021-02-15,陵水,2500.0,,,
2021-02-15,陵水,3000.0,,,
2021-02-15,陵水,4000.0,,,
2021-02-15,陵水,5000.0,,,
2021-02-16,陵水,0.0,,,
2021-02-16,陵水,2.0,,,
2021-02-16,陵水,4.0,,,
2021-02-16,陵水,6.0,,,
2021-02-16,陵水,8.0,,,
2021-02-16,陵水,10.0,,,
2021-02-16,陵水,12.0,,,
2021-02-16,陵水,15.0,,,
2021-02-16,陵水,20.0,,,
2021-02-16,陵水,25.0,,,
2021-02-16,陵水,30.0,,,
2021-02-16,陵水,35.0,,,
2021-02-16,陵水,40.0,,,
2021-02-16,陵水,45.0,,,
2021-02-16,陵水,50.0,,,
2021-02-16,陵水,60.0,,,
2021-02-16,陵水,70.0,,,
2021-02-16,陵水,80.0,,,
2021-02-16,陵水,90.0,,,
2021-02-16,陵水,100.0,,,
2021-02-16,陵水,125.0,,,
2021-02-16,陵水,150.0,,,
2021-02-16,陵水,200.0,,,
2021-02-16,陵水,250.0,,,
2021-02-16,陵水,300.0,,,
2021-02-16,陵水,350.0,,,
2021-02-16,陵水,400.0,,,
2021-02-16,陵水,500.0,,,
2021-02-16,陵水,600.0,,,
2021-02-16,陵水,700.0,,,
2021-02-16,陵水,800.0,,,
2021-02-16,陵水,900.0,,,
2021-02-16,陵水,1000.0,,,
2021-02-16,陵水,1250.0,,,
2021-02-16,陵水,1500.0,,,
2021-02-16,陵水,2000.0,,,
2021-02-16,陵水,2500.0,,,
2021-02-16,陵水,3000.0,,,
2021-02-16,陵水,4000.0,,,
2021-02-16,陵水,5000.0,,,
2021-02-17,陵水,0.0,,,
2021-02-17,陵水,2.0,,,
2021-02-17,陵水,4.0,,,
2021-02-17,陵水,6.0,,,
2021-02-17,陵水,8.0,,,
2021-02-17,陵水,10.0,,,
2021-02-17,陵水,12.0,,,
2021-02-17,陵水,15.0,,,
2021-02-17,陵水,20.0,,,
2021-02-17,陵水,25.0,,,
2021-02-17,陵水,30.0,,,
2021-02-17,陵水,35.0,,,
2021-02-17,陵水,40.0,,,
2021-02-17,陵水,45.0,,,
2021-02-17,陵水,50.0,,,
2021-02-17,陵水,60.0,,,
2021-02-17,陵水,70.0,,,
2021-02-17,陵水,80.0,,,
2021-02-17,陵水,90.0,,,
2021-02-17,陵水,100.0,,,
2021-02-17,陵水,125.0,,,
2021-02-17,陵水,150.0,,,
2021-02-17,陵水,200.0,,,
2021-02-17,陵水,250.0,,,
2021-02-17,陵水,300.0,,,
2021-02-17,陵水,350.0,,,
2021-02-17,陵水,400.0,,,
2021-02-17,陵水,500.0,,,
2021-02-17,陵水,600.0,,,
2021-02-17,陵水,700.0,,,
2021-02-17,陵水,800.0,,,
2021-02-17,陵水,900.0,,,
2021-02-17,陵水,1000.0,,,
2021-02-17,陵水,1250.0,,,
2021-02-17,陵水,1500.0,,,
2021-02-17,陵水,2000.0,,,
2021-02-17,陵水,2500.0,,,
2021-02-17,陵水,3000.0,,,
2021-02-17,陵水,4000.0,,,
2021-02-17,陵水,5000.0,,,
2021-02-18,陵水,0.0,,,
2021-02-18,陵水,2.0,,,
2021-02-18,陵水,4.0,,,
2021-02-18,陵水,6.0,,,
2021-02-18,陵水,8.0,,,
2021-02-18,陵水,10.0,,,
2021-02-18,陵水,12.0,,,
2021-02-18,陵水,15.0,,,
2021-02-18,陵水,20.0,,,
2021-02-18,陵水,25.0,,,
2021-02-18,陵水,30.0,,,
2021-02-18,陵水,35.0,,,
2021-02-18,陵水,40.0,,,
2021-02-18,陵水,45.0,,,
2021-02-18,陵水,50.0,,,
2021-02-18,陵水,60.0,,,
2021-02-18,陵水,70.0,,,
2021-02-18,陵水,80.0,,,
2021-02-18,陵水,90.0,,,
2021-02-18,陵水,100.0,,,
2021-02-18,陵水,125.0,,,
2021-02-18,陵水,150.0,,,
2021-02-18,陵水,200.0,,,
2021-02-18,陵水,250.0,,,
2021-02-18,陵水,300.0,,,
2021-02-18,陵水,350.0,,,
2021-02-18,陵水,400.0,,,
2021-02-18,陵水,500.0,,,
2021-02-18,陵水,600.0,,,
2021-02-18,陵水,700.0,,,
2021-02-18,陵水,800.0,,,
2021-02-18,陵水,900.0,,,
2021-02-18,陵水,1000.0,,,
2021-02-18,陵水,1250.0,,,
2021-02-18,陵水,1500.0,,,
2021-02-18,陵水,2000.0,,,
2021-02-18,陵水,2500.0,,,
2021-02-18,陵水,3000.0,,,
2021-02-18,陵水,4000.0,,,
2021-02-18,陵水,5000.0,,,
2021-02-19,陵水,0.0,,,
2021-02-19,陵水,2.0,,,
2021-02-19,陵水,4.0,,,
2021-02-19,陵水,6.0,,,
2021-02-19,陵水,8.0,,,
2021-02-19,陵水,10.0,,,
2021-02-19,陵水,12.0,,,
2021-02-19,陵水,15.0,,,
2021-02-19,陵水,20.0,,,
2021-02-19,陵水,25.0,,,
2021-02-19,陵水,30.0,,,
2021-02-19,陵水,35.0,,,
2021-02-19,陵水,40.0,,,
2021-02-19,陵水,45.0,,,
2021-02-19,陵水,50.0,,,
2021-02-19,陵水,60.0,,,
2021-02-19,陵水,70.0,,,
2021-02-19,陵水,80.0,,,
2021-02-19,陵水,90.0,,,
2021-02-19,陵水,100.0,,,
2021-02-19,陵水,125.0,,,
2021-02-19,陵水,150.0,,,
2021-02-19,陵水,200.0,,,
2021-02-19,陵水,250.0,,,
2021-02-19,陵水,300.0,,,
2021-02-19,陵水,350.0,,,
2021-02-19,陵水,400.0,,,
2021-02-19,陵水,500.0,,,
2021-02-19,陵水,600.0,,,
2021-02-19,陵水,700.0,,,
2021-02-19,陵水,800.0,,,
2021-02-19,陵水,900.0,,,
2021-02-19,陵水,1000.0,,,
2021-02-19,陵水,1250.0,,,
2021-02-19,陵水,1500.0,,,
2021-02-19,陵水,2000.0,,,
2021-02-19,陵水,2500.0,,,
2021-02-19,陵水,3000.0,,,
2021-02-19,陵水,4000.0,,,
2021-02-19,陵水,5000.0,,,
2021-02-20,陵水,0.0,,,
2021-02-20,陵水,2.0,,,
2021-02-20,陵水,4.0,,,
2021-02-20,陵水,6.0,,,
2021-02-20,陵水,8.0,,,
2021-02-20,陵水,10.0,,,
2021-02-20,陵水,12.0,,,
2021-02-20,陵水,15.0,,,
2021-02-20,陵水,20.0,,,
2021-02-20,陵水,25.0,,,
2021-02-20,陵水,30.0,,,
2021-02-20,陵水,35.0,,,
2021-02-20,陵水,40.0,,,
2021-02-20,陵水,45.0,,,
2021-02-20,陵水,50.0,,,
2021-02-20,陵水,60.0,,,
2021-02-20,陵水,70.0,,,
2021-02-20,陵水,80.0,,,
2021-02-20,陵水,90.0,,,
2021-02-20,陵水,100.0,,,
2021-02-20,陵水,125.0,,,
2021-02-20,陵水,150.0,,,
2021-02-20,陵水,200.0,,,
2021-02-20,陵水,250.0,,,
2021-02-20,陵水,300.0,,,
2021-02-20,陵水,350.0,,,
2021-02-20,陵水,400.0,,,
2021-02-20,陵水,500.0,,,
2021-02-20,陵水,600.0,,,
2021-02-20,陵水,700.0,,,
2021-02-20,陵水,800.0,,,
2021-02-20,陵水,900.0,,,
2021-02-20,陵水,1000.0,,,
2021-02-20,陵水,1250.0,,,
2021-02-20,陵水,1500.0,,,
2021-02-20,陵水,2000.0,,,
2021-02-20,陵水,2500.0,,,
2021-02-20,陵水,3000.0,,,
2021-02-20,陵水,4000.0,,,
2021-02-20,陵水,5000.0,,,
2021-02-21,陵水,0.0,,,
2021-02-21,陵水,2.0,,,
2021-02-21,陵水,4.0,,,
2021-02-21,陵水,6.0,,,
2021-02-21,陵水,8.0,,,
2021-02-21,陵水,10.0,,,
2021-02-21,陵水,12.0,,,
2021-02-21,陵水,15.0,,,
2021-02-21,陵水,20.0,,,
2021-02-21,陵水,25.0,,,
2021-02-21,陵水,30.0,,,
2021-02-21,陵水,35.0,,,
2021-02-21,陵水,40.0,,,
2021-02-21,陵水,45.0,,,
2021-02-21,陵水,50.0,,,
2021-02-21,陵水,60.0,,,
2021-02-21,陵水,70.0,,,
2021-02-21,陵水,80.0,,,
2021-02-21,陵水,90.0,,,
2021-02-21,陵水,100.0,,,
2021-02-21,陵水,125.0,,,
2021-02-21,陵水,150.0,,,
2021-02-21,陵水,200.0,,,
2021-02-21,陵水,250.0,,,
2021-02-21,陵水,300.0,,,
2021-02-21,陵水,350.0,,,
2021-02-21,陵水,400.0,,,
2021-02-21,陵水,500.0,,,
2021-02-21,陵水,600.0,,,
2021-02-21,陵水,700.0,,,
2021-02-21,陵水,800.0,,,
2021-02-21,陵水,900.0,,,
2021-02-21,陵水,1000.0,,,
2021-02-21,陵水,1250.0,,,
2021-02-21,陵水,1500.0,,,
2021-02-21,陵水,2000.0,,,
2021-02-21,陵水,2500.0,,,
2021-02-21,陵水,3000.0,,,
2021-02-21,陵水,4000.0,,,
2021-02-21,陵水,5000.0,,,
2021-02-22,陵水,0.0,,,
2021-02-22,陵水,2.0,,,
2021-02-22,陵水,4.0,,,
2021-02-22,陵水,6.0,,,
2021-02-22,陵水,8.0,,,
2021-02-22,陵水,10.0,,,
2021-02-22,陵水,12.0,,,
2021-02-22,陵水,15.0,,,
2021-02-22,陵水,20.0,,,
2021-02-22,陵水,25.0,,,
2021-02-22,陵水,30.0,,,
2021-02-22,陵水,35.0,,,
2021-02-22,陵水,40.0,,,
2021-02-22,陵水,45.0,,,
2021-02-22,陵水,50.0,,,
2021-02-22,陵水,60.0,,,
2021-02-22,陵水,70.0,,,
2021-02-22,陵水,80.0,,,
2021-02-22,陵水,90.0,,,
2021-02-22,陵水,100.0,,,
2021-02-22,陵水,125.0,,,
2021-02-22,陵水,150.0,,,
2021-02-22,陵水,200.0,,,
2021-02-22,陵水,250.0,,,
2021-02-22,陵水,300.0,,,
2021-02-22,陵水,350.0,,,
2021-02-22,陵水,400.0,,,
2021-02-22,陵水,500.0,,,
2021-02-22,陵水,600.0,,,
2021-02-22,陵水,700.0,,,
2021-02-22,陵水,800.0,,,
2021-02-22,陵水,900.0,,,
2021-02-22,陵水,1000.0,,,
2021-02-22,陵水,1250.0,,,
2021-02-22,陵水,1500.0,,,
2021-02-22,陵水,2000.0,,,
2021-02-22,陵水,2500.0,,,
2021-02-22,陵水,3000.0,,,
2021-02-22,陵水,4000.0,,,
2021-02-22,陵水,5000.0,,,
2021-02-23,陵水,0.0,,,
2021-02-23,陵水,2.0,,,
2021-02-23,陵水,4.0,,,
2021-02-23,陵水,6.0,,,
2021-02-23,陵水,8.0,,,
2021-02-23,陵水,10.0,,,
2021-02-23,陵水,12.0,,,
2021-02-23,陵水,15.0,,,
2021-02-23,陵水,20.0,,,
2021-02-23,陵水,25.0,,,
2021-02-23,陵水,30.0,,,
2021-02-23,陵水,35.0,,,
2021-02-23,陵水,40.0,,,
2021-02-23,陵水,45.0,,,
2021-02-23,陵水,50.0,,,
2021-02-23,陵水,60.0,,,
2021-02-23,陵水,70.0,,,
2021-02-23,陵水,80.0,,,
2021-02-23,陵水,90.0,,,
2021-02-23,陵水,100.0,,,
2021-02-23,陵水,125.0,,,
2021-02-23,陵水,150.0,,,
2021-02-23,陵水,200.0,,,
2021-02-23,陵水,250.0,,,
2021-02-23,陵水,300.0,,,
2021-02-23,陵水,350.0,,,
2021-02-23,陵水,400.0,,,
2021-02-23,陵水,500.0,,,
2021-02-23,陵水,600.0,,,
2021-02-23,陵水,700.0,,,
2021-02-23,陵水,800.0,,,
2021-02-23,陵水,900.0,,,
2021-02-23,陵水,1000.0,,,
2021-02-23,陵水,1250.0,,,
2021-02-23,陵水,1500.0,,,
2021-02-23,陵水,2000.0,,,
2021-02-23,陵水,2500.0,,,
2021-02-23,陵水,3000.0,,,
2021-02-23,陵水,4000.0,,,
2021-02-23,陵水,5000.0,,,
2021-02-24,陵水,0.0,,,
2021-02-24,陵水,2.0,,,
2021-02-24,陵水,4.0,,,
2021-02-24,陵水,6.0,,,
2021-02-24,陵水,8.0,,,
2021-02-24,陵水,10.0,,,
2021-02-24,陵水,12.0,,,
2021-02-24,陵水,15.0,,,
2021-02-24,陵水,20.0,,,
2021-02-24,陵水,25.0,,,
2021-02-24,陵水,30.0,,,
2021-02-24,陵水,35.0,,,
2021-02-24,陵水,40.0,,,
2021-02-24,陵水,45.0,,,
2021-02-24,陵水,50.0,,,
2021-02-24,陵水,60.0,,,
2021-02-24,陵水,70.0,,,
2021-02-24,陵水,80.0,,,
2021-02-24,陵水,90.0,,,
2021-02-24,陵水,100.0,,,
2021-02-24,陵水,125.0,,,
2021-02-24,陵水,150.0,,,
2021-02-24,陵水,200.0,,,
2021-02-24,陵水,250.0,,,
2021-02-24,陵水,300.0,,,
2021-02-24,陵水,350.0,,,
2021-02-24,陵水,400.0,,,
2021-02-24,陵水,500.0,,,
2021-02-24,陵水,600.0,,,
2021-02-24,陵水,700.0,,,
2021-02-24,陵水,800.0,,,
2021-02-24,陵水,900.0,,,
2021-02-24,陵水,1000.0,,,
2021-02-24,陵水,1250.0,,,
2021-02-24,陵水,1500.0,,,
2021-02-24,陵水,2000.0,,,
2021-02-24,陵水,2500.0,,,
2021-02-24,陵水,3000.0,,,
2021-02-24,陵水,4000.0,,,
2021-02-24,陵水,5000.0,,,
2021-02-25,陵水,0.0,,,
2021-02-25,陵水,2.0,,,
2021-02-25,陵水,4.0,,,
2021-02-25,陵水,6.0,,,
2021-02-25,陵水,8.0,,,
2021-02-25,陵水,10.0,,,
2021-02-25,陵水,12.0,,,
2021-02-25,陵水,15.0,,,
2021-02-25,陵水,20.0,,,
2021-02-25,陵水,25.0,,,
2021-02-25,陵水,30.0,,,
2021-02-25,陵水,35.0,,,
2021-02-25,陵水,40.0,,,
2021-02-25,陵水,45.0,,,
2021-02-25,陵水,50.0,,,
2021-02-25,陵水,60.0,,,
2021-02-25,陵水,70.0,,,
2021-02-25,陵水,80.0,,,
2021-02-25,陵水,90.0,,,
2021-02-25,陵水,100.0,,,
2021-02-25,陵水,125.0,,,
2021-02-25,陵水,150.0,,,
2021-02-25,陵水,200.0,,,
2021-02-25,陵水,250.0,,,
2021-02-25,陵水,300.0,,,
2021-02-25,陵水,350.0,,,
2021-02-25,陵水,400.0,,,
2021-02-25,陵水,500.0,,,
2021-02-25,陵水,600.0,,,
2021-02-25,陵水,700.0,,,
2021-02-25,陵水,800.0,,,
2021-02-25,陵水,900.0,,,
2021-02-25,陵水,1000.0,,,
2021-02-25,陵水,1250.0,,,
2021-02-25,陵水,1500.0,,,
2021-02-25,陵水,2000.0,,,
2021-02-25,陵水,2500.0,,,
2021-02-25,陵水,3000.0,,,
2021-02-25,陵水,4000.0,,,
2021-02-25,陵水,5000.0,,,
2021-02-26,陵水,0.0,,,
2021-02-26,陵水,2.0,,,
2021-02-26,陵水,4.0,,,
2021-02-26,陵水,6.0,,,
2021-02-26,陵水,8.0,,,
2021-02-26,陵水,10.0,,,
2021-02-26,陵水,12.0,,,
2021-02-26,陵水,15.0,,,
2021-02-26,陵水,20.0,,,
2021-02-26,陵水,25.0,,,
2021-02-26,陵水,30.0,,,
2021-02-26,陵水,35.0,,,
2021-02-26,陵水,40.0,,,
2021-02-26,陵水,45.0,,,
2021-02-26,陵水,50.0,,,
2021-02-26,陵水,60.0,,,
2021-02-26,陵水,70.0,,,
2021-02-26,陵水,80.0,,,
2021-02-26,陵水,90.0,,,
2021-02-26,陵水,100.0,,,
2021-02-26,陵水,125.0,,,
2021-02-26,陵水,150.0,,,
2021-02-26,陵水,200.0,,,
2021-02-26,陵水,250.0,,,
2021-02-26,陵水,300.0,,,
2021-02-26,陵水,350.0,,,
2021-02-26,陵水,400.0,,,
2021-02-26,陵水,500.0,,,
2021-02-26,陵水,600.0,,,
2021-02-26,陵水,700.0,,,
2021-02-26,陵水,800.0,,,
2021-02-26,陵水,900.0,,,
2021-02-26,陵水,1000.0,,,
2021-02-26,陵水,1250.0,,,
2021-02-26,陵水,1500.0,,,
2021-02-26,陵水,2000.0,,,
2021-02-26,陵水,2500.0,,,
2021-02-26,陵水,3000.0,,,
2021-02-26,陵水,4000.0,,,
2021-02-26,陵水,5000.0,,,
2021-02-27,陵水,0.0,,,
2021-02-27,陵水,2.0,,,
2021-02-27,陵水,4.0,,,
2021-02-27,陵水,6.0,,,
2021-02-27,陵水,8.0,,,
2021-02-27,陵水,10.0,,,
2021-02-27,陵水,12.0,,,
2021-02-27,陵水,15.0,,,
2021-02-27,陵水,20.0,,,
2021-02-27,陵水,25.0,,,
2021-02-27,陵水,30.0,,,
2021-02-27,陵水,35.0,,,
2021-02-27,陵水,40.0,,,
2021-02-27,陵水,45.0,,,
2021-02-27,陵水,50.0,,,
2021-02-27,陵水,60.0,,,
2021-02-27,陵水,70.0,,,
2021-02-27,陵水,80.0,,,
2021-02-27,陵水,90.0,,,
2021-02-27,陵水,100.0,,,
2021-02-27,陵水,125.0,,,
2021-02-27,陵水,150.0,,,
2021-02-27,陵水,200.0,,,
2021-02-27,陵水,250.0,,,
2021-02-27,陵水,300.0,,,
2021-02-27,陵水,350.0,,,
2021-02-27,陵水,400.0,,,
2021-02-27,陵水,500.0,,,
2021-02-27,陵水,600.0,,,
2021-02-27,陵水,700.0,,,
2021-02-27,陵水,800.0,,,
2021-02-27,陵水,900.0,,,
2021-02-27,陵水,1000.0,,,
2021-02-27,陵水,1250.0,,,
2021-02-27,陵水,1500.0,,,
2021-02-27,陵水,2000.0,,,
2021-02-27,陵水,2500.0,,,
2021-02-27,陵水,3000.0,,,
2021-02-27,陵水,4000.0,,,
2021-02-27,陵水,5000.0,,,
2021-02-28,陵水,0.0,,,
2021-02-28,陵水,2.0,,,
2021-02-28,陵水,4.0,,,
2021-02-28,陵水,6.0,,,
2021-02-28,陵水,8.0,,,
2021-02-28,陵水,10.0,,,
2021-02-28,陵水,12.0,,,
2021-02-28,陵水,15.0,,,
2021-02-28,陵水,20.0,,,
2021-02-28,陵水,25.0,,,
2021-02-28,陵水,30.0,,,
2021-02-28,陵水,35.0,,,
2021-02-28,陵水,40.0,,,
2021-02-28,陵水,45.0,,,
2021-02-28,陵水,50.0,,,
2021-02-28,陵水,60.0,,,
2021-02-28,陵水,70.0,,,
2021-02-28,陵水,80.0,,,
2021-02-28,陵水,90.0,,,
2021-02-28,陵水,100.0,,,
2021-02-28,陵水,125.0,,,
2021-02-28,陵水,150.0,,,
2021-02-28,陵水,200.0,,,
2021-02-28,陵水,250.0,,,
2021-02-28,陵水,300.0,,,
2021-02-28,陵水,350.0,,,
2021-02-28,陵水,400.0,,,
2021-02-28,陵水,500.0,,,
2021-02-28,陵水,600.0,,,
2021-02-28,陵水,700.0,,,
2021-02-28,陵水,800.0,,,
2021-02-28,陵水,900.0,,,
2021-02-28,陵水,1000.0,,,
2021-02-28,陵水,1250.0,,,
2021-02-28,陵水,1500.0,,,
2021-02-28,陵水,2000.0,,,
2021-02-28,陵水,2500.0,,,
2021-02-28,陵水,3000.0,,,
2021-02-28,陵水,4000.0,,,
2021-02-28,陵水,5000.0,,,
2021-03-01,陵水,0.0,,,
2021-03-01,陵水,2.0,,,
2021-03-01,陵水,4.0,,,
2021-03-01,陵水,6.0,,,
2021-03-01,陵水,8.0,,,
2021-03-01,陵水,10.0,,,
2021-03-01,陵水,12.0,,,
2021-03-01,陵水,15.0,,,
2021-03-01,陵水,20.0,,,
2021-03-01,陵水,25.0,,,
2021-03-01,陵水,30.0,,,
2021-03-01,陵水,35.0,,,
2021-03-01,陵水,40.0,,,
2021-03-01,陵水,45.0,,,
2021-03-01,陵水,50.0,,,
2021-03-01,陵水,60.0,,,
2021-03-01,陵水,70.0,,,
2021-03-01,陵水,80.0,,,
2021-03-01,陵水,90.0,,,
2021-03-01,陵水,100.0,,,
2021-03-01,陵水,125.0,,,
2021-03-01,陵水,150.0,,,
2021-03-01,陵水,200.0,,,
2021-03-01,陵水,250.0,,,
2021-03-01,陵水,300.0,,,
2021-03-01,陵水,350.0,,,
2021-03-01,陵水,400.0,,,
2021-03-01,陵水,500.0,,,
2021-03-01,陵水,600.0,,,
2021-03-01,陵水,700.0,,,
2021-03-01,陵水,800.0,,,
2021-03-01,陵水,900.0,,,
2021-03-01,陵水,1000.0,,,
2021-03-01,陵水,1250.0,,,
2021-03-01,陵水,1500.0,,,
2021-03-01,陵水,2000.0,,,
2021-03-01,陵水,2500.0,,,
2021-03-01,陵水,3000.0,,,
2021-03-01,陵水,4000.0,,,
2021-03-01,陵水,5000.0,,,
2021-03-04,陵水,0.0,,,
2021-03-04,陵水,2.0,,,
2021-03-04,陵水,4.0,,,
2021-03-04,陵水,6.0,,,
2021-03-04,陵水,8.0,,,
2021-03-04,陵水,10.0,,,
2021-03-04,陵水,12.0,,,
2021-03-04,陵水,15.0,,,
2021-03-04,陵水,20.0,,,
2021-03-04,陵水,25.0,,,
2021-03-04,陵水,30.0,,,
2021-03-04,陵水,35.0,,,
2021-03-04,陵水,40.0,,,
2021-03-04,陵水,45.0,,,
2021-03-04,陵水,50.0,,,
2021-03-04,陵水,60.0,,,
2021-03-04,陵水,70.0,,,
2021-03-04,陵水,80.0,,,
2021-03-04,陵水,90.0,,,
2021-03-04,陵水,100.0,,,
2021-03-04,陵水,125.0,,,
2021-03-04,陵水,150.0,,,
2021-03-04,陵水,200.0,,,
2021-03-04,陵水,250.0,,,
2021-03-04,陵水,300.0,,,
2021-03-04,陵水,350.0,,,
2021-03-04,陵水,400.0,,,
2021-03-04,陵水,500.0,,,
2021-03-04,陵水,600.0,,,
2021-03-04,陵水,700.0,,,
2021-03-04,陵水,800.0,,,
2021-03-04,陵水,900.0,,,
2021-03-04,陵水,1000.0,,,
2021-03-04,陵水,1250.0,,,
2021-03-04,陵水,1500.0,,,
2021-03-04,陵水,2000.0,,,
2021-03-04,陵水,2500.0,,,
2021-03-04,陵水,3000.0,,,
2021-03-04,陵水,4000.0,,,
2021-03-04,陵水,5000.0,,,
2021-03-05,陵水,0.0,,,
2021-03-05,陵水,2.0,,,
2021-03-05,陵水,4.0,,,
2021-03-05,陵水,6.0,,,
2021-03-05,陵水,8.0,,,
2021-03-05,陵水,10.0,,,
2021-03-05,陵水,12.0,,,
2021-03-05,陵水,15.0,,,
2021-03-05,陵水,20.0,,,
2021-03-05,陵水,25.0,,,
2021-03-05,陵水,30.0,,,
2021-03-05,陵水,35.0,,,
2021-03-05,陵水,40.0,,,
2021-03-05,陵水,45.0,,,
2021-03-05,陵水,50.0,,,
2021-03-05,陵水,60.0,,,
2021-03-05,陵水,70.0,,,
2021-03-05,陵水,80.0,,,
2021-03-05,陵水,90.0,,,
2021-03-05,陵水,100.0,,,
2021-03-05,陵水,125.0,,,
2021-03-05,陵水,150.0,,,
2021-03-05,陵水,200.0,,,
2021-03-05,陵水,250.0,,,
2021-03-05,陵水,300.0,,,
2021-03-05,陵水,350.0,,,
2021-03-05,陵水,400.0,,,
2021-03-05,陵水,500.0,,,
2021-03-05,陵水,600.0,,,
2021-03-05,陵水,700.0,,,
2021-03-05,陵水,800.0,,,
2021-03-05,陵水,900.0,,,
2021-03-05,陵水,1000.0,,,
2021-03-05,陵水,1250.0,,,
2021-03-05,陵水,1500.0,,,
2021-03-05,陵水,2000.0,,,
2021-03-05,陵水,2500.0,,,
2021-03-05,陵水,3000.0,,,
2021-03-05,陵水,4000.0,,,
2021-03-05,陵水,5000.0,,,
2021-03-06,陵水,0.0,,,
2021-03-06,陵水,2.0,,,
2021-03-06,陵水,4.0,,,
2021-03-06,陵水,6.0,,,
2021-03-06,陵水,8.0,,,
2021-03-06,陵水,10.0,,,
2021-03-06,陵水,12.0,,,
2021-03-06,陵水,15.0,,,
2021-03-06,陵水,20.0,,,
2021-03-06,陵水,25.0,,,
2021-03-06,陵水,30.0,,,
2021-03-06,陵水,35.0,,,
2021-03-06,陵水,40.0,,,
2021-03-06,陵水,45.0,,,
2021-03-06,陵水,50.0,,,
2021-03-06,陵水,60.0,,,
2021-03-06,陵水,70.0,,,
2021-03-06,陵水,80.0,,,
2021-03-06,陵水,90.0,,,
2021-03-06,陵水,100.0,,,
2021-03-06,陵水,125.0,,,
2021-03-06,陵水,150.0,,,
2021-03-06,陵水,200.0,,,
2021-03-06,陵水,250.0,,,
2021-03-06,陵水,300.0,,,
2021-03-06,陵水,350.0,,,
2021-03-06,陵水,400.0,,,
2021-03-06,陵水,500.0,,,
2021-03-06,陵水,600.0,,,
2021-03-06,陵水,700.0,,,
2021-03-06,陵水,800.0,,,
2021-03-06,陵水,900.0,,,
2021-03-06,陵水,1000.0,,,
2021-03-06,陵水,1250.0,,,
2021-03-06,陵水,1500.0,,,
2021-03-06,陵水,2000.0,,,
2021-03-06,陵水,2500.0,,,
2021-03-06,陵水,3000.0,,,
2021-03-06,陵水,4000.0,,,
2021-03-06,陵水,5000.0,,,
2021-03-07,陵水,0.0,,,
2021-03-07,陵水,2.0,,,
2021-03-07,陵水,4.0,,,
2021-03-07,陵水,6.0,,,
2021-03-07,陵水,8.0,,,
2021-03-07,陵水,10.0,,,
2021-03-07,陵水,12.0,,,
2021-03-07,陵水,15.0,,,
2021-03-07,陵水,20.0,,,
2021-03-07,陵水,25.0,,,
2021-03-07,陵水,30.0,,,
2021-03-07,陵水,35.0,,,
2021-03-07,陵水,40.0,,,
2021-03-07,陵水,45.0,,,
2021-03-07,陵水,50.0,,,
2021-03-07,陵水,60.0,,,
2021-03-07,陵水,70.0,,,
2021-03-07,陵水,80.0,,,
2021-03-07,陵水,90.0,,,
2021-03-07,陵水,100.0,,,
2021-03-07,陵水,125.0,,,
2021-03-07,陵水,150.0,,,
2021-03-07,陵水,200.0,,,
2021-03-07,陵水,250.0,,,
2021-03-07,陵水,300.0,,,
2021-03-07,陵水,350.0,,,
2021-03-07,陵水,400.0,,,
2021-03-07,陵水,500.0,,,
2021-03-07,陵水,600.0,,,
2021-03-07,陵水,700.0,,,
2021-03-07,陵水,800.0,,,
2021-03-07,陵水,900.0,,,
2021-03-07,陵水,1000.0,,,
2021-03-07,陵水,1250.0,,,
2021-03-07,陵水,1500.0,,,
2021-03-07,陵水,2000.0,,,
2021-03-07,陵水,2500.0,,,
2021-03-07,陵水,3000.0,,,
2021-03-07,陵水,4000.0,,,
2021-03-07,陵水,5000.0,,,
2021-03-09,陵水,0.0,,,
2021-03-09,陵水,2.0,,,
2021-03-09,陵水,4.0,,,
2021-03-09,陵水,6.0,,,
2021-03-09,陵水,8.0,,,
2021-03-09,陵水,10.0,,,
2021-03-09,陵水,12.0,,,
2021-03-09,陵水,15.0,,,
2021-03-09,陵水,20.0,,,
2021-03-09,陵水,25.0,,,
2021-03-09,陵水,30.0,,,
2021-03-09,陵水,35.0,,,
2021-03-09,陵水,40.0,,,
2021-03-09,陵水,45.0,,,
2021-03-09,陵水,50.0,,,
2021-03-09,陵水,60.0,,,
2021-03-09,陵水,70.0,,,
2021-03-09,陵水,80.0,,,
2021-03-09,陵水,90.0,,,
2021-03-09,陵水,100.0,,,
2021-03-09,陵水,125.0,,,
2021-03-09,陵水,150.0,,,
2021-03-09,陵水,200.0,,,
2021-03-09,陵水,250.0,,,
2021-03-09,陵水,300.0,,,
2021-03-09,陵水,350.0,,,
2021-03-09,陵水,400.0,,,
2021-03-09,陵水,500.0,,,
2021-03-09,陵水,600.0,,,
2021-03-09,陵水,700.0,,,
2021-03-09,陵水,800.0,,,
2021-03-09,陵水,900.0,,,
2021-03-09,陵水,1000.0,,,
2021-03-09,陵水,1250.0,,,
2021-03-09,陵水,1500.0,,,
2021-03-09,陵水,2000.0,,,
2021-03-09,陵水,2500.0,,,
2021-03-09,陵水,3000.0,,,
2021-03-09,陵水,4000.0,,,
2021-03-09,陵水,5000.0,,,
2021-03-10,陵水,0.0,,,
2021-03-10,陵水,2.0,,,
2021-03-10,陵水,4.0,,,
2021-03-10,陵水,6.0,,,
2021-03-10,陵水,8.0,,,
2021-03-10,陵水,10.0,,,
2021-03-10,陵水,12.0,,,
2021-03-10,陵水,15.0,,,
2021-03-10,陵水,20.0,,,
2021-03-10,陵水,25.0,,,
2021-03-10,陵水,30.0,,,
2021-03-10,陵水,35.0,,,
2021-03-10,陵水,40.0,,,
2021-03-10,陵水,45.0,,,
2021-03-10,陵水,50.0,,,
2021-03-10,陵水,60.0,,,
2021-03-10,陵水,70.0,,,
2021-03-10,陵水,80.0,,,
2021-03-10,陵水,90.0,,,
2021-03-10,陵水,100.0,,,
2021-03-10,陵水,125.0,,,
2021-03-10,陵水,150.0,,,
2021-03-10,陵水,200.0,,,
2021-03-10,陵水,250.0,,,
2021-03-10,陵水,300.0,,,
2021-03-10,陵水,350.0,,,
2021-03-10,陵水,400.0,,,
2021-03-10,陵水,500.0,,,
2021-03-10,陵水,600.0,,,
2021-03-10,陵水,700.0,,,
2021-03-10,陵水,800.0,,,
2021-03-10,陵水,900.0,,,
2021-03-10,陵水,1000.0,,,
2021-03-10,陵水,1250.0,,,
2021-03-10,陵水,1500.0,,,
2021-03-10,陵水,2000.0,,,
2021-03-10,陵水,2500.0,,,
2021-03-10,陵水,3000.0,,,
2021-03-10,陵水,4000.0,,,
2021-03-10,陵水,5000.0,,,
2021-03-11,陵水,0.0,,,
2021-03-11,陵水,2.0,,,
2021-03-11,陵水,4.0,,,
2021-03-11,陵水,6.0,,,
2021-03-11,陵水,8.0,,,
2021-03-11,陵水,10.0,,,
2021-03-11,陵水,12.0,,,
2021-03-11,陵水,15.0,,,
2021-03-11,陵水,20.0,,,
2021-03-11,陵水,25.0,,,
2021-03-11,陵水,30.0,,,
2021-03-11,陵水,35.0,,,
2021-03-11,陵水,40.0,,,
2021-03-11,陵水,45.0,,,
2021-03-11,陵水,50.0,,,
2021-03-11,陵水,60.0,,,
2021-03-11,陵水,70.0,,,
2021-03-11,陵水,80.0,,,
2021-03-11,陵水,90.0,,,
2021-03-11,陵水,100.0,,,
2021-03-11,陵水,125.0,,,
2021-03-11,陵水,150.0,,,
2021-03-11,陵水,200.0,,,
2021-03-11,陵水,250.0,,,
2021-03-11,陵水,300.0,,,
2021-03-11,陵水,350.0,,,
2021-03-11,陵水,400.0,,,
2021-03-11,陵水,500.0,,,
2021-03-11,陵水,600.0,,,
2021-03-11,陵水,700.0,,,
2021-03-11,陵水,800.0,,,
2021-03-11,陵水,900.0,,,
2021-03-11,陵水,1000.0,,,
2021-03-11,陵水,1250.0,,,
2021-03-11,陵水,1500.0,,,
2021-03-11,陵水,2000.0,,,
2021-03-11,陵水,2500.0,,,
2021-03-11,陵水,3000.0,,,
2021-03-11,陵水,4000.0,,,
2021-03-11,陵水,5000.0,,,
2021-03-13,陵水,0.0,,,
2021-03-13,陵水,2.0,,,
2021-03-13,陵水,4.0,,,
2021-03-13,陵水,6.0,,,
2021-03-13,陵水,8.0,,,
2021-03-13,陵水,10.0,,,
2021-03-13,陵水,12.0,,,
2021-03-13,陵水,15.0,,,
2021-03-13,陵水,20.0,,,
2021-03-13,陵水,25.0,,,
2021-03-13,陵水,30.0,,,
2021-03-13,陵水,35.0,,,
2021-03-13,陵水,40.0,,,
2021-03-13,陵水,45.0,,,
2021-03-13,陵水,50.0,,,
2021-03-13,陵水,60.0,,,
2021-03-13,陵水,70.0,,,
2021-03-13,陵水,80.0,,,
2021-03-13,陵水,90.0,,,
2021-03-13,陵水,100.0,,,
2021-03-13,陵水,125.0,,,
2021-03-13,陵水,150.0,,,
2021-03-13,陵水,200.0,,,
2021-03-13,陵水,250.0,,,
2021-03-13,陵水,300.0,,,
2021-03-13,陵水,350.0,,,
2021-03-13,陵水,400.0,,,
2021-03-13,陵水,500.0,,,
2021-03-13,陵水,600.0,,,
2021-03-13,陵水,700.0,,,
2021-03-13,陵水,800.0,,,
2021-03-13,陵水,900.0,,,
2021-03-13,陵水,1000.0,,,
2021-03-13,陵水,1250.0,,,
2021-03-13,陵水,1500.0,,,
2021-03-13,陵水,2000.0,,,
2021-03-13,陵水,2500.0,,,
2021-03-13,陵水,3000.0,,,
2021-03-13,陵水,4000.0,,,
2021-03-13,陵水,5000.0,,,
2021-03-14,陵水,0.0,,,
2021-03-14,陵水,2.0,,,
2021-03-14,陵水,4.0,,,
2021-03-14,陵水,6.0,,,
2021-03-14,陵水,8.0,,,
2021-03-14,陵水,10.0,,,
2021-03-14,陵水,12.0,,,
2021-03-14,陵水,15.0,,,
2021-03-14,陵水,20.0,,,
2021-03-14,陵水,25.0,,,
2021-03-14,陵水,30.0,,,
2021-03-14,陵水,35.0,,,
2021-03-14,陵水,40.0,,,
2021-03-14,陵水,45.0,,,
2021-03-14,陵水,50.0,,,
2021-03-14,陵水,60.0,,,
2021-03-14,陵水,70.0,,,
2021-03-14,陵水,80.0,,,
2021-03-14,陵水,90.0,,,
2021-03-14,陵水,100.0,,,
2021-03-14,陵水,125.0,,,
2021-03-14,陵水,150.0,,,
2021-03-14,陵水,200.0,,,
2021-03-14,陵水,250.0,,,
2021-03-14,陵水,300.0,,,
2021-03-14,陵水,350.0,,,
2021-03-14,陵水,400.0,,,
2021-03-14,陵水,500.0,,,
2021-03-14,陵水,600.0,,,
2021-03-14,陵水,700.0,,,
2021-03-14,陵水,800.0,,,
2021-03-14,陵水,900.0,,,
2021-03-14,陵水,1000.0,,,
2021-03-14,陵水,1250.0,,,
2021-03-14,陵水,1500.0,,,
2021-03-14,陵水,2000.0,,,
2021-03-14,陵水,2500.0,,,
2021-03-14,陵水,3000.0,,,
2021-03-14,陵水,4000.0,,,
2021-03-14,陵水,5000.0,,,
2021-03-15,陵水,0.0,,,
2021-03-15,陵水,2.0,,,
2021-03-15,陵水,4.0,,,
2021-03-15,陵水,6.0,,,
2021-03-15,陵水,8.0,,,
2021-03-15,陵水,10.0,,,
2021-03-15,陵水,12.0,,,
2021-03-15,陵水,15.0,,,
2021-03-15,陵水,20.0,,,
2021-03-15,陵水,25.0,,,
2021-03-15,陵水,30.0,,,
2021-03-15,陵水,35.0,,,
2021-03-15,陵水,40.0,,,
2021-03-15,陵水,45.0,,,
2021-03-15,陵水,50.0,,,
2021-03-15,陵水,60.0,,,
2021-03-15,陵水,70.0,,,
2021-03-15,陵水,80.0,,,
2021-03-15,陵水,90.0,,,
2021-03-15,陵水,100.0,,,
2021-03-15,陵水,125.0,,,
2021-03-15,陵水,150.0,,,
2021-03-15,陵水,200.0,,,
2021-03-15,陵水,250.0,,,
2021-03-15,陵水,300.0,,,
2021-03-15,陵水,350.0,,,
2021-03-15,陵水,400.0,,,
2021-03-15,陵水,500.0,,,
2021-03-15,陵水,600.0,,,
2021-03-15,陵水,700.0,,,
2021-03-15,陵水,800.0,,,
2021-03-15,陵水,900.0,,,
2021-03-15,陵水,1000.0,,,
2021-03-15,陵水,1250.0,,,
2021-03-15,陵水,1500.0,,,
2021-03-15,陵水,2000.0,,,
2021-03-15,陵水,2500.0,,,
2021-03-15,陵水,3000.0,,,
2021-03-15,陵水,4000.0,,,
2021-03-15,陵水,5000.0,,,
2021-03-16,陵水,0.0,,,
2021-03-16,陵水,2.0,,,
2021-03-16,陵水,4.0,,,
2021-03-16,陵水,6.0,,,
2021-03-16,陵水,8.0,,,
2021-03-16,陵水,10.0,,,
2021-03-16,陵水,12.0,,,
2021-03-16,陵水,15.0,,,
2021-03-16,陵水,20.0,,,
2021-03-16,陵水,25.0,,,
2021-03-16,陵水,30.0,,,
2021-03-16,陵水,35.0,,,
2021-03-16,陵水,40.0,,,
2021-03-16,陵水,45.0,,,
2021-03-16,陵水,50.0,,,
2021-03-16,陵水,60.0,,,
2021-03-16,陵水,70.0,,,
2021-03-16,陵水,80.0,,,
2021-03-16,陵水,90.0,,,
2021-03-16,陵水,100.0,,,
2021-03-16,陵水,125.0,,,
2021-03-16,陵水,150.0,,,
2021-03-16,陵水,200.0,,,
2021-03-16,陵水,250.0,,,
2021-03-16,陵水,300.0,,,
2021-03-16,陵水,350.0,,,
2021-03-16,陵水,400.0,,,
2021-03-16,陵水,500.0,,,
2021-03-16,陵水,600.0,,,
2021-03-16,陵水,700.0,,,
2021-03-16,陵水,800.0,,,
2021-03-16,陵水,900.0,,,
2021-03-16,陵水,1000.0,,,
2021-03-16,陵水,1250.0,,,
2021-03-16,陵水,1500.0,,,
2021-03-16,陵水,2000.0,,,
2021-03-16,陵水,2500.0,,,
2021-03-16,陵水,3000.0,,,
2021-03-16,陵水,4000.0,,,
2021-03-16,陵水,5000.0,,,
2021-03-17,陵水,0.0,,,
2021-03-17,陵水,2.0,,,
2021-03-17,陵水,4.0,,,
2021-03-17,陵水,6.0,,,
2021-03-17,陵水,8.0,,,
2021-03-17,陵水,10.0,,,
2021-03-17,陵水,12.0,,,
2021-03-17,陵水,15.0,,,
2021-03-17,陵水,20.0,,,
2021-03-17,陵水,25.0,,,
2021-03-17,陵水,30.0,,,
2021-03-17,陵水,35.0,,,
2021-03-17,陵水,40.0,,,
2021-03-17,陵水,45.0,,,
2021-03-17,陵水,50.0,,,
2021-03-17,陵水,60.0,,,
2021-03-17,陵水,70.0,,,
2021-03-17,陵水,80.0,,,
2021-03-17,陵水,90.0,,,
2021-03-17,陵水,100.0,,,
2021-03-17,陵水,125.0,,,
2021-03-17,陵水,150.0,,,
2021-03-17,陵水,200.0,,,
2021-03-17,陵水,250.0,,,
2021-03-17,陵水,300.0,,,
2021-03-17,陵水,350.0,,,
2021-03-17,陵水,400.0,,,
2021-03-17,陵水,500.0,,,
2021-03-17,陵水,600.0,,,
2021-03-17,陵水,700.0,,,
2021-03-17,陵水,800.0,,,
2021-03-17,陵水,900.0,,,
2021-03-17,陵水,1000.0,,,
2021-03-17,陵水,1250.0,,,
2021-03-17,陵水,1500.0,,,
2021-03-17,陵水,2000.0,,,
2021-03-17,陵水,2500.0,,,
2021-03-17,陵水,3000.0,,,
2021-03-17,陵水,4000.0,,,
2021-03-17,陵水,5000.0,,,
2021-03-18,陵水,0.0,,,
2021-03-18,陵水,2.0,,,
2021-03-18,陵水,4.0,,,
2021-03-18,陵水,6.0,,,
2021-03-18,陵水,8.0,,,
2021-03-18,陵水,10.0,,,
2021-03-18,陵水,12.0,,,
2021-03-18,陵水,15.0,,,
2021-03-18,陵水,20.0,,,
2021-03-18,陵水,25.0,,,
2021-03-18,陵水,30.0,,,
2021-03-18,陵水,35.0,,,
2021-03-18,陵水,40.0,,,
2021-03-18,陵水,45.0,,,
2021-03-18,陵水,50.0,,,
2021-03-18,陵水,60.0,,,
2021-03-18,陵水,70.0,,,
2021-03-18,陵水,80.0,,,
2021-03-18,陵水,90.0,,,
2021-03-18,陵水,100.0,,,
2021-03-18,陵水,125.0,,,
2021-03-18,陵水,150.0,,,
2021-03-18,陵水,200.0,,,
2021-03-18,陵水,250.0,,,
2021-03-18,陵水,300.0,,,
2021-03-18,陵水,350.0,,,
2021-03-18,陵水,400.0,,,
2021-03-18,陵水,500.0,,,
2021-03-18,陵水,600.0,,,
2021-03-18,陵水,700.0,,,
2021-03-18,陵水,800.0,,,
2021-03-18,陵水,900.0,,,
2021-03-18,陵水,1000.0,,,
2021-03-18,陵水,1250.0,,,
2021-03-18,陵水,1500.0,,,
2021-03-18,陵水,2000.0,,,
2021-03-18,陵水,2500.0,,,
2021-03-18,陵水,3000.0,,,
2021-03-18,陵水,4000.0,,,
2021-03-18,陵水,5000.0,,,
2021-03-19,陵水,0.0,,,
2021-03-19,陵水,2.0,,,
2021-03-19,陵水,4.0,,,
2021-03-19,陵水,6.0,,,
2021-03-19,陵水,8.0,,,
2021-03-19,陵水,10.0,,,
2021-03-19,陵水,12.0,,,
2021-03-19,陵水,15.0,,,
2021-03-19,陵水,20.0,,,
2021-03-19,陵水,25.0,,,
2021-03-19,陵水,30.0,,,
2021-03-19,陵水,35.0,,,
2021-03-19,陵水,40.0,,,
2021-03-19,陵水,45.0,,,
2021-03-19,陵水,50.0,,,
2021-03-19,陵水,60.0,,,
2021-03-19,陵水,70.0,,,
2021-03-19,陵水,80.0,,,
2021-03-19,陵水,90.0,,,
2021-03-19,陵水,100.0,,,
2021-03-19,陵水,125.0,,,
2021-03-19,陵水,150.0,,,
2021-03-19,陵水,200.0,,,
2021-03-19,陵水,250.0,,,
2021-03-19,陵水,300.0,,,
2021-03-19,陵水,350.0,,,
2021-03-19,陵水,400.0,,,
2021-03-19,陵水,500.0,,,
2021-03-19,陵水,600.0,,,
2021-03-19,陵水,700.0,,,
2021-03-19,陵水,800.0,,,
2021-03-19,陵水,900.0,,,
2021-03-19,陵水,1000.0,,,
2021-03-19,陵水,1250.0,,,
2021-03-19,陵水,1500.0,,,
2021-03-19,陵水,2000.0,,,
2021-03-19,陵水,2500.0,,,
2021-03-19,陵水,3000.0,,,
2021-03-19,陵水,4000.0,,,
2021-03-19,陵水,5000.0,,,
2021-03-21,陵水,0.0,,,
2021-03-21,陵水,2.0,,,
2021-03-21,陵水,4.0,,,
2021-03-21,陵水,6.0,,,
2021-03-21,陵水,8.0,,,
2021-03-21,陵水,10.0,,,
2021-03-21,陵水,12.0,,,
2021-03-21,陵水,15.0,,,
2021-03-21,陵水,20.0,,,
2021-03-21,陵水,25.0,,,
2021-03-21,陵水,30.0,,,
2021-03-21,陵水,35.0,,,
2021-03-21,陵水,40.0,,,
2021-03-21,陵水,45.0,,,
2021-03-21,陵水,50.0,,,
2021-03-21,陵水,60.0,,,
2021-03-21,陵水,70.0,,,
2021-03-21,陵水,80.0,,,
2021-03-21,陵水,90.0,,,
2021-03-21,陵水,100.0,,,
2021-03-21,陵水,125.0,,,
2021-03-21,陵水,150.0,,,
2021-03-21,陵水,200.0,,,
2021-03-21,陵水,250.0,,,
2021-03-21,陵水,300.0,,,
2021-03-21,陵水,350.0,,,
2021-03-21,陵水,400.0,,,
2021-03-21,陵水,500.0,,,
2021-03-21,陵水,600.0,,,
2021-03-21,陵水,700.0,,,
2021-03-21,陵水,800.0,,,
2021-03-21,陵水,900.0,,,
2021-03-21,陵水,1000.0,,,
2021-03-21,陵水,1250.0,,,
2021-03-21,陵水,1500.0,,,
2021-03-21,陵水,2000.0,,,
2021-03-21,陵水,2500.0,,,
2021-03-21,陵水,3000.0,,,
2021-03-21,陵水,4000.0,,,
2021-03-21,陵水,5000.0,,,
2021-03-22,陵水,0.0,,,
2021-03-22,陵水,2.0,,,
2021-03-22,陵水,4.0,,,
2021-03-22,陵水,6.0,,,
2021-03-22,陵水,8.0,,,
2021-03-22,陵水,10.0,,,
2021-03-22,陵水,12.0,,,
2021-03-22,陵水,15.0,,,
2021-03-22,陵水,20.0,,,
2021-03-22,陵水,25.0,,,
2021-03-22,陵水,30.0,,,
2021-03-22,陵水,35.0,,,
2021-03-22,陵水,40.0,,,
2021-03-22,陵水,45.0,,,
2021-03-22,陵水,50.0,,,
2021-03-22,陵水,60.0,,,
2021-03-22,陵水,70.0,,,
2021-03-22,陵水,80.0,,,
2021-03-22,陵水,90.0,,,
2021-03-22,陵水,100.0,,,
2021-03-22,陵水,125.0,,,
2021-03-22,陵水,150.0,,,
2021-03-22,陵水,200.0,,,
2021-03-22,陵水,250.0,,,
2021-03-22,陵水,300.0,,,
2021-03-22,陵水,350.0,,,
2021-03-22,陵水,400.0,,,
2021-03-22,陵水,500.0,,,
2021-03-22,陵水,600.0,,,
2021-03-22,陵水,700.0,,,
2021-03-22,陵水,800.0,,,
2021-03-22,陵水,900.0,,,
2021-03-22,陵水,1000.0,,,
2021-03-22,陵水,1250.0,,,
2021-03-22,陵水,1500.0,,,
2021-03-22,陵水,2000.0,,,
2021-03-22,陵水,2500.0,,,
2021-03-22,陵水,3000.0,,,
2021-03-22,陵水,4000.0,,,
2021-03-22,陵水,5000.0,,,
2021-03-23,陵水,0.0,,,
2021-03-23,陵水,2.0,,,
2021-03-23,陵水,4.0,,,
2021-03-23,陵水,6.0,,,
2021-03-23,陵水,8.0,,,
2021-03-23,陵水,10.0,,,
2021-03-23,陵水,12.0,,,
2021-03-23,陵水,15.0,,,
2021-03-23,陵水,20.0,,,
2021-03-23,陵水,25.0,,,
2021-03-23,陵水,30.0,,,
2021-03-23,陵水,35.0,,,
2021-03-23,陵水,40.0,,,
2021-03-23,陵水,45.0,,,
2021-03-23,陵水,50.0,,,
2021-03-23,陵水,60.0,,,
2021-03-23,陵水,70.0,,,
2021-03-23,陵水,80.0,,,
2021-03-23,陵水,90.0,,,
2021-03-23,陵水,100.0,,,
2021-03-23,陵水,125.0,,,
2021-03-23,陵水,150.0,,,
2021-03-23,陵水,200.0,,,
2021-03-23,陵水,250.0,,,
2021-03-23,陵水,300.0,,,
2021-03-23,陵水,350.0,,,
2021-03-23,陵水,400.0,,,
2021-03-23,陵水,500.0,,,
2021-03-23,陵水,600.0,,,
2021-03-23,陵水,700.0,,,
2021-03-23,陵水,800.0,,,
2021-03-23,陵水,900.0,,,
2021-03-23,陵水,1000.0,,,
2021-03-23,陵水,1250.0,,,
2021-03-23,陵水,1500.0,,,
2021-03-23,陵水,2000.0,,,
2021-03-23,陵水,2500.0,,,
2021-03-23,陵水,3000.0,,,
2021-03-23,陵水,4000.0,,,
2021-03-23,陵水,5000.0,,,
2021-03-24,陵水,0.0,,,
2021-03-24,陵水,2.0,,,
2021-03-24,陵水,4.0,,,
2021-03-24,陵水,6.0,,,
2021-03-24,陵水,8.0,,,
2021-03-24,陵水,10.0,,,
2021-03-24,陵水,12.0,,,
2021-03-24,陵水,15.0,,,
2021-03-24,陵水,20.0,,,
2021-03-24,陵水,25.0,,,
2021-03-24,陵水,30.0,,,
2021-03-24,陵水,35.0,,,
2021-03-24,陵水,40.0,,,
2021-03-24,陵水,45.0,,,
2021-03-24,陵水,50.0,,,
2021-03-24,陵水,60.0,,,
2021-03-24,陵水,70.0,,,
2021-03-24,陵水,80.0,,,
2021-03-24,陵水,90.0,,,
2021-03-24,陵水,100.0,,,
2021-03-24,陵水,125.0,,,
2021-03-24,陵水,150.0,,,
2021-03-24,陵水,200.0,,,
2021-03-24,陵水,250.0,,,
2021-03-24,陵水,300.0,,,
2021-03-24,陵水,350.0,,,
2021-03-24,陵水,400.0,,,
2021-03-24,陵水,500.0,,,
2021-03-24,陵水,600.0,,,
2021-03-24,陵水,700.0,,,
2021-03-24,陵水,800.0,,,
2021-03-24,陵水,900.0,,,
2021-03-24,陵水,1000.0,,,
2021-03-24,陵水,1250.0,,,
2021-03-24,陵水,1500.0,,,
2021-03-24,陵水,2000.0,,,
2021-03-24,陵水,2500.0,,,
2021-03-24,陵水,3000.0,,,
2021-03-24,陵水,4000.0,,,
2021-03-24,陵水,5000.0,,,
2021-03-25,陵水,0.0,,,
2021-03-25,陵水,2.0,,,
2021-03-25,陵水,4.0,,,
2021-03-25,陵水,6.0,,,
2021-03-25,陵水,8.0,,,
2021-03-25,陵水,10.0,,,
2021-03-25,陵水,12.0,,,
2021-03-25,陵水,15.0,,,
2021-03-25,陵水,20.0,,,
2021-03-25,陵水,25.0,,,
2021-03-25,陵水,30.0,,,
2021-03-25,陵水,35.0,,,
2021-03-25,陵水,40.0,,,
2021-03-25,陵水,45.0,,,
2021-03-25,陵水,50.0,,,
2021-03-25,陵水,60.0,,,
2021-03-25,陵水,70.0,,,
2021-03-25,陵水,80.0,,,
2021-03-25,陵水,90.0,,,
2021-03-25,陵水,100.0,,,
2021-03-25,陵水,125.0,,,
2021-03-25,陵水,150.0,,,
2021-03-25,陵水,200.0,,,
2021-03-25,陵水,250.0,,,
2021-03-25,陵水,300.0,,,
2021-03-25,陵水,350.0,,,
2021-03-25,陵水,400.0,,,
2021-03-25,陵水,500.0,,,
2021-03-25,陵水,600.0,,,
2021-03-25,陵水,700.0,,,
2021-03-25,陵水,800.0,,,
2021-03-25,陵水,900.0,,,
2021-03-25,陵水,1000.0,,,
2021-03-25,陵水,1250.0,,,
2021-03-25,陵水,1500.0,,,
2021-03-25,陵水,2000.0,,,
2021-03-25,陵水,2500.0,,,
2021-03-25,陵水,3000.0,,,
2021-03-25,陵水,4000.0,,,
2021-03-25,陵水,5000.0,,,
2021-03-26,陵水,0.0,,,
2021-03-26,陵水,2.0,,,
2021-03-26,陵水,4.0,,,
2021-03-26,陵水,6.0,,,
2021-03-26,陵水,8.0,,,
2021-03-26,陵水,10.0,,,
2021-03-26,陵水,12.0,,,
2021-03-26,陵水,15.0,,,
2021-03-26,陵水,20.0,,,
2021-03-26,陵水,25.0,,,
2021-03-26,陵水,30.0,,,
2021-03-26,陵水,35.0,,,
2021-03-26,陵水,40.0,,,
2021-03-26,陵水,45.0,,,
2021-03-26,陵水,50.0,,,
2021-03-26,陵水,60.0,,,
2021-03-26,陵水,70.0,,,
2021-03-26,陵水,80.0,,,
2021-03-26,陵水,90.0,,,
2021-03-26,陵水,100.0,,,
2021-03-26,陵水,125.0,,,
2021-03-26,陵水,150.0,,,
2021-03-26,陵水,200.0,,,
2021-03-26,陵水,250.0,,,
2021-03-26,陵水,300.0,,,
2021-03-26,陵水,350.0,,,
2021-03-26,陵水,400.0,,,
2021-03-26,陵水,500.0,,,
2021-03-26,陵水,600.0,,,
2021-03-26,陵水,700.0,,,
2021-03-26,陵水,800.0,,,
2021-03-26,陵水,900.0,,,
2021-03-26,陵水,1000.0,,,
2021-03-26,陵水,1250.0,,,
2021-03-26,陵水,1500.0,,,
2021-03-26,陵水,2000.0,,,
2021-03-26,陵水,2500.0,,,
2021-03-26,陵水,3000.0,,,
2021-03-26,陵水,4000.0,,,
2021-03-26,陵水,5000.0,,,
2021-03-28,陵水,0.0,,,
2021-03-28,陵水,2.0,,,
2021-03-28,陵水,4.0,,,
2021-03-28,陵水,6.0,,,
2021-03-28,陵水,8.0,,,
2021-03-28,陵水,10.0,,,
2021-03-28,陵水,12.0,,,
2021-03-28,陵水,15.0,,,
2021-03-28,陵水,20.0,,,
2021-03-28,陵水,25.0,,,
2021-03-28,陵水,30.0,,,
2021-03-28,陵水,35.0,,,
2021-03-28,陵水,40.0,,,
2021-03-28,陵水,45.0,,,
2021-03-28,陵水,50.0,,,
2021-03-28,陵水,60.0,,,
2021-03-28,陵水,70.0,,,
2021-03-28,陵水,80.0,,,
2021-03-28,陵水,90.0,,,
2021-03-28,陵水,100.0,,,
2021-03-28,陵水,125.0,,,
2021-03-28,陵水,150.0,,,
2021-03-28,陵水,200.0,,,
2021-03-28,陵水,250.0,,,
2021-03-28,陵水,300.0,,,
2021-03-28,陵水,350.0,,,
2021-03-28,陵水,400.0,,,
2021-03-28,陵水,500.0,,,
2021-03-28,陵水,600.0,,,
2021-03-28,陵水,700.0,,,
2021-03-28,陵水,800.0,,,
2021-03-28,陵水,900.0,,,
2021-03-28,陵水,1000.0,,,
2021-03-28,陵水,1250.0,,,
2021-03-28,陵水,1500.0,,,
2021-03-28,陵水,2000.0,,,
2021-03-28,陵水,2500.0,,,
2021-03-28,陵水,3000.0,,,
2021-03-28,陵水,4000.0,,,
2021-03-28,陵水,5000.0,,,
2021-03-29,陵水,0.0,,,
2021-03-29,陵水,2.0,,,
2021-03-29,陵水,4.0,,,
2021-03-29,陵水,6.0,,,
2021-03-29,陵水,8.0,,,
2021-03-29,陵水,10.0,,,
2021-03-29,陵水,12.0,,,
2021-03-29,陵水,15.0,,,
2021-03-29,陵水,20.0,,,
2021-03-29,陵水,25.0,,,
2021-03-29,陵水,30.0,,,
2021-03-29,陵水,35.0,,,
2021-03-29,陵水,40.0,,,
2021-03-29,陵水,45.0,,,
2021-03-29,陵水,50.0,,,
2021-03-29,陵水,60.0,,,
2021-03-29,陵水,70.0,,,
2021-03-29,陵水,80.0,,,
2021-03-29,陵水,90.0,,,
2021-03-29,陵水,100.0,,,
2021-03-29,陵水,125.0,,,
2021-03-29,陵水,150.0,,,
2021-03-29,陵水,200.0,,,
2021-03-29,陵水,250.0,,,
2021-03-29,陵水,300.0,,,
2021-03-29,陵水,350.0,,,
2021-03-29,陵水,400.0,,,
2021-03-29,陵水,500.0,,,
2021-03-29,陵水,600.0,,,
2021-03-29,陵水,700.0,,,
2021-03-29,陵水,800.0,,,
2021-03-29,陵水,900.0,,,
2021-03-29,陵水,1000.0,,,
2021-03-29,陵水,1250.0,,,
2021-03-29,陵水,1500.0,,,
2021-03-29,陵水,2000.0,,,
2021-03-29,陵水,2500.0,,,
2021-03-29,陵水,3000.0,,,
2021-03-29,陵水,4000.0,,,
2021-03-29,陵水,5000.0,,,
2021-03-30,陵水,0.0,,,
2021-03-30,陵水,2.0,,,
2021-03-30,陵水,4.0,,,
2021-03-30,陵水,6.0,,,
2021-03-30,陵水,8.0,,,
2021-03-30,陵水,10.0,,,
2021-03-30,陵水,12.0,,,
2021-03-30,陵水,15.0,,,
2021-03-30,陵水,20.0,,,
2021-03-30,陵水,25.0,,,
2021-03-30,陵水,30.0,,,
2021-03-30,陵水,35.0,,,
2021-03-30,陵水,40.0,,,
2021-03-30,陵水,45.0,,,
2021-03-30,陵水,50.0,,,
2021-03-30,陵水,60.0,,,
2021-03-30,陵水,70.0,,,
2021-03-30,陵水,80.0,,,
2021-03-30,陵水,90.0,,,
2021-03-30,陵水,100.0,,,
2021-03-30,陵水,125.0,,,
2021-03-30,陵水,150.0,,,
2021-03-30,陵水,200.0,,,
2021-03-30,陵水,250.0,,,
2021-03-30,陵水,300.0,,,
2021-03-30,陵水,350.0,,,
2021-03-30,陵水,400.0,,,
2021-03-30,陵水,500.0,,,
2021-03-30,陵水,600.0,,,
2021-03-30,陵水,700.0,,,
2021-03-30,陵水,800.0,,,
2021-03-30,陵水,900.0,,,
2021-03-30,陵水,1000.0,,,
2021-03-30,陵水,1250.0,,,
2021-03-30,陵水,1500.0,,,
2021-03-30,陵水,2000.0,,,
2021-03-30,陵水,2500.0,,,
2021-03-30,陵水,3000.0,,,
2021-03-30,陵水,4000.0,,,
2021-03-30,陵水,5000.0,,,
2021-03-31,陵水,0.0,,,
2021-03-31,陵水,2.0,,,
2021-03-31,陵水,4.0,,,
2021-03-31,陵水,6.0,,,
2021-03-31,陵水,8.0,,,
2021-03-31,陵水,10.0,,,
2021-03-31,陵水,12.0,,,
2021-03-31,陵水,15.0,,,
2021-03-31,陵水,20.0,,,
2021-03-31,陵水,25.0,,,
2021-03-31,陵水,30.0,,,
2021-03-31,陵水,35.0,,,
2021-03-31,陵水,40.0,,,
2021-03-31,陵水,45.0,,,
2021-03-31,陵水,50.0,,,
2021-03-31,陵水,60.0,,,
2021-03-31,陵水,70.0,,,
2021-03-31,陵水,80.0,,,
2021-03-31,陵水,90.0,,,
2021-03-31,陵水,100.0,,,
2021-03-31,陵水,125.0,,,
2021-03-31,陵水,150.0,,,
2021-03-31,陵水,200.0,,,
2021-03-31,陵水,250.0,,,
2021-03-31,陵水,300.0,,,
2021-03-31,陵水,350.0,,,
2021-03-31,陵水,400.0,,,
2021-03-31,陵水,500.0,,,
2021-03-31,陵水,600.0,,,
2021-03-31,陵水,700.0,,,
2021-03-31,陵水,800.0,,,
2021-03-31,陵水,900.0,,,
2021-03-31,陵水,1000.0,,,
2021-03-31,陵水,1250.0,,,
2021-03-31,陵水,1500.0,,,
2021-03-31,陵水,2000.0,,,
2021-03-31,陵水,2500.0,,,
2021-03-31,陵水,3000.0,,,
2021-03-31,陵水,4000.0,,,
2021-03-31,陵水,5000.0,,,
2021-04-01,陵水,0.0,,,
2021-04-01,陵水,2.0,,,
2021-04-01,陵水,4.0,,,
2021-04-01,陵水,6.0,,,
2021-04-01,陵水,8.0,,,
2021-04-01,陵水,10.0,,,
2021-04-01,陵水,12.0,,,
2021-04-01,陵水,15.0,,,
2021-04-01,陵水,20.0,,,
2021-04-01,陵水,25.0,,,
2021-04-01,陵水,30.0,,,
2021-04-01,陵水,35.0,,,
2021-04-01,陵水,40.0,,,
2021-04-01,陵水,45.0,,,
2021-04-01,陵水,50.0,,,
2021-04-01,陵水,60.0,,,
2021-04-01,陵水,70.0,,,
2021-04-01,陵水,80.0,,,
2021-04-01,陵水,90.0,,,
2021-04-01,陵水,100.0,,,
2021-04-01,陵水,125.0,,,
2021-04-01,陵水,150.0,,,
2021-04-01,陵水,200.0,,,
2021-04-01,陵水,250.0,,,
2021-04-01,陵水,300.0,,,
2021-04-01,陵水,350.0,,,
2021-04-01,陵水,400.0,,,
2021-04-01,陵水,500.0,,,
2021-04-01,陵水,600.0,,,
2021-04-01,陵水,700.0,,,
2021-04-01,陵水,800.0,,,
2021-04-01,陵水,900.0,,,
2021-04-01,陵水,1000.0,,,
2021-04-01,陵水,1250.0,,,
2021-04-01,陵水,1500.0,,,
2021-04-01,陵水,2000.0,,,
2021-04-01,陵水,2500.0,,,
2021-04-01,陵水,3000.0,,,
2021-04-01,陵水,4000.0,,,
2021-04-01,陵水,5000.0,,,
2021-04-02,陵水,0.0,,,
2021-04-02,陵水,2.0,,,
2021-04-02,陵水,4.0,,,
2021-04-02,陵水,6.0,,,
2021-04-02,陵水,8.0,,,
2021-04-02,陵水,10.0,,,
2021-04-02,陵水,12.0,,,
2021-04-02,陵水,15.0,,,
2021-04-02,陵水,20.0,,,
2021-04-02,陵水,25.0,,,
2021-04-02,陵水,30.0,,,
2021-04-02,陵水,35.0,,,
2021-04-02,陵水,40.0,,,
2021-04-02,陵水,45.0,,,
2021-04-02,陵水,50.0,,,
2021-04-02,陵水,60.0,,,
2021-04-02,陵水,70.0,,,
2021-04-02,陵水,80.0,,,
2021-04-02,陵水,90.0,,,
2021-04-02,陵水,100.0,,,
2021-04-02,陵水,125.0,,,
2021-04-02,陵水,150.0,,,
2021-04-02,陵水,200.0,,,
2021-04-02,陵水,250.0,,,
2021-04-02,陵水,300.0,,,
2021-04-02,陵水,350.0,,,
2021-04-02,陵水,400.0,,,
2021-04-02,陵水,500.0,,,
2021-04-02,陵水,600.0,,,
2021-04-02,陵水,700.0,,,
2021-04-02,陵水,800.0,,,
2021-04-02,陵水,900.0,,,
2021-04-02,陵水,1000.0,,,
2021-04-02,陵水,1250.0,,,
2021-04-02,陵水,1500.0,,,
2021-04-02,陵水,2000.0,,,
2021-04-02,陵水,2500.0,,,
2021-04-02,陵水,3000.0,,,
2021-04-02,陵水,4000.0,,,
2021-04-02,陵水,5000.0,,,
2021-04-03,陵水,0.0,,,
2021-04-03,陵水,2.0,,,
2021-04-03,陵水,4.0,,,
2021-04-03,陵水,6.0,,,
2021-04-03,陵水,8.0,,,
2021-04-03,陵水,10.0,,,
2021-04-03,陵水,12.0,,,
2021-04-03,陵水,15.0,,,
2021-04-03,陵水,20.0,,,
2021-04-03,陵水,25.0,,,
2021-04-03,陵水,30.0,,,
2021-04-03,陵水,35.0,,,
2021-04-03,陵水,40.0,,,
2021-04-03,陵水,45.0,,,
2021-04-03,陵水,50.0,,,
2021-04-03,陵水,60.0,,,
2021-04-03,陵水,70.0,,,
2021-04-03,陵水,80.0,,,
2021-04-03,陵水,90.0,,,
2021-04-03,陵水,100.0,,,
2021-04-03,陵水,125.0,,,
2021-04-03,陵水,150.0,,,
2021-04-03,陵水,200.0,,,
2021-04-03,陵水,250.0,,,
2021-04-03,陵水,300.0,,,
2021-04-03,陵水,350.0,,,
2021-04-03,陵水,400.0,,,
2021-04-03,陵水,500.0,,,
2021-04-03,陵水,600.0,,,
2021-04-03,陵水,700.0,,,
2021-04-03,陵水,800.0,,,
2021-04-03,陵水,900.0,,,
2021-04-03,陵水,1000.0,,,
2021-04-03,陵水,1250.0,,,
2021-04-03,陵水,1500.0,,,
2021-04-03,陵水,2000.0,,,
2021-04-03,陵水,2500.0,,,
2021-04-03,陵水,3000.0,,,
2021-04-03,陵水,4000.0,,,
2021-04-03,陵水,5000.0,,,
2021-04-04,陵水,0.0,,,
2021-04-04,陵水,2.0,,,
2021-04-04,陵水,4.0,,,
2021-04-04,陵水,6.0,,,
2021-04-04,陵水,8.0,,,
2021-04-04,陵水,10.0,,,
2021-04-04,陵水,12.0,,,
2021-04-04,陵水,15.0,,,
2021-04-04,陵水,20.0,,,
2021-04-04,陵水,25.0,,,
2021-04-04,陵水,30.0,,,
2021-04-04,陵水,35.0,,,
2021-04-04,陵水,40.0,,,
2021-04-04,陵水,45.0,,,
2021-04-04,陵水,50.0,,,
2021-04-04,陵水,60.0,,,
2021-04-04,陵水,70.0,,,
2021-04-04,陵水,80.0,,,
2021-04-04,陵水,90.0,,,
2021-04-04,陵水,100.0,,,
2021-04-04,陵水,125.0,,,
2021-04-04,陵水,150.0,,,
2021-04-04,陵水,200.0,,,
2021-04-04,陵水,250.0,,,
2021-04-04,陵水,300.0,,,
2021-04-04,陵水,350.0,,,
2021-04-04,陵水,400.0,,,
2021-04-04,陵水,500.0,,,
2021-04-04,陵水,600.0,,,
2021-04-04,陵水,700.0,,,
2021-04-04,陵水,800.0,,,
2021-04-04,陵水,900.0,,,
2021-04-04,陵水,1000.0,,,
2021-04-04,陵水,1250.0,,,
2021-04-04,陵水,1500.0,,,
2021-04-04,陵水,2000.0,,,
2021-04-04,陵水,2500.0,,,
2021-04-04,陵水,3000.0,,,
2021-04-04,陵水,4000.0,,,
2021-04-04,陵水,5000.0,,,
2021-04-05,陵水,0.0,,,
2021-04-05,陵水,2.0,,,
2021-04-05,陵水,4.0,,,
2021-04-05,陵水,6.0,,,
2021-04-05,陵水,8.0,,,
2021-04-05,陵水,10.0,,,
2021-04-05,陵水,12.0,,,
2021-04-05,陵水,15.0,,,
2021-04-05,陵水,20.0,,,
2021-04-05,陵水,25.0,,,
2021-04-05,陵水,30.0,,,
2021-04-05,陵水,35.0,,,
2021-04-05,陵水,40.0,,,
2021-04-05,陵水,45.0,,,
2021-04-05,陵水,50.0,,,
2021-04-05,陵水,60.0,,,
2021-04-05,陵水,70.0,,,
2021-04-05,陵水,80.0,,,
2021-04-05,陵水,90.0,,,
2021-04-05,陵水,100.0,,,
2021-04-05,陵水,125.0,,,
2021-04-05,陵水,150.0,,,
2021-04-05,陵水,200.0,,,
2021-04-05,陵水,250.0,,,
2021-04-05,陵水,300.0,,,
2021-04-05,陵水,350.0,,,
2021-04-05,陵水,400.0,,,
2021-04-05,陵水,500.0,,,
2021-04-05,陵水,600.0,,,
2021-04-05,陵水,700.0,,,
2021-04-05,陵水,800.0,,,
2021-04-05,陵水,900.0,,,
2021-04-05,陵水,1000.0,,,
2021-04-05,陵水,1250.0,,,
2021-04-05,陵水,1500.0,,,
2021-04-05,陵水,2000.0,,,
2021-04-05,陵水,2500.0,,,
2021-04-05,陵水,3000.0,,,
2021-04-05,陵水,4000.0,,,
2021-04-05,陵水,5000.0,,,
2021-04-06,陵水,0.0,,,
2021-04-06,陵水,2.0,,,
2021-04-06,陵水,4.0,,,
2021-04-06,陵水,6.0,,,
2021-04-06,陵水,8.0,,,
2021-04-06,陵水,10.0,,,
2021-04-06,陵水,12.0,,,
2021-04-06,陵水,15.0,,,
2021-04-06,陵水,20.0,,,
2021-04-06,陵水,25.0,,,
2021-04-06,陵水,30.0,,,
2021-04-06,陵水,35.0,,,
2021-04-06,陵水,40.0,,,
2021-04-06,陵水,45.0,,,
2021-04-06,陵水,50.0,,,
2021-04-06,陵水,60.0,,,
2021-04-06,陵水,70.0,,,
2021-04-06,陵水,80.0,,,
2021-04-06,陵水,90.0,,,
2021-04-06,陵水,100.0,,,
2021-04-06,陵水,125.0,,,
2021-04-06,陵水,150.0,,,
2021-04-06,陵水,200.0,,,
2021-04-06,陵水,250.0,,,
2021-04-06,陵水,300.0,,,
2021-04-06,陵水,350.0,,,
2021-04-06,陵水,400.0,,,
2021-04-06,陵水,500.0,,,
2021-04-06,陵水,600.0,,,
2021-04-06,陵水,700.0,,,
2021-04-06,陵水,800.0,,,
2021-04-06,陵水,900.0,,,
2021-04-06,陵水,1000.0,,,
2021-04-06,陵水,1250.0,,,
2021-04-06,陵水,1500.0,,,
2021-04-06,陵水,2000.0,,,
2021-04-06,陵水,2500.0,,,
2021-04-06,陵水,3000.0,,,
2021-04-06,陵水,4000.0,,,
2021-04-06,陵水,5000.0,,,
2021-04-07,陵水,0.0,,,
2021-04-07,陵水,2.0,,,
2021-04-07,陵水,4.0,,,
2021-04-07,陵水,6.0,,,
2021-04-07,陵水,8.0,,,
2021-04-07,陵水,10.0,,,
2021-04-07,陵水,12.0,,,
2021-04-07,陵水,15.0,,,
2021-04-07,陵水,20.0,,,
2021-04-07,陵水,25.0,,,
2021-04-07,陵水,30.0,,,
2021-04-07,陵水,35.0,,,
2021-04-07,陵水,40.0,,,
2021-04-07,陵水,45.0,,,
2021-04-07,陵水,50.0,,,
2021-04-07,陵水,60.0,,,
2021-04-07,陵水,70.0,,,
2021-04-07,陵水,80.0,,,
2021-04-07,陵水,90.0,,,
2021-04-07,陵水,100.0,,,
2021-04-07,陵水,125.0,,,
2021-04-07,陵水,150.0,,,
2021-04-07,陵水,200.0,,,
2021-04-07,陵水,250.0,,,
2021-04-07,陵水,300.0,,,
2021-04-07,陵水,350.0,,,
2021-04-07,陵水,400.0,,,
2021-04-07,陵水,500.0,,,
2021-04-07,陵水,600.0,,,
2021-04-07,陵水,700.0,,,
2021-04-07,陵水,800.0,,,
2021-04-07,陵水,900.0,,,
2021-04-07,陵水,1000.0,,,
2021-04-07,陵水,1250.0,,,
2021-04-07,陵水,1500.0,,,
2021-04-07,陵水,2000.0,,,
2021-04-07,陵水,2500.0,,,
2021-04-07,陵水,3000.0,,,
2021-04-07,陵水,4000.0,,,
2021-04-07,陵水,5000.0,,,
2021-04-08,陵水,0.0,,,
2021-04-08,陵水,2.0,,,
2021-04-08,陵水,4.0,,,
2021-04-08,陵水,6.0,,,
2021-04-08,陵水,8.0,,,
2021-04-08,陵水,10.0,,,
2021-04-08,陵水,12.0,,,
2021-04-08,陵水,15.0,,,
2021-04-08,陵水,20.0,,,
2021-04-08,陵水,25.0,,,
2021-04-08,陵水,30.0,,,
2021-04-08,陵水,35.0,,,
2021-04-08,陵水,40.0,,,
2021-04-08,陵水,45.0,,,
2021-04-08,陵水,50.0,,,
2021-04-08,陵水,60.0,,,
2021-04-08,陵水,70.0,,,
2021-04-08,陵水,80.0,,,
2021-04-08,陵水,90.0,,,
2021-04-08,陵水,100.0,,,
2021-04-08,陵水,125.0,,,
2021-04-08,陵水,150.0,,,
2021-04-08,陵水,200.0,,,
2021-04-08,陵水,250.0,,,
2021-04-08,陵水,300.0,,,
2021-04-08,陵水,350.0,,,
2021-04-08,陵水,400.0,,,
2021-04-08,陵水,500.0,,,
2021-04-08,陵水,600.0,,,
2021-04-08,陵水,700.0,,,
2021-04-08,陵水,800.0,,,
2021-04-08,陵水,900.0,,,
2021-04-08,陵水,1000.0,,,
2021-04-08,陵水,1250.0,,,
2021-04-08,陵水,1500.0,,,
2021-04-08,陵水,2000.0,,,
2021-04-08,陵水,2500.0,,,
2021-04-08,陵水,3000.0,,,
2021-04-08,陵水,4000.0,,,
2021-04-08,陵水,5000.0,,,
2021-04-09,陵水,0.0,,,
2021-04-09,陵水,2.0,,,
2021-04-09,陵水,4.0,,,
2021-04-09,陵水,6.0,,,
2021-04-09,陵水,8.0,,,
2021-04-09,陵水,10.0,,,
2021-04-09,陵水,12.0,,,
2021-04-09,陵水,15.0,,,
2021-04-09,陵水,20.0,,,
2021-04-09,陵水,25.0,,,
2021-04-09,陵水,30.0,,,
2021-04-09,陵水,35.0,,,
2021-04-09,陵水,40.0,,,
2021-04-09,陵水,45.0,,,
2021-04-09,陵水,50.0,,,
2021-04-09,陵水,60.0,,,
2021-04-09,陵水,70.0,,,
2021-04-09,陵水,80.0,,,
2021-04-09,陵水,90.0,,,
2021-04-09,陵水,100.0,,,
2021-04-09,陵水,125.0,,,
2021-04-09,陵水,150.0,,,
2021-04-09,陵水,200.0,,,
2021-04-09,陵水,250.0,,,
2021-04-09,陵水,300.0,,,
2021-04-09,陵水,350.0,,,
2021-04-09,陵水,400.0,,,
2021-04-09,陵水,500.0,,,
2021-04-09,陵水,600.0,,,
2021-04-09,陵水,700.0,,,
2021-04-09,陵水,800.0,,,
2021-04-09,陵水,900.0,,,
2021-04-09,陵水,1000.0,,,
2021-04-09,陵水,1250.0,,,
2021-04-09,陵水,1500.0,,,
2021-04-09,陵水,2000.0,,,
2021-04-09,陵水,2500.0,,,
2021-04-09,陵水,3000.0,,,
2021-04-09,陵水,4000.0,,,
2021-04-09,陵水,5000.0,,,
2021-04-11,陵水,0.0,,,
2021-04-11,陵水,2.0,,,
2021-04-11,陵水,4.0,,,
2021-04-11,陵水,6.0,,,
2021-04-11,陵水,8.0,,,
2021-04-11,陵水,10.0,,,
2021-04-11,陵水,12.0,,,
2021-04-11,陵水,15.0,,,
2021-04-11,陵水,20.0,,,
2021-04-11,陵水,25.0,,,
2021-04-11,陵水,30.0,,,
2021-04-11,陵水,35.0,,,
2021-04-11,陵水,40.0,,,
2021-04-11,陵水,45.0,,,
2021-04-11,陵水,50.0,,,
2021-04-11,陵水,60.0,,,
2021-04-11,陵水,70.0,,,
2021-04-11,陵水,80.0,,,
2021-04-11,陵水,90.0,,,
2021-04-11,陵水,100.0,,,
2021-04-11,陵水,125.0,,,
2021-04-11,陵水,150.0,,,
2021-04-11,陵水,200.0,,,
2021-04-11,陵水,250.0,,,
2021-04-11,陵水,300.0,,,
2021-04-11,陵水,350.0,,,
2021-04-11,陵水,400.0,,,
2021-04-11,陵水,500.0,,,
2021-04-11,陵水,600.0,,,
2021-04-11,陵水,700.0,,,
2021-04-11,陵水,800.0,,,
2021-04-11,陵水,900.0,,,
2021-04-11,陵水,1000.0,,,
2021-04-11,陵水,1250.0,,,
2021-04-11,陵水,1500.0,,,
2021-04-11,陵水,2000.0,,,
2021-04-11,陵水,2500.0,,,
2021-04-11,陵水,3000.0,,,
2021-04-11,陵水,4000.0,,,
2021-04-11,陵水,5000.0,,,
2021-04-10,陵水,0.0,,,
2021-04-10,陵水,2.0,,,
2021-04-10,陵水,4.0,,,
2021-04-10,陵水,6.0,,,
2021-04-10,陵水,8.0,,,
2021-04-10,陵水,10.0,,,
2021-04-10,陵水,12.0,,,
2021-04-10,陵水,15.0,,,
2021-04-10,陵水,20.0,,,
2021-04-10,陵水,25.0,,,
2021-04-10,陵水,30.0,,,
2021-04-10,陵水,35.0,,,
2021-04-10,陵水,40.0,,,
2021-04-10,陵水,45.0,,,
2021-04-10,陵水,50.0,,,
2021-04-10,陵水,60.0,,,
2021-04-10,陵水,70.0,,,
2021-04-10,陵水,80.0,,,
2021-04-10,陵水,90.0,,,
2021-04-10,陵水,100.0,,,
2021-04-10,陵水,125.0,,,
2021-04-10,陵水,150.0,,,
2021-04-10,陵水,200.0,,,
2021-04-10,陵水,250.0,,,
2021-04-10,陵水,300.0,,,
2021-04-10,陵水,350.0,,,
2021-04-10,陵水,400.0,,,
2021-04-10,陵水,500.0,,,
2021-04-10,陵水,600.0,,,
2021-04-10,陵水,700.0,,,
2021-04-10,陵水,800.0,,,
2021-04-10,陵水,900.0,,,
2021-04-10,陵水,1000.0,,,
2021-04-10,陵水,1250.0,,,
2021-04-10,陵水,1500.0,,,
2021-04-10,陵水,2000.0,,,
2021-04-10,陵水,2500.0,,,
2021-04-10,陵水,3000.0,,,
2021-04-10,陵水,4000.0,,,
2021-04-10,陵水,5000.0,,,
2021-04-12,陵水,0.0,,,
2021-04-12,陵水,2.0,,,
2021-04-12,陵水,4.0,,,
2021-04-12,陵水,6.0,,,
2021-04-12,陵水,8.0,,,
2021-04-12,陵水,10.0,,,
2021-04-12,陵水,12.0,,,
2021-04-12,陵水,15.0,,,
2021-04-12,陵水,20.0,,,
2021-04-12,陵水,25.0,,,
2021-04-12,陵水,30.0,,,
2021-04-12,陵水,35.0,,,
2021-04-12,陵水,40.0,,,
2021-04-12,陵水,45.0,,,
2021-04-12,陵水,50.0,,,
2021-04-12,陵水,60.0,,,
2021-04-12,陵水,70.0,,,
2021-04-12,陵水,80.0,,,
2021-04-12,陵水,90.0,,,
2021-04-12,陵水,100.0,,,
2021-04-12,陵水,125.0,,,
2021-04-12,陵水,150.0,,,
2021-04-12,陵水,200.0,,,
2021-04-12,陵水,250.0,,,
2021-04-12,陵水,300.0,,,
2021-04-12,陵水,350.0,,,
2021-04-12,陵水,400.0,,,
2021-04-12,陵水,500.0,,,
2021-04-12,陵水,600.0,,,
2021-04-12,陵水,700.0,,,
2021-04-12,陵水,800.0,,,
2021-04-12,陵水,900.0,,,
2021-04-12,陵水,1000.0,,,
2021-04-12,陵水,1250.0,,,
2021-04-12,陵水,1500.0,,,
2021-04-12,陵水,2000.0,,,
2021-04-12,陵水,2500.0,,,
2021-04-12,陵水,3000.0,,,
2021-04-12,陵水,4000.0,,,
2021-04-12,陵水,5000.0,,,
2021-04-13,陵水,0.0,,,
2021-04-13,陵水,2.0,,,
2021-04-13,陵水,4.0,,,
2021-04-13,陵水,6.0,,,
2021-04-13,陵水,8.0,,,
2021-04-13,陵水,10.0,,,
2021-04-13,陵水,12.0,,,
2021-04-13,陵水,15.0,,,
2021-04-13,陵水,20.0,,,
2021-04-13,陵水,25.0,,,
2021-04-13,陵水,30.0,,,
2021-04-13,陵水,35.0,,,
2021-04-13,陵水,40.0,,,
2021-04-13,陵水,45.0,,,
2021-04-13,陵水,50.0,,,
2021-04-13,陵水,60.0,,,
2021-04-13,陵水,70.0,,,
2021-04-13,陵水,80.0,,,
2021-04-13,陵水,90.0,,,
2021-04-13,陵水,100.0,,,
2021-04-13,陵水,125.0,,,
2021-04-13,陵水,150.0,,,
2021-04-13,陵水,200.0,,,
2021-04-13,陵水,250.0,,,
2021-04-13,陵水,300.0,,,
2021-04-13,陵水,350.0,,,
2021-04-13,陵水,400.0,,,
2021-04-13,陵水,500.0,,,
2021-04-13,陵水,600.0,,,
2021-04-13,陵水,700.0,,,
2021-04-13,陵水,800.0,,,
2021-04-13,陵水,900.0,,,
2021-04-13,陵水,1000.0,,,
2021-04-13,陵水,1250.0,,,
2021-04-13,陵水,1500.0,,,
2021-04-13,陵水,2000.0,,,
2021-04-13,陵水,2500.0,,,
2021-04-13,陵水,3000.0,,,
2021-04-13,陵水,4000.0,,,
2021-04-13,陵水,5000.0,,,
2021-04-14,陵水,0.0,,,
2021-04-14,陵水,2.0,,,
2021-04-14,陵水,4.0,,,
2021-04-14,陵水,6.0,,,
2021-04-14,陵水,8.0,,,
2021-04-14,陵水,10.0,,,
2021-04-14,陵水,12.0,,,
2021-04-14,陵水,15.0,,,
2021-04-14,陵水,20.0,,,
2021-04-14,陵水,25.0,,,
2021-04-14,陵水,30.0,,,
2021-04-14,陵水,35.0,,,
2021-04-14,陵水,40.0,,,
2021-04-14,陵水,45.0,,,
2021-04-14,陵水,50.0,,,
2021-04-14,陵水,60.0,,,
2021-04-14,陵水,70.0,,,
2021-04-14,陵水,80.0,,,
2021-04-14,陵水,90.0,,,
2021-04-14,陵水,100.0,,,
2021-04-14,陵水,125.0,,,
2021-04-14,陵水,150.0,,,
2021-04-14,陵水,200.0,,,
2021-04-14,陵水,250.0,,,
2021-04-14,陵水,300.0,,,
2021-04-14,陵水,350.0,,,
2021-04-14,陵水,400.0,,,
2021-04-14,陵水,500.0,,,
2021-04-14,陵水,600.0,,,
2021-04-14,陵水,700.0,,,
2021-04-14,陵水,800.0,,,
2021-04-14,陵水,900.0,,,
2021-04-14,陵水,1000.0,,,
2021-04-14,陵水,1250.0,,,
2021-04-14,陵水,1500.0,,,
2021-04-14,陵水,2000.0,,,
2021-04-14,陵水,2500.0,,,
2021-04-14,陵水,3000.0,,,
2021-04-14,陵水,4000.0,,,
2021-04-14,陵水,5000.0,,,
2021-04-15,陵水,0.0,,,
2021-04-15,陵水,2.0,,,
2021-04-15,陵水,4.0,,,
2021-04-15,陵水,6.0,,,
2021-04-15,陵水,8.0,,,
2021-04-15,陵水,10.0,,,
2021-04-15,陵水,12.0,,,
2021-04-15,陵水,15.0,,,
2021-04-15,陵水,20.0,,,
2021-04-15,陵水,25.0,,,
2021-04-15,陵水,30.0,,,
2021-04-15,陵水,35.0,,,
2021-04-15,陵水,40.0,,,
2021-04-15,陵水,45.0,,,
2021-04-15,陵水,50.0,,,
2021-04-15,陵水,60.0,,,
2021-04-15,陵水,70.0,,,
2021-04-15,陵水,80.0,,,
2021-04-15,陵水,90.0,,,
2021-04-15,陵水,100.0,,,
2021-04-15,陵水,125.0,,,
2021-04-15,陵水,150.0,,,
2021-04-15,陵水,200.0,,,
2021-04-15,陵水,250.0,,,
2021-04-15,陵水,300.0,,,
2021-04-15,陵水,350.0,,,
2021-04-15,陵水,400.0,,,
2021-04-15,陵水,500.0,,,
2021-04-15,陵水,600.0,,,
2021-04-15,陵水,700.0,,,
2021-04-15,陵水,800.0,,,
2021-04-15,陵水,900.0,,,
2021-04-15,陵水,1000.0,,,
2021-04-15,陵水,1250.0,,,
2021-04-15,陵水,1500.0,,,
2021-04-15,陵水,2000.0,,,
2021-04-15,陵水,2500.0,,,
2021-04-15,陵水,3000.0,,,
2021-04-15,陵水,4000.0,,,
2021-04-15,陵水,5000.0,,,
2021-04-17,陵水,0.0,,,
2021-04-17,陵水,2.0,,,
2021-04-17,陵水,4.0,,,
2021-04-17,陵水,6.0,,,
2021-04-17,陵水,8.0,,,
2021-04-17,陵水,10.0,,,
2021-04-17,陵水,12.0,,,
2021-04-17,陵水,15.0,,,
2021-04-17,陵水,20.0,,,
2021-04-17,陵水,25.0,,,
2021-04-17,陵水,30.0,,,
2021-04-17,陵水,35.0,,,
2021-04-17,陵水,40.0,,,
2021-04-17,陵水,45.0,,,
2021-04-17,陵水,50.0,,,
2021-04-17,陵水,60.0,,,
2021-04-17,陵水,70.0,,,
2021-04-17,陵水,80.0,,,
2021-04-17,陵水,90.0,,,
2021-04-17,陵水,100.0,,,
2021-04-17,陵水,125.0,,,
2021-04-17,陵水,150.0,,,
2021-04-17,陵水,200.0,,,
2021-04-17,陵水,250.0,,,
2021-04-17,陵水,300.0,,,
2021-04-17,陵水,350.0,,,
2021-04-17,陵水,400.0,,,
2021-04-17,陵水,500.0,,,
2021-04-17,陵水,600.0,,,
2021-04-17,陵水,700.0,,,
2021-04-17,陵水,800.0,,,
2021-04-17,陵水,900.0,,,
2021-04-17,陵水,1000.0,,,
2021-04-17,陵水,1250.0,,,
2021-04-17,陵水,1500.0,,,
2021-04-17,陵水,2000.0,,,
2021-04-17,陵水,2500.0,,,
2021-04-17,陵水,3000.0,,,
2021-04-17,陵水,4000.0,,,
2021-04-17,陵水,5000.0,,,
2021-04-16,陵水,0.0,,,
2021-04-16,陵水,2.0,,,
2021-04-16,陵水,4.0,,,
2021-04-16,陵水,6.0,,,
2021-04-16,陵水,8.0,,,
2021-04-16,陵水,10.0,,,
2021-04-16,陵水,12.0,,,
2021-04-16,陵水,15.0,,,
2021-04-16,陵水,20.0,,,
2021-04-16,陵水,25.0,,,
2021-04-16,陵水,30.0,,,
2021-04-16,陵水,35.0,,,
2021-04-16,陵水,40.0,,,
2021-04-16,陵水,45.0,,,
2021-04-16,陵水,50.0,,,
2021-04-16,陵水,60.0,,,
2021-04-16,陵水,70.0,,,
2021-04-16,陵水,80.0,,,
2021-04-16,陵水,90.0,,,
2021-04-16,陵水,100.0,,,
2021-04-16,陵水,125.0,,,
2021-04-16,陵水,150.0,,,
2021-04-16,陵水,200.0,,,
2021-04-16,陵水,250.0,,,
2021-04-16,陵水,300.0,,,
2021-04-16,陵水,350.0,,,
2021-04-16,陵水,400.0,,,
2021-04-16,陵水,500.0,,,
2021-04-16,陵水,600.0,,,
2021-04-16,陵水,700.0,,,
2021-04-16,陵水,800.0,,,
2021-04-16,陵水,900.0,,,
2021-04-16,陵水,1000.0,,,
2021-04-16,陵水,1250.0,,,
2021-04-16,陵水,1500.0,,,
2021-04-16,陵水,2000.0,,,
2021-04-16,陵水,2500.0,,,
2021-04-16,陵水,3000.0,,,
2021-04-16,陵水,4000.0,,,
2021-04-16,陵水,5000.0,,,
2021-04-20,陵水,0.0,,,
2021-04-20,陵水,2.0,,,
2021-04-20,陵水,4.0,,,
2021-04-20,陵水,6.0,,,
2021-04-20,陵水,8.0,,,
2021-04-20,陵水,10.0,,,
2021-04-20,陵水,12.0,,,
2021-04-20,陵水,15.0,,,
2021-04-20,陵水,20.0,,,
2021-04-20,陵水,25.0,,,
2021-04-20,陵水,30.0,,,
2021-04-20,陵水,35.0,,,
2021-04-20,陵水,40.0,,,
2021-04-20,陵水,45.0,,,
2021-04-20,陵水,50.0,,,
2021-04-20,陵水,60.0,,,
2021-04-20,陵水,70.0,,,
2021-04-20,陵水,80.0,,,
2021-04-20,陵水,90.0,,,
2021-04-20,陵水,100.0,,,
2021-04-20,陵水,125.0,,,
2021-04-20,陵水,150.0,,,
2021-04-20,陵水,200.0,,,
2021-04-20,陵水,250.0,,,
2021-04-20,陵水,300.0,,,
2021-04-20,陵水,350.0,,,
2021-04-20,陵水,400.0,,,
2021-04-20,陵水,500.0,,,
2021-04-20,陵水,600.0,,,
2021-04-20,陵水,700.0,,,
2021-04-20,陵水,800.0,,,
2021-04-20,陵水,900.0,,,
2021-04-20,陵水,1000.0,,,
2021-04-20,陵水,1250.0,,,
2021-04-20,陵水,1500.0,,,
2021-04-20,陵水,2000.0,,,
2021-04-20,陵水,2500.0,,,
2021-04-20,陵水,3000.0,,,
2021-04-20,陵水,4000.0,,,
2021-04-20,陵水,5000.0,,,
2021-04-21,陵水,0.0,,,
2021-04-21,陵水,2.0,,,
2021-04-21,陵水,4.0,,,
2021-04-21,陵水,6.0,,,
2021-04-21,陵水,8.0,,,
2021-04-21,陵水,10.0,,,
2021-04-21,陵水,12.0,,,
2021-04-21,陵水,15.0,,,
2021-04-21,陵水,20.0,,,
2021-04-21,陵水,25.0,,,
2021-04-21,陵水,30.0,,,
2021-04-21,陵水,35.0,,,
2021-04-21,陵水,40.0,,,
2021-04-21,陵水,45.0,,,
2021-04-21,陵水,50.0,,,
2021-04-21,陵水,60.0,,,
2021-04-21,陵水,70.0,,,
2021-04-21,陵水,80.0,,,
2021-04-21,陵水,90.0,,,
2021-04-21,陵水,100.0,,,
2021-04-21,陵水,125.0,,,
2021-04-21,陵水,150.0,,,
2021-04-21,陵水,200.0,,,
2021-04-21,陵水,250.0,,,
2021-04-21,陵水,300.0,,,
2021-04-21,陵水,350.0,,,
2021-04-21,陵水,400.0,,,
2021-04-21,陵水,500.0,,,
2021-04-21,陵水,600.0,,,
2021-04-21,陵水,700.0,,,
2021-04-21,陵水,800.0,,,
2021-04-21,陵水,900.0,,,
2021-04-21,陵水,1000.0,,,
2021-04-21,陵水,1250.0,,,
2021-04-21,陵水,1500.0,,,
2021-04-21,陵水,2000.0,,,
2021-04-21,陵水,2500.0,,,
2021-04-21,陵水,3000.0,,,
2021-04-21,陵水,4000.0,,,
2021-04-21,陵水,5000.0,,,
2021-04-19,陵水,0.0,,,
2021-04-19,陵水,2.0,,,
2021-04-19,陵水,4.0,,,
2021-04-19,陵水,6.0,,,
2021-04-19,陵水,8.0,,,
2021-04-19,陵水,10.0,,,
2021-04-19,陵水,12.0,,,
2021-04-19,陵水,15.0,,,
2021-04-19,陵水,20.0,,,
2021-04-19,陵水,25.0,,,
2021-04-19,陵水,30.0,,,
2021-04-19,陵水,35.0,,,
2021-04-19,陵水,40.0,,,
2021-04-19,陵水,45.0,,,
2021-04-19,陵水,50.0,,,
2021-04-19,陵水,60.0,,,
2021-04-19,陵水,70.0,,,
2021-04-19,陵水,80.0,,,
2021-04-19,陵水,90.0,,,
2021-04-19,陵水,100.0,,,
2021-04-19,陵水,125.0,,,
2021-04-19,陵水,150.0,,,
2021-04-19,陵水,200.0,,,
2021-04-19,陵水,250.0,,,
2021-04-19,陵水,300.0,,,
2021-04-19,陵水,350.0,,,
2021-04-19,陵水,400.0,,,
2021-04-19,陵水,500.0,,,
2021-04-19,陵水,600.0,,,
2021-04-19,陵水,700.0,,,
2021-04-19,陵水,800.0,,,
2021-04-19,陵水,900.0,,,
2021-04-19,陵水,1000.0,,,
2021-04-19,陵水,1250.0,,,
2021-04-19,陵水,1500.0,,,
2021-04-19,陵水,2000.0,,,
2021-04-19,陵水,2500.0,,,
2021-04-19,陵水,3000.0,,,
2021-04-19,陵水,4000.0,,,
2021-04-19,陵水,5000.0,,,
2021-04-22,陵水,0.0,,,
2021-04-22,陵水,2.0,,,
2021-04-22,陵水,4.0,,,
2021-04-22,陵水,6.0,,,
2021-04-22,陵水,8.0,,,
2021-04-22,陵水,10.0,,,
2021-04-22,陵水,12.0,,,
2021-04-22,陵水,15.0,,,
2021-04-22,陵水,20.0,,,
2021-04-22,陵水,25.0,,,
2021-04-22,陵水,30.0,,,
2021-04-22,陵水,35.0,,,
2021-04-22,陵水,40.0,,,
2021-04-22,陵水,45.0,,,
2021-04-22,陵水,50.0,,,
2021-04-22,陵水,60.0,,,
2021-04-22,陵水,70.0,,,
2021-04-22,陵水,80.0,,,
2021-04-22,陵水,90.0,,,
2021-04-22,陵水,100.0,,,
2021-04-22,陵水,125.0,,,
2021-04-22,陵水,150.0,,,
2021-04-22,陵水,200.0,,,
2021-04-22,陵水,250.0,,,
2021-04-22,陵水,300.0,,,
2021-04-22,陵水,350.0,,,
2021-04-22,陵水,400.0,,,
2021-04-22,陵水,500.0,,,
2021-04-22,陵水,600.0,,,
2021-04-22,陵水,700.0,,,
2021-04-22,陵水,800.0,,,
2021-04-22,陵水,900.0,,,
2021-04-22,陵水,1000.0,,,
2021-04-22,陵水,1250.0,,,
2021-04-22,陵水,1500.0,,,
2021-04-22,陵水,2000.0,,,
2021-04-22,陵水,2500.0,,,
2021-04-22,陵水,3000.0,,,
2021-04-22,陵水,4000.0,,,
2021-04-22,陵水,5000.0,,,
2021-04-23,陵水,0.0,,,
2021-04-23,陵水,2.0,,,
2021-04-23,陵水,4.0,,,
2021-04-23,陵水,6.0,,,
2021-04-23,陵水,8.0,,,
2021-04-23,陵水,10.0,,,
2021-04-23,陵水,12.0,,,
2021-04-23,陵水,15.0,,,
2021-04-23,陵水,20.0,,,
2021-04-23,陵水,25.0,,,
2021-04-23,陵水,30.0,,,
2021-04-23,陵水,35.0,,,
2021-04-23,陵水,40.0,,,
2021-04-23,陵水,45.0,,,
2021-04-23,陵水,50.0,,,
2021-04-23,陵水,60.0,,,
2021-04-23,陵水,70.0,,,
2021-04-23,陵水,80.0,,,
2021-04-23,陵水,90.0,,,
2021-04-23,陵水,100.0,,,
2021-04-23,陵水,125.0,,,
2021-04-23,陵水,150.0,,,
2021-04-23,陵水,200.0,,,
2021-04-23,陵水,250.0,,,
2021-04-23,陵水,300.0,,,
2021-04-23,陵水,350.0,,,
2021-04-23,陵水,400.0,,,
2021-04-23,陵水,500.0,,,
2021-04-23,陵水,600.0,,,
2021-04-23,陵水,700.0,,,
2021-04-23,陵水,800.0,,,
2021-04-23,陵水,900.0,,,
2021-04-23,陵水,1000.0,,,
2021-04-23,陵水,1250.0,,,
2021-04-23,陵水,1500.0,,,
2021-04-23,陵水,2000.0,,,
2021-04-23,陵水,2500.0,,,
2021-04-23,陵水,3000.0,,,
2021-04-23,陵水,4000.0,,,
2021-04-23,陵水,5000.0,,,
2021-04-24,陵水,0.0,,,
2021-04-24,陵水,2.0,,,
2021-04-24,陵水,4.0,,,
2021-04-24,陵水,6.0,,,
2021-04-24,陵水,8.0,,,
2021-04-24,陵水,10.0,,,
2021-04-24,陵水,12.0,,,
2021-04-24,陵水,15.0,,,
2021-04-24,陵水,20.0,,,
2021-04-24,陵水,25.0,,,
2021-04-24,陵水,30.0,,,
2021-04-24,陵水,35.0,,,
2021-04-24,陵水,40.0,,,
2021-04-24,陵水,45.0,,,
2021-04-24,陵水,50.0,,,
2021-04-24,陵水,60.0,,,
2021-04-24,陵水,70.0,,,
2021-04-24,陵水,80.0,,,
2021-04-24,陵水,90.0,,,
2021-04-24,陵水,100.0,,,
2021-04-24,陵水,125.0,,,
2021-04-24,陵水,150.0,,,
2021-04-24,陵水,200.0,,,
2021-04-24,陵水,250.0,,,
2021-04-24,陵水,300.0,,,
2021-04-24,陵水,350.0,,,
2021-04-24,陵水,400.0,,,
2021-04-24,陵水,500.0,,,
2021-04-24,陵水,600.0,,,
2021-04-24,陵水,700.0,,,
2021-04-24,陵水,800.0,,,
2021-04-24,陵水,900.0,,,
2021-04-24,陵水,1000.0,,,
2021-04-24,陵水,1250.0,,,
2021-04-24,陵水,1500.0,,,
2021-04-24,陵水,2000.0,,,
2021-04-24,陵水,2500.0,,,
2021-04-24,陵水,3000.0,,,
2021-04-24,陵水,4000.0,,,
2021-04-24,陵水,5000.0,,,
2021-04-25,陵水,0.0,,,
2021-04-25,陵水,2.0,,,
2021-04-25,陵水,4.0,,,
2021-04-25,陵水,6.0,,,
2021-04-25,陵水,8.0,,,
2021-04-25,陵水,10.0,,,
2021-04-25,陵水,12.0,,,
2021-04-25,陵水,15.0,,,
2021-04-25,陵水,20.0,,,
2021-04-25,陵水,25.0,,,
2021-04-25,陵水,30.0,,,
2021-04-25,陵水,35.0,,,
2021-04-25,陵水,40.0,,,
2021-04-25,陵水,45.0,,,
2021-04-25,陵水,50.0,,,
2021-04-25,陵水,60.0,,,
2021-04-25,陵水,70.0,,,
2021-04-25,陵水,80.0,,,
2021-04-25,陵水,90.0,,,
2021-04-25,陵水,100.0,,,
2021-04-25,陵水,125.0,,,
2021-04-25,陵水,150.0,,,
2021-04-25,陵水,200.0,,,
2021-04-25,陵水,250.0,,,
2021-04-25,陵水,300.0,,,
2021-04-25,陵水,350.0,,,
2021-04-25,陵水,400.0,,,
2021-04-25,陵水,500.0,,,
2021-04-25,陵水,600.0,,,
2021-04-25,陵水,700.0,,,
2021-04-25,陵水,800.0,,,
2021-04-25,陵水,900.0,,,
2021-04-25,陵水,1000.0,,,
2021-04-25,陵水,1250.0,,,
2021-04-25,陵水,1500.0,,,
2021-04-25,陵水,2000.0,,,
2021-04-25,陵水,2500.0,,,
2021-04-25,陵水,3000.0,,,
2021-04-25,陵水,4000.0,,,
2021-04-25,陵水,5000.0,,,
2021-04-28,陵水,0.0,,,
2021-04-28,陵水,2.0,,,
2021-04-28,陵水,4.0,,,
2021-04-28,陵水,6.0,,,
2021-04-28,陵水,8.0,,,
2021-04-28,陵水,10.0,,,
2021-04-28,陵水,12.0,,,
2021-04-28,陵水,15.0,,,
2021-04-28,陵水,20.0,,,
2021-04-28,陵水,25.0,,,
2021-04-28,陵水,30.0,,,
2021-04-28,陵水,35.0,,,
2021-04-28,陵水,40.0,,,
2021-04-28,陵水,45.0,,,
2021-04-28,陵水,50.0,,,
2021-04-28,陵水,60.0,,,
2021-04-28,陵水,70.0,,,
2021-04-28,陵水,80.0,,,
2021-04-28,陵水,90.0,,,
2021-04-28,陵水,100.0,,,
2021-04-28,陵水,125.0,,,
2021-04-28,陵水,150.0,,,
2021-04-28,陵水,200.0,,,
2021-04-28,陵水,250.0,,,
2021-04-28,陵水,300.0,,,
2021-04-28,陵水,350.0,,,
2021-04-28,陵水,400.0,,,
2021-04-28,陵水,500.0,,,
2021-04-28,陵水,600.0,,,
2021-04-28,陵水,700.0,,,
2021-04-28,陵水,800.0,,,
2021-04-28,陵水,900.0,,,
2021-04-28,陵水,1000.0,,,
2021-04-28,陵水,1250.0,,,
2021-04-28,陵水,1500.0,,,
2021-04-28,陵水,2000.0,,,
2021-04-28,陵水,2500.0,,,
2021-04-28,陵水,3000.0,,,
2021-04-28,陵水,4000.0,,,
2021-04-28,陵水,5000.0,,,
2021-04-27,陵水,0.0,,,
2021-04-27,陵水,2.0,,,
2021-04-27,陵水,4.0,,,
2021-04-27,陵水,6.0,,,
2021-04-27,陵水,8.0,,,
2021-04-27,陵水,10.0,,,
2021-04-27,陵水,12.0,,,
2021-04-27,陵水,15.0,,,
2021-04-27,陵水,20.0,,,
2021-04-27,陵水,25.0,,,
2021-04-27,陵水,30.0,,,
2021-04-27,陵水,35.0,,,
2021-04-27,陵水,40.0,,,
2021-04-27,陵水,45.0,,,
2021-04-27,陵水,50.0,,,
2021-04-27,陵水,60.0,,,
2021-04-27,陵水,70.0,,,
2021-04-27,陵水,80.0,,,
2021-04-27,陵水,90.0,,,
2021-04-27,陵水,100.0,,,
2021-04-27,陵水,125.0,,,
2021-04-27,陵水,150.0,,,
2021-04-27,陵水,200.0,,,
2021-04-27,陵水,250.0,,,
2021-04-27,陵水,300.0,,,
2021-04-27,陵水,350.0,,,
2021-04-27,陵水,400.0,,,
2021-04-27,陵水,500.0,,,
2021-04-27,陵水,600.0,,,
2021-04-27,陵水,700.0,,,
2021-04-27,陵水,800.0,,,
2021-04-27,陵水,900.0,,,
2021-04-27,陵水,1000.0,,,
2021-04-27,陵水,1250.0,,,
2021-04-27,陵水,1500.0,,,
2021-04-27,陵水,2000.0,,,
2021-04-27,陵水,2500.0,,,
2021-04-27,陵水,3000.0,,,
2021-04-27,陵水,4000.0,,,
2021-04-27,陵水,5000.0,,,
2021-04-29,陵水,0.0,,,
2021-04-29,陵水,2.0,,,
2021-04-29,陵水,4.0,,,
2021-04-29,陵水,6.0,,,
2021-04-29,陵水,8.0,,,
2021-04-29,陵水,10.0,,,
2021-04-29,陵水,12.0,,,
2021-04-29,陵水,15.0,,,
2021-04-29,陵水,20.0,,,
2021-04-29,陵水,25.0,,,
2021-04-29,陵水,30.0,,,
2021-04-29,陵水,35.0,,,
2021-04-29,陵水,40.0,,,
2021-04-29,陵水,45.0,,,
2021-04-29,陵水,50.0,,,
2021-04-29,陵水,60.0,,,
2021-04-29,陵水,70.0,,,
2021-04-29,陵水,80.0,,,
2021-04-29,陵水,90.0,,,
2021-04-29,陵水,100.0,,,
2021-04-29,陵水,125.0,,,
2021-04-29,陵水,150.0,,,
2021-04-29,陵水,200.0,,,
2021-04-29,陵水,250.0,,,
2021-04-29,陵水,300.0,,,
2021-04-29,陵水,350.0,,,
2021-04-29,陵水,400.0,,,
2021-04-29,陵水,500.0,,,
2021-04-29,陵水,600.0,,,
2021-04-29,陵水,700.0,,,
2021-04-29,陵水,800.0,,,
2021-04-29,陵水,900.0,,,
2021-04-29,陵水,1000.0,,,
2021-04-29,陵水,1250.0,,,
2021-04-29,陵水,1500.0,,,
2021-04-29,陵水,2000.0,,,
2021-04-29,陵水,2500.0,,,
2021-04-29,陵水,3000.0,,,
2021-04-29,陵水,4000.0,,,
2021-04-29,陵水,5000.0,,,
2021-04-30,陵水,0.0,,,
2021-04-30,陵水,2.0,,,
2021-04-30,陵水,4.0,,,
2021-04-30,陵水,6.0,,,
2021-04-30,陵水,8.0,,,
2021-04-30,陵水,10.0,,,
2021-04-30,陵水,12.0,,,
2021-04-30,陵水,15.0,,,
2021-04-30,陵水,20.0,,,
2021-04-30,陵水,25.0,,,
2021-04-30,陵水,30.0,,,
2021-04-30,陵水,35.0,,,
2021-04-30,陵水,40.0,,,
2021-04-30,陵水,45.0,,,
2021-04-30,陵水,50.0,,,
2021-04-30,陵水,60.0,,,
2021-04-30,陵水,70.0,,,
2021-04-30,陵水,80.0,,,
2021-04-30,陵水,90.0,,,
2021-04-30,陵水,100.0,,,
2021-04-30,陵水,125.0,,,
2021-04-30,陵水,150.0,,,
2021-04-30,陵水,200.0,,,
2021-04-30,陵水,250.0,,,
2021-04-30,陵水,300.0,,,
2021-04-30,陵水,350.0,,,
2021-04-30,陵水,400.0,,,
2021-04-30,陵水,500.0,,,
2021-04-30,陵水,600.0,,,
2021-04-30,陵水,700.0,,,
2021-04-30,陵水,800.0,,,
2021-04-30,陵水,900.0,,,
2021-04-30,陵水,1000.0,,,
2021-04-30,陵水,1250.0,,,
2021-04-30,陵水,1500.0,,,
2021-04-30,陵水,2000.0,,,
2021-04-30,陵水,2500.0,,,
2021-04-30,陵水,3000.0,,,
2021-04-30,陵水,4000.0,,,
2021-04-30,陵水,5000.0,,,
2021-05-01,陵水,0.0,,,
2021-05-01,陵水,2.0,,,
2021-05-01,陵水,4.0,,,
2021-05-01,陵水,6.0,,,
2021-05-01,陵水,8.0,,,
2021-05-01,陵水,10.0,,,
2021-05-01,陵水,12.0,,,
2021-05-01,陵水,15.0,,,
2021-05-01,陵水,20.0,,,
2021-05-01,陵水,25.0,,,
2021-05-01,陵水,30.0,,,
2021-05-01,陵水,35.0,,,
2021-05-01,陵水,40.0,,,
2021-05-01,陵水,45.0,,,
2021-05-01,陵水,50.0,,,
2021-05-01,陵水,60.0,,,
2021-05-01,陵水,70.0,,,
2021-05-01,陵水,80.0,,,
2021-05-01,陵水,90.0,,,
2021-05-01,陵水,100.0,,,
2021-05-01,陵水,125.0,,,
2021-05-01,陵水,150.0,,,
2021-05-01,陵水,200.0,,,
2021-05-01,陵水,250.0,,,
2021-05-01,陵水,300.0,,,
2021-05-01,陵水,350.0,,,
2021-05-01,陵水,400.0,,,
2021-05-01,陵水,500.0,,,
2021-05-01,陵水,600.0,,,
2021-05-01,陵水,700.0,,,
2021-05-01,陵水,800.0,,,
2021-05-01,陵水,900.0,,,
2021-05-01,陵水,1000.0,,,
2021-05-01,陵水,1250.0,,,
2021-05-01,陵水,1500.0,,,
2021-05-01,陵水,2000.0,,,
2021-05-01,陵水,2500.0,,,
2021-05-01,陵水,3000.0,,,
2021-05-01,陵水,4000.0,,,
2021-05-01,陵水,5000.0,,,
2021-05-02,陵水,0.0,,,
2021-05-02,陵水,2.0,,,
2021-05-02,陵水,4.0,,,
2021-05-02,陵水,6.0,,,
2021-05-02,陵水,8.0,,,
2021-05-02,陵水,10.0,,,
2021-05-02,陵水,12.0,,,
2021-05-02,陵水,15.0,,,
2021-05-02,陵水,20.0,,,
2021-05-02,陵水,25.0,,,
2021-05-02,陵水,30.0,,,
2021-05-02,陵水,35.0,,,
2021-05-02,陵水,40.0,,,
2021-05-02,陵水,45.0,,,
2021-05-02,陵水,50.0,,,
2021-05-02,陵水,60.0,,,
2021-05-02,陵水,70.0,,,
2021-05-02,陵水,80.0,,,
2021-05-02,陵水,90.0,,,
2021-05-02,陵水,100.0,,,
2021-05-02,陵水,125.0,,,
2021-05-02,陵水,150.0,,,
2021-05-02,陵水,200.0,,,
2021-05-02,陵水,250.0,,,
2021-05-02,陵水,300.0,,,
2021-05-02,陵水,350.0,,,
2021-05-02,陵水,400.0,,,
2021-05-02,陵水,500.0,,,
2021-05-02,陵水,600.0,,,
2021-05-02,陵水,700.0,,,
2021-05-02,陵水,800.0,,,
2021-05-02,陵水,900.0,,,
2021-05-02,陵水,1000.0,,,
2021-05-02,陵水,1250.0,,,
2021-05-02,陵水,1500.0,,,
2021-05-02,陵水,2000.0,,,
2021-05-02,陵水,2500.0,,,
2021-05-02,陵水,3000.0,,,
2021-05-02,陵水,4000.0,,,
2021-05-02,陵水,5000.0,,,
2021-05-04,陵水,0.0,,,
2021-05-04,陵水,2.0,,,
2021-05-04,陵水,4.0,,,
2021-05-04,陵水,6.0,,,
2021-05-04,陵水,8.0,,,
2021-05-04,陵水,10.0,,,
2021-05-04,陵水,12.0,,,
2021-05-04,陵水,15.0,,,
2021-05-04,陵水,20.0,,,
2021-05-04,陵水,25.0,,,
2021-05-04,陵水,30.0,,,
2021-05-04,陵水,35.0,,,
2021-05-04,陵水,40.0,,,
2021-05-04,陵水,45.0,,,
2021-05-04,陵水,50.0,,,
2021-05-04,陵水,60.0,,,
2021-05-04,陵水,70.0,,,
2021-05-04,陵水,80.0,,,
2021-05-04,陵水,90.0,,,
2021-05-04,陵水,100.0,,,
2021-05-04,陵水,125.0,,,
2021-05-04,陵水,150.0,,,
2021-05-04,陵水,200.0,,,
2021-05-04,陵水,250.0,,,
2021-05-04,陵水,300.0,,,
2021-05-04,陵水,350.0,,,
2021-05-04,陵水,400.0,,,
2021-05-04,陵水,500.0,,,
2021-05-04,陵水,600.0,,,
2021-05-04,陵水,700.0,,,
2021-05-04,陵水,800.0,,,
2021-05-04,陵水,900.0,,,
2021-05-04,陵水,1000.0,,,
2021-05-04,陵水,1250.0,,,
2021-05-04,陵水,1500.0,,,
2021-05-04,陵水,2000.0,,,
2021-05-04,陵水,2500.0,,,
2021-05-04,陵水,3000.0,,,
2021-05-04,陵水,4000.0,,,
2021-05-04,陵水,5000.0,,,
2021-05-05,陵水,0.0,,,
2021-05-05,陵水,2.0,,,
2021-05-05,陵水,4.0,,,
2021-05-05,陵水,6.0,,,
2021-05-05,陵水,8.0,,,
2021-05-05,陵水,10.0,,,
2021-05-05,陵水,12.0,,,
2021-05-05,陵水,15.0,,,
2021-05-05,陵水,20.0,,,
2021-05-05,陵水,25.0,,,
2021-05-05,陵水,30.0,,,
2021-05-05,陵水,35.0,,,
2021-05-05,陵水,40.0,,,
2021-05-05,陵水,45.0,,,
2021-05-05,陵水,50.0,,,
2021-05-05,陵水,60.0,,,
2021-05-05,陵水,70.0,,,
2021-05-05,陵水,80.0,,,
2021-05-05,陵水,90.0,,,
2021-05-05,陵水,100.0,,,
2021-05-05,陵水,125.0,,,
2021-05-05,陵水,150.0,,,
2021-05-05,陵水,200.0,,,
2021-05-05,陵水,250.0,,,
2021-05-05,陵水,300.0,,,
2021-05-05,陵水,350.0,,,
2021-05-05,陵水,400.0,,,
2021-05-05,陵水,500.0,,,
2021-05-05,陵水,600.0,,,
2021-05-05,陵水,700.0,,,
2021-05-05,陵水,800.0,,,
2021-05-05,陵水,900.0,,,
2021-05-05,陵水,1000.0,,,
2021-05-05,陵水,1250.0,,,
2021-05-05,陵水,1500.0,,,
2021-05-05,陵水,2000.0,,,
2021-05-05,陵水,2500.0,,,
2021-05-05,陵水,3000.0,,,
2021-05-05,陵水,4000.0,,,
2021-05-05,陵水,5000.0,,,
2021-05-08,陵水,0.0,,,
2021-05-08,陵水,2.0,,,
2021-05-08,陵水,4.0,,,
2021-05-08,陵水,6.0,,,
2021-05-08,陵水,8.0,,,
2021-05-08,陵水,10.0,,,
2021-05-08,陵水,12.0,,,
2021-05-08,陵水,15.0,,,
2021-05-08,陵水,20.0,,,
2021-05-08,陵水,25.0,,,
2021-05-08,陵水,30.0,,,
2021-05-08,陵水,35.0,,,
2021-05-08,陵水,40.0,,,
2021-05-08,陵水,45.0,,,
2021-05-08,陵水,50.0,,,
2021-05-08,陵水,60.0,,,
2021-05-08,陵水,70.0,,,
2021-05-08,陵水,80.0,,,
2021-05-08,陵水,90.0,,,
2021-05-08,陵水,100.0,,,
2021-05-08,陵水,125.0,,,
2021-05-08,陵水,150.0,,,
2021-05-08,陵水,200.0,,,
2021-05-08,陵水,250.0,,,
2021-05-08,陵水,300.0,,,
2021-05-08,陵水,350.0,,,
2021-05-08,陵水,400.0,,,
2021-05-08,陵水,500.0,,,
2021-05-08,陵水,600.0,,,
2021-05-08,陵水,700.0,,,
2021-05-08,陵水,800.0,,,
2021-05-08,陵水,900.0,,,
2021-05-08,陵水,1000.0,,,
2021-05-08,陵水,1250.0,,,
2021-05-08,陵水,1500.0,,,
2021-05-08,陵水,2000.0,,,
2021-05-08,陵水,2500.0,,,
2021-05-08,陵水,3000.0,,,
2021-05-08,陵水,4000.0,,,
2021-05-08,陵水,5000.0,,,
2021-05-07,陵水,0.0,,,
2021-05-07,陵水,2.0,,,
2021-05-07,陵水,4.0,,,
2021-05-07,陵水,6.0,,,
2021-05-07,陵水,8.0,,,
2021-05-07,陵水,10.0,,,
2021-05-07,陵水,12.0,,,
2021-05-07,陵水,15.0,,,
2021-05-07,陵水,20.0,,,
2021-05-07,陵水,25.0,,,
2021-05-07,陵水,30.0,,,
2021-05-07,陵水,35.0,,,
2021-05-07,陵水,40.0,,,
2021-05-07,陵水,45.0,,,
2021-05-07,陵水,50.0,,,
2021-05-07,陵水,60.0,,,
2021-05-07,陵水,70.0,,,
2021-05-07,陵水,80.0,,,
2021-05-07,陵水,90.0,,,
2021-05-07,陵水,100.0,,,
2021-05-07,陵水,125.0,,,
2021-05-07,陵水,150.0,,,
2021-05-07,陵水,200.0,,,
2021-05-07,陵水,250.0,,,
2021-05-07,陵水,300.0,,,
2021-05-07,陵水,350.0,,,
2021-05-07,陵水,400.0,,,
2021-05-07,陵水,500.0,,,
2021-05-07,陵水,600.0,,,
2021-05-07,陵水,700.0,,,
2021-05-07,陵水,800.0,,,
2021-05-07,陵水,900.0,,,
2021-05-07,陵水,1000.0,,,
2021-05-07,陵水,1250.0,,,
2021-05-07,陵水,1500.0,,,
2021-05-07,陵水,2000.0,,,
2021-05-07,陵水,2500.0,,,
2021-05-07,陵水,3000.0,,,
2021-05-07,陵水,4000.0,,,
2021-05-07,陵水,5000.0,,,
2021-05-09,陵水,0.0,,,
2021-05-09,陵水,2.0,,,
2021-05-09,陵水,4.0,,,
2021-05-09,陵水,6.0,,,
2021-05-09,陵水,8.0,,,
2021-05-09,陵水,10.0,,,
2021-05-09,陵水,12.0,,,
2021-05-09,陵水,15.0,,,
2021-05-09,陵水,20.0,,,
2021-05-09,陵水,25.0,,,
2021-05-09,陵水,30.0,,,
2021-05-09,陵水,35.0,,,
2021-05-09,陵水,40.0,,,
2021-05-09,陵水,45.0,,,
2021-05-09,陵水,50.0,,,
2021-05-09,陵水,60.0,,,
2021-05-09,陵水,70.0,,,
2021-05-09,陵水,80.0,,,
2021-05-09,陵水,90.0,,,
2021-05-09,陵水,100.0,,,
2021-05-09,陵水,125.0,,,
2021-05-09,陵水,150.0,,,
2021-05-09,陵水,200.0,,,
2021-05-09,陵水,250.0,,,
2021-05-09,陵水,300.0,,,
2021-05-09,陵水,350.0,,,
2021-05-09,陵水,400.0,,,
2021-05-09,陵水,500.0,,,
2021-05-09,陵水,600.0,,,
2021-05-09,陵水,700.0,,,
2021-05-09,陵水,800.0,,,
2021-05-09,陵水,900.0,,,
2021-05-09,陵水,1000.0,,,
2021-05-09,陵水,1250.0,,,
2021-05-09,陵水,1500.0,,,
2021-05-09,陵水,2000.0,,,
2021-05-09,陵水,2500.0,,,
2021-05-09,陵水,3000.0,,,
2021-05-09,陵水,4000.0,,,
2021-05-09,陵水,5000.0,,,
2021-05-10,陵水,0.0,,,
2021-05-10,陵水,2.0,,,
2021-05-10,陵水,4.0,,,
2021-05-10,陵水,6.0,,,
2021-05-10,陵水,8.0,,,
2021-05-10,陵水,10.0,,,
2021-05-10,陵水,12.0,,,
2021-05-10,陵水,15.0,,,
2021-05-10,陵水,20.0,,,
2021-05-10,陵水,25.0,,,
2021-05-10,陵水,30.0,,,
2021-05-10,陵水,35.0,,,
2021-05-10,陵水,40.0,,,
2021-05-10,陵水,45.0,,,
2021-05-10,陵水,50.0,,,
2021-05-10,陵水,60.0,,,
2021-05-10,陵水,70.0,,,
2021-05-10,陵水,80.0,,,
2021-05-10,陵水,90.0,,,
2021-05-10,陵水,100.0,,,
2021-05-10,陵水,125.0,,,
2021-05-10,陵水,150.0,,,
2021-05-10,陵水,200.0,,,
2021-05-10,陵水,250.0,,,
2021-05-10,陵水,300.0,,,
2021-05-10,陵水,350.0,,,
2021-05-10,陵水,400.0,,,
2021-05-10,陵水,500.0,,,
2021-05-10,陵水,600.0,,,
2021-05-10,陵水,700.0,,,
2021-05-10,陵水,800.0,,,
2021-05-10,陵水,900.0,,,
2021-05-10,陵水,1000.0,,,
2021-05-10,陵水,1250.0,,,
2021-05-10,陵水,1500.0,,,
2021-05-10,陵水,2000.0,,,
2021-05-10,陵水,2500.0,,,
2021-05-10,陵水,3000.0,,,
2021-05-10,陵水,4000.0,,,
2021-05-10,陵水,5000.0,,,
2021-05-11,陵水,0.0,,,
2021-05-11,陵水,2.0,,,
2021-05-11,陵水,4.0,,,
2021-05-11,陵水,6.0,,,
2021-05-11,陵水,8.0,,,
2021-05-11,陵水,10.0,,,
2021-05-11,陵水,12.0,,,
2021-05-11,陵水,15.0,,,
2021-05-11,陵水,20.0,,,
2021-05-11,陵水,25.0,,,
2021-05-11,陵水,30.0,,,
2021-05-11,陵水,35.0,,,
2021-05-11,陵水,40.0,,,
2021-05-11,陵水,45.0,,,
2021-05-11,陵水,50.0,,,
2021-05-11,陵水,60.0,,,
2021-05-11,陵水,70.0,,,
2021-05-11,陵水,80.0,,,
2021-05-11,陵水,90.0,,,
2021-05-11,陵水,100.0,,,
2021-05-11,陵水,125.0,,,
2021-05-11,陵水,150.0,,,
2021-05-11,陵水,200.0,,,
2021-05-11,陵水,250.0,,,
2021-05-11,陵水,300.0,,,
2021-05-11,陵水,350.0,,,
2021-05-11,陵水,400.0,,,
2021-05-11,陵水,500.0,,,
2021-05-11,陵水,600.0,,,
2021-05-11,陵水,700.0,,,
2021-05-11,陵水,800.0,,,
2021-05-11,陵水,900.0,,,
2021-05-11,陵水,1000.0,,,
2021-05-11,陵水,1250.0,,,
2021-05-11,陵水,1500.0,,,
2021-05-11,陵水,2000.0,,,
2021-05-11,陵水,2500.0,,,
2021-05-11,陵水,3000.0,,,
2021-05-11,陵水,4000.0,,,
2021-05-11,陵水,5000.0,,,
2021-05-13,陵水,0.0,,,
2021-05-13,陵水,2.0,,,
2021-05-13,陵水,4.0,,,
2021-05-13,陵水,6.0,,,
2021-05-13,陵水,8.0,,,
2021-05-13,陵水,10.0,,,
2021-05-13,陵水,12.0,,,
2021-05-13,陵水,15.0,,,
2021-05-13,陵水,20.0,,,
2021-05-13,陵水,25.0,,,
2021-05-13,陵水,30.0,,,
2021-05-13,陵水,35.0,,,
2021-05-13,陵水,40.0,,,
2021-05-13,陵水,45.0,,,
2021-05-13,陵水,50.0,,,
2021-05-13,陵水,60.0,,,
2021-05-13,陵水,70.0,,,
2021-05-13,陵水,80.0,,,
2021-05-13,陵水,90.0,,,
2021-05-13,陵水,100.0,,,
2021-05-13,陵水,125.0,,,
2021-05-13,陵水,150.0,,,
2021-05-13,陵水,200.0,,,
2021-05-13,陵水,250.0,,,
2021-05-13,陵水,300.0,,,
2021-05-13,陵水,350.0,,,
2021-05-13,陵水,400.0,,,
2021-05-13,陵水,500.0,,,
2021-05-13,陵水,600.0,,,
2021-05-13,陵水,700.0,,,
2021-05-13,陵水,800.0,,,
2021-05-13,陵水,900.0,,,
2021-05-13,陵水,1000.0,,,
2021-05-13,陵水,1250.0,,,
2021-05-13,陵水,1500.0,,,
2021-05-13,陵水,2000.0,,,
2021-05-13,陵水,2500.0,,,
2021-05-13,陵水,3000.0,,,
2021-05-13,陵水,4000.0,,,
2021-05-13,陵水,5000.0,,,
2021-05-14,陵水,0.0,,,
2021-05-14,陵水,2.0,,,
2021-05-14,陵水,4.0,,,
2021-05-14,陵水,6.0,,,
2021-05-14,陵水,8.0,,,
2021-05-14,陵水,10.0,,,
2021-05-14,陵水,12.0,,,
2021-05-14,陵水,15.0,,,
2021-05-14,陵水,20.0,,,
2021-05-14,陵水,25.0,,,
2021-05-14,陵水,30.0,,,
2021-05-14,陵水,35.0,,,
2021-05-14,陵水,40.0,,,
2021-05-14,陵水,45.0,,,
2021-05-14,陵水,50.0,,,
2021-05-14,陵水,60.0,,,
2021-05-14,陵水,70.0,,,
2021-05-14,陵水,80.0,,,
2021-05-14,陵水,90.0,,,
2021-05-14,陵水,100.0,,,
2021-05-14,陵水,125.0,,,
2021-05-14,陵水,150.0,,,
2021-05-14,陵水,200.0,,,
2021-05-14,陵水,250.0,,,
2021-05-14,陵水,300.0,,,
2021-05-14,陵水,350.0,,,
2021-05-14,陵水,400.0,,,
2021-05-14,陵水,500.0,,,
2021-05-14,陵水,600.0,,,
2021-05-14,陵水,700.0,,,
2021-05-14,陵水,800.0,,,
2021-05-14,陵水,900.0,,,
2021-05-14,陵水,1000.0,,,
2021-05-14,陵水,1250.0,,,
2021-05-14,陵水,1500.0,,,
2021-05-14,陵水,2000.0,,,
2021-05-14,陵水,2500.0,,,
2021-05-14,陵水,3000.0,,,
2021-05-14,陵水,4000.0,,,
2021-05-14,陵水,5000.0,,,
2021-05-15,陵水,0.0,,,
2021-05-15,陵水,2.0,,,
2021-05-15,陵水,4.0,,,
2021-05-15,陵水,6.0,,,
2021-05-15,陵水,8.0,,,
2021-05-15,陵水,10.0,,,
2021-05-15,陵水,12.0,,,
2021-05-15,陵水,15.0,,,
2021-05-15,陵水,20.0,,,
2021-05-15,陵水,25.0,,,
2021-05-15,陵水,30.0,,,
2021-05-15,陵水,35.0,,,
2021-05-15,陵水,40.0,,,
2021-05-15,陵水,45.0,,,
2021-05-15,陵水,50.0,,,
2021-05-15,陵水,60.0,,,
2021-05-15,陵水,70.0,,,
2021-05-15,陵水,80.0,,,
2021-05-15,陵水,90.0,,,
2021-05-15,陵水,100.0,,,
2021-05-15,陵水,125.0,,,
2021-05-15,陵水,150.0,,,
2021-05-15,陵水,200.0,,,
2021-05-15,陵水,250.0,,,
2021-05-15,陵水,300.0,,,
2021-05-15,陵水,350.0,,,
2021-05-15,陵水,400.0,,,
2021-05-15,陵水,500.0,,,
2021-05-15,陵水,600.0,,,
2021-05-15,陵水,700.0,,,
2021-05-15,陵水,800.0,,,
2021-05-15,陵水,900.0,,,
2021-05-15,陵水,1000.0,,,
2021-05-15,陵水,1250.0,,,
2021-05-15,陵水,1500.0,,,
2021-05-15,陵水,2000.0,,,
2021-05-15,陵水,2500.0,,,
2021-05-15,陵水,3000.0,,,
2021-05-15,陵水,4000.0,,,
2021-05-15,陵水,5000.0,,,
2021-05-16,陵水,0.0,,,
2021-05-16,陵水,2.0,,,
2021-05-16,陵水,4.0,,,
2021-05-16,陵水,6.0,,,
2021-05-16,陵水,8.0,,,
2021-05-16,陵水,10.0,,,
2021-05-16,陵水,12.0,,,
2021-05-16,陵水,15.0,,,
2021-05-16,陵水,20.0,,,
2021-05-16,陵水,25.0,,,
2021-05-16,陵水,30.0,,,
2021-05-16,陵水,35.0,,,
2021-05-16,陵水,40.0,,,
2021-05-16,陵水,45.0,,,
2021-05-16,陵水,50.0,,,
2021-05-16,陵水,60.0,,,
2021-05-16,陵水,70.0,,,
2021-05-16,陵水,80.0,,,
2021-05-16,陵水,90.0,,,
2021-05-16,陵水,100.0,,,
2021-05-16,陵水,125.0,,,
2021-05-16,陵水,150.0,,,
2021-05-16,陵水,200.0,,,
2021-05-16,陵水,250.0,,,
2021-05-16,陵水,300.0,,,
2021-05-16,陵水,350.0,,,
2021-05-16,陵水,400.0,,,
2021-05-16,陵水,500.0,,,
2021-05-16,陵水,600.0,,,
2021-05-16,陵水,700.0,,,
2021-05-16,陵水,800.0,,,
2021-05-16,陵水,900.0,,,
2021-05-16,陵水,1000.0,,,
2021-05-16,陵水,1250.0,,,
2021-05-16,陵水,1500.0,,,
2021-05-16,陵水,2000.0,,,
2021-05-16,陵水,2500.0,,,
2021-05-16,陵水,3000.0,,,
2021-05-16,陵水,4000.0,,,
2021-05-16,陵水,5000.0,,,
2021-05-17,陵水,0.0,,,
2021-05-17,陵水,2.0,,,
2021-05-17,陵水,4.0,,,
2021-05-17,陵水,6.0,,,
2021-05-17,陵水,8.0,,,
2021-05-17,陵水,10.0,,,
2021-05-17,陵水,12.0,,,
2021-05-17,陵水,15.0,,,
2021-05-17,陵水,20.0,,,
2021-05-17,陵水,25.0,,,
2021-05-17,陵水,30.0,,,
2021-05-17,陵水,35.0,,,
2021-05-17,陵水,40.0,,,
2021-05-17,陵水,45.0,,,
2021-05-17,陵水,50.0,,,
2021-05-17,陵水,60.0,,,
2021-05-17,陵水,70.0,,,
2021-05-17,陵水,80.0,,,
2021-05-17,陵水,90.0,,,
2021-05-17,陵水,100.0,,,
2021-05-17,陵水,125.0,,,
2021-05-17,陵水,150.0,,,
2021-05-17,陵水,200.0,,,
2021-05-17,陵水,250.0,,,
2021-05-17,陵水,300.0,,,
2021-05-17,陵水,350.0,,,
2021-05-17,陵水,400.0,,,
2021-05-17,陵水,500.0,,,
2021-05-17,陵水,600.0,,,
2021-05-17,陵水,700.0,,,
2021-05-17,陵水,800.0,,,
2021-05-17,陵水,900.0,,,
2021-05-17,陵水,1000.0,,,
2021-05-17,陵水,1250.0,,,
2021-05-17,陵水,1500.0,,,
2021-05-17,陵水,2000.0,,,
2021-05-17,陵水,2500.0,,,
2021-05-17,陵水,3000.0,,,
2021-05-17,陵水,4000.0,,,
2021-05-17,陵水,5000.0,,,
2021-05-18,陵水,0.0,,,
2021-05-18,陵水,2.0,,,
2021-05-18,陵水,4.0,,,
2021-05-18,陵水,6.0,,,
2021-05-18,陵水,8.0,,,
2021-05-18,陵水,10.0,,,
2021-05-18,陵水,12.0,,,
2021-05-18,陵水,15.0,,,
2021-05-18,陵水,20.0,,,
2021-05-18,陵水,25.0,,,
2021-05-18,陵水,30.0,,,
2021-05-18,陵水,35.0,,,
2021-05-18,陵水,40.0,,,
2021-05-18,陵水,45.0,,,
2021-05-18,陵水,50.0,,,
2021-05-18,陵水,60.0,,,
2021-05-18,陵水,70.0,,,
2021-05-18,陵水,80.0,,,
2021-05-18,陵水,90.0,,,
2021-05-18,陵水,100.0,,,
2021-05-18,陵水,125.0,,,
2021-05-18,陵水,150.0,,,
2021-05-18,陵水,200.0,,,
2021-05-18,陵水,250.0,,,
2021-05-18,陵水,300.0,,,
2021-05-18,陵水,350.0,,,
2021-05-18,陵水,400.0,,,
2021-05-18,陵水,500.0,,,
2021-05-18,陵水,600.0,,,
2021-05-18,陵水,700.0,,,
2021-05-18,陵水,800.0,,,
2021-05-18,陵水,900.0,,,
2021-05-18,陵水,1000.0,,,
2021-05-18,陵水,1250.0,,,
2021-05-18,陵水,1500.0,,,
2021-05-18,陵水,2000.0,,,
2021-05-18,陵水,2500.0,,,
2021-05-18,陵水,3000.0,,,
2021-05-18,陵水,4000.0,,,
2021-05-18,陵水,5000.0,,,
2021-05-19,陵水,0.0,,,
2021-05-19,陵水,2.0,,,
2021-05-19,陵水,4.0,,,
2021-05-19,陵水,6.0,,,
2021-05-19,陵水,8.0,,,
2021-05-19,陵水,10.0,,,
2021-05-19,陵水,12.0,,,
2021-05-19,陵水,15.0,,,
2021-05-19,陵水,20.0,,,
2021-05-19,陵水,25.0,,,
2021-05-19,陵水,30.0,,,
2021-05-19,陵水,35.0,,,
2021-05-19,陵水,40.0,,,
2021-05-19,陵水,45.0,,,
2021-05-19,陵水,50.0,,,
2021-05-19,陵水,60.0,,,
2021-05-19,陵水,70.0,,,
2021-05-19,陵水,80.0,,,
2021-05-19,陵水,90.0,,,
2021-05-19,陵水,100.0,,,
2021-05-19,陵水,125.0,,,
2021-05-19,陵水,150.0,,,
2021-05-19,陵水,200.0,,,
2021-05-19,陵水,250.0,,,
2021-05-19,陵水,300.0,,,
2021-05-19,陵水,350.0,,,
2021-05-19,陵水,400.0,,,
2021-05-19,陵水,500.0,,,
2021-05-19,陵水,600.0,,,
2021-05-19,陵水,700.0,,,
2021-05-19,陵水,800.0,,,
2021-05-19,陵水,900.0,,,
2021-05-19,陵水,1000.0,,,
2021-05-19,陵水,1250.0,,,
2021-05-19,陵水,1500.0,,,
2021-05-19,陵水,2000.0,,,
2021-05-19,陵水,2500.0,,,
2021-05-19,陵水,3000.0,,,
2021-05-19,陵水,4000.0,,,
2021-05-19,陵水,5000.0,,,
2021-05-20,陵水,0.0,,,
2021-05-20,陵水,2.0,,,
2021-05-20,陵水,4.0,,,
2021-05-20,陵水,6.0,,,
2021-05-20,陵水,8.0,,,
2021-05-20,陵水,10.0,,,
2021-05-20,陵水,12.0,,,
2021-05-20,陵水,15.0,,,
2021-05-20,陵水,20.0,,,
2021-05-20,陵水,25.0,,,
2021-05-20,陵水,30.0,,,
2021-05-20,陵水,35.0,,,
2021-05-20,陵水,40.0,,,
2021-05-20,陵水,45.0,,,
2021-05-20,陵水,50.0,,,
2021-05-20,陵水,60.0,,,
2021-05-20,陵水,70.0,,,
2021-05-20,陵水,80.0,,,
2021-05-20,陵水,90.0,,,
2021-05-20,陵水,100.0,,,
2021-05-20,陵水,125.0,,,
2021-05-20,陵水,150.0,,,
2021-05-20,陵水,200.0,,,
2021-05-20,陵水,250.0,,,
2021-05-20,陵水,300.0,,,
2021-05-20,陵水,350.0,,,
2021-05-20,陵水,400.0,,,
2021-05-20,陵水,500.0,,,
2021-05-20,陵水,600.0,,,
2021-05-20,陵水,700.0,,,
2021-05-20,陵水,800.0,,,
2021-05-20,陵水,900.0,,,
2021-05-20,陵水,1000.0,,,
2021-05-20,陵水,1250.0,,,
2021-05-20,陵水,1500.0,,,
2021-05-20,陵水,2000.0,,,
2021-05-20,陵水,2500.0,,,
2021-05-20,陵水,3000.0,,,
2021-05-20,陵水,4000.0,,,
2021-05-20,陵水,5000.0,,,
2021-05-22,陵水,0.0,,,
2021-05-22,陵水,2.0,,,
2021-05-22,陵水,4.0,,,
2021-05-22,陵水,6.0,,,
2021-05-22,陵水,8.0,,,
2021-05-22,陵水,10.0,,,
2021-05-22,陵水,12.0,,,
2021-05-22,陵水,15.0,,,
2021-05-22,陵水,20.0,,,
2021-05-22,陵水,25.0,,,
2021-05-22,陵水,30.0,,,
2021-05-22,陵水,35.0,,,
2021-05-22,陵水,40.0,,,
2021-05-22,陵水,45.0,,,
2021-05-22,陵水,50.0,,,
2021-05-22,陵水,60.0,,,
2021-05-22,陵水,70.0,,,
2021-05-22,陵水,80.0,,,
2021-05-22,陵水,90.0,,,
2021-05-22,陵水,100.0,,,
2021-05-22,陵水,125.0,,,
2021-05-22,陵水,150.0,,,
2021-05-22,陵水,200.0,,,
2021-05-22,陵水,250.0,,,
2021-05-22,陵水,300.0,,,
2021-05-22,陵水,350.0,,,
2021-05-22,陵水,400.0,,,
2021-05-22,陵水,500.0,,,
2021-05-22,陵水,600.0,,,
2021-05-22,陵水,700.0,,,
2021-05-22,陵水,800.0,,,
2021-05-22,陵水,900.0,,,
2021-05-22,陵水,1000.0,,,
2021-05-22,陵水,1250.0,,,
2021-05-22,陵水,1500.0,,,
2021-05-22,陵水,2000.0,,,
2021-05-22,陵水,2500.0,,,
2021-05-22,陵水,3000.0,,,
2021-05-22,陵水,4000.0,,,
2021-05-22,陵水,5000.0,,,
2021-05-23,陵水,0.0,,,
2021-05-23,陵水,2.0,,,
2021-05-23,陵水,4.0,,,
2021-05-23,陵水,6.0,,,
2021-05-23,陵水,8.0,,,
2021-05-23,陵水,10.0,,,
2021-05-23,陵水,12.0,,,
2021-05-23,陵水,15.0,,,
2021-05-23,陵水,20.0,,,
2021-05-23,陵水,25.0,,,
2021-05-23,陵水,30.0,,,
2021-05-23,陵水,35.0,,,
2021-05-23,陵水,40.0,,,
2021-05-23,陵水,45.0,,,
2021-05-23,陵水,50.0,,,
2021-05-23,陵水,60.0,,,
2021-05-23,陵水,70.0,,,
2021-05-23,陵水,80.0,,,
2021-05-23,陵水,90.0,,,
2021-05-23,陵水,100.0,,,
2021-05-23,陵水,125.0,,,
2021-05-23,陵水,150.0,,,
2021-05-23,陵水,200.0,,,
2021-05-23,陵水,250.0,,,
2021-05-23,陵水,300.0,,,
2021-05-23,陵水,350.0,,,
2021-05-23,陵水,400.0,,,
2021-05-23,陵水,500.0,,,
2021-05-23,陵水,600.0,,,
2021-05-23,陵水,700.0,,,
2021-05-23,陵水,800.0,,,
2021-05-23,陵水,900.0,,,
2021-05-23,陵水,1000.0,,,
2021-05-23,陵水,1250.0,,,
2021-05-23,陵水,1500.0,,,
2021-05-23,陵水,2000.0,,,
2021-05-23,陵水,2500.0,,,
2021-05-23,陵水,3000.0,,,
2021-05-23,陵水,4000.0,,,
2021-05-23,陵水,5000.0,,,
2021-05-21,陵水,0.0,,,
2021-05-21,陵水,2.0,,,
2021-05-21,陵水,4.0,,,
2021-05-21,陵水,6.0,,,
2021-05-21,陵水,8.0,,,
2021-05-21,陵水,10.0,,,
2021-05-21,陵水,12.0,,,
2021-05-21,陵水,15.0,,,
2021-05-21,陵水,20.0,,,
2021-05-21,陵水,25.0,,,
2021-05-21,陵水,30.0,,,
2021-05-21,陵水,35.0,,,
2021-05-21,陵水,40.0,,,
2021-05-21,陵水,45.0,,,
2021-05-21,陵水,50.0,,,
2021-05-21,陵水,60.0,,,
2021-05-21,陵水,70.0,,,
2021-05-21,陵水,80.0,,,
2021-05-21,陵水,90.0,,,
2021-05-21,陵水,100.0,,,
2021-05-21,陵水,125.0,,,
2021-05-21,陵水,150.0,,,
2021-05-21,陵水,200.0,,,
2021-05-21,陵水,250.0,,,
2021-05-21,陵水,300.0,,,
2021-05-21,陵水,350.0,,,
2021-05-21,陵水,400.0,,,
2021-05-21,陵水,500.0,,,
2021-05-21,陵水,600.0,,,
2021-05-21,陵水,700.0,,,
2021-05-21,陵水,800.0,,,
2021-05-21,陵水,900.0,,,
2021-05-21,陵水,1000.0,,,
2021-05-21,陵水,1250.0,,,
2021-05-21,陵水,1500.0,,,
2021-05-21,陵水,2000.0,,,
2021-05-21,陵水,2500.0,,,
2021-05-21,陵水,3000.0,,,
2021-05-21,陵水,4000.0,,,
2021-05-21,陵水,5000.0,,,
2021-05-24,陵水,0.0,,,
2021-05-24,陵水,2.0,,,
2021-05-24,陵水,4.0,,,
2021-05-24,陵水,6.0,,,
2021-05-24,陵水,8.0,,,
2021-05-24,陵水,10.0,,,
2021-05-24,陵水,12.0,,,
2021-05-24,陵水,15.0,,,
2021-05-24,陵水,20.0,,,
2021-05-24,陵水,25.0,,,
2021-05-24,陵水,30.0,,,
2021-05-24,陵水,35.0,,,
2021-05-24,陵水,40.0,,,
2021-05-24,陵水,45.0,,,
2021-05-24,陵水,50.0,,,
2021-05-24,陵水,60.0,,,
2021-05-24,陵水,70.0,,,
2021-05-24,陵水,80.0,,,
2021-05-24,陵水,90.0,,,
2021-05-24,陵水,100.0,,,
2021-05-24,陵水,125.0,,,
2021-05-24,陵水,150.0,,,
2021-05-24,陵水,200.0,,,
2021-05-24,陵水,250.0,,,
2021-05-24,陵水,300.0,,,
2021-05-24,陵水,350.0,,,
2021-05-24,陵水,400.0,,,
2021-05-24,陵水,500.0,,,
2021-05-24,陵水,600.0,,,
2021-05-24,陵水,700.0,,,
2021-05-24,陵水,800.0,,,
2021-05-24,陵水,900.0,,,
2021-05-24,陵水,1000.0,,,
2021-05-24,陵水,1250.0,,,
2021-05-24,陵水,1500.0,,,
2021-05-24,陵水,2000.0,,,
2021-05-24,陵水,2500.0,,,
2021-05-24,陵水,3000.0,,,
2021-05-24,陵水,4000.0,,,
2021-05-24,陵水,5000.0,,,
2021-05-25,陵水,0.0,,,
2021-05-25,陵水,2.0,,,
2021-05-25,陵水,4.0,,,
2021-05-25,陵水,6.0,,,
2021-05-25,陵水,8.0,,,
2021-05-25,陵水,10.0,,,
2021-05-25,陵水,12.0,,,
2021-05-25,陵水,15.0,,,
2021-05-25,陵水,20.0,,,
2021-05-25,陵水,25.0,,,
2021-05-25,陵水,30.0,,,
2021-05-25,陵水,35.0,,,
2021-05-25,陵水,40.0,,,
2021-05-25,陵水,45.0,,,
2021-05-25,陵水,50.0,,,
2021-05-25,陵水,60.0,,,
2021-05-25,陵水,70.0,,,
2021-05-25,陵水,80.0,,,
2021-05-25,陵水,90.0,,,
2021-05-25,陵水,100.0,,,
2021-05-25,陵水,125.0,,,
2021-05-25,陵水,150.0,,,
2021-05-25,陵水,200.0,,,
2021-05-25,陵水,250.0,,,
2021-05-25,陵水,300.0,,,
2021-05-25,陵水,350.0,,,
2021-05-25,陵水,400.0,,,
2021-05-25,陵水,500.0,,,
2021-05-25,陵水,600.0,,,
2021-05-25,陵水,700.0,,,
2021-05-25,陵水,800.0,,,
2021-05-25,陵水,900.0,,,
2021-05-25,陵水,1000.0,,,
2021-05-25,陵水,1250.0,,,
2021-05-25,陵水,1500.0,,,
2021-05-25,陵水,2000.0,,,
2021-05-25,陵水,2500.0,,,
2021-05-25,陵水,3000.0,,,
2021-05-25,陵水,4000.0,,,
2021-05-25,陵水,5000.0,,,
2021-05-26,陵水,0.0,,,
2021-05-26,陵水,2.0,,,
2021-05-26,陵水,4.0,,,
2021-05-26,陵水,6.0,,,
2021-05-26,陵水,8.0,,,
2021-05-26,陵水,10.0,,,
2021-05-26,陵水,12.0,,,
2021-05-26,陵水,15.0,,,
2021-05-26,陵水,20.0,,,
2021-05-26,陵水,25.0,,,
2021-05-26,陵水,30.0,,,
2021-05-26,陵水,35.0,,,
2021-05-26,陵水,40.0,,,
2021-05-26,陵水,45.0,,,
2021-05-26,陵水,50.0,,,
2021-05-26,陵水,60.0,,,
2021-05-26,陵水,70.0,,,
2021-05-26,陵水,80.0,,,
2021-05-26,陵水,90.0,,,
2021-05-26,陵水,100.0,,,
2021-05-26,陵水,125.0,,,
2021-05-26,陵水,150.0,,,
2021-05-26,陵水,200.0,,,
2021-05-26,陵水,250.0,,,
2021-05-26,陵水,300.0,,,
2021-05-26,陵水,350.0,,,
2021-05-26,陵水,400.0,,,
2021-05-26,陵水,500.0,,,
2021-05-26,陵水,600.0,,,
2021-05-26,陵水,700.0,,,
2021-05-26,陵水,800.0,,,
2021-05-26,陵水,900.0,,,
2021-05-26,陵水,1000.0,,,
2021-05-26,陵水,1250.0,,,
2021-05-26,陵水,1500.0,,,
2021-05-26,陵水,2000.0,,,
2021-05-26,陵水,2500.0,,,
2021-05-26,陵水,3000.0,,,
2021-05-26,陵水,4000.0,,,
2021-05-26,陵水,5000.0,,,
2021-05-27,陵水,0.0,,,
2021-05-27,陵水,2.0,,,
2021-05-27,陵水,4.0,,,
2021-05-27,陵水,6.0,,,
2021-05-27,陵水,8.0,,,
2021-05-27,陵水,10.0,,,
2021-05-27,陵水,12.0,,,
2021-05-27,陵水,15.0,,,
2021-05-27,陵水,20.0,,,
2021-05-27,陵水,25.0,,,
2021-05-27,陵水,30.0,,,
2021-05-27,陵水,35.0,,,
2021-05-27,陵水,40.0,,,
2021-05-27,陵水,45.0,,,
2021-05-27,陵水,50.0,,,
2021-05-27,陵水,60.0,,,
2021-05-27,陵水,70.0,,,
2021-05-27,陵水,80.0,,,
2021-05-27,陵水,90.0,,,
2021-05-27,陵水,100.0,,,
2021-05-27,陵水,125.0,,,
2021-05-27,陵水,150.0,,,
2021-05-27,陵水,200.0,,,
2021-05-27,陵水,250.0,,,
2021-05-27,陵水,300.0,,,
2021-05-27,陵水,350.0,,,
2021-05-27,陵水,400.0,,,
2021-05-27,陵水,500.0,,,
2021-05-27,陵水,600.0,,,
2021-05-27,陵水,700.0,,,
2021-05-27,陵水,800.0,,,
2021-05-27,陵水,900.0,,,
2021-05-27,陵水,1000.0,,,
2021-05-27,陵水,1250.0,,,
2021-05-27,陵水,1500.0,,,
2021-05-27,陵水,2000.0,,,
2021-05-27,陵水,2500.0,,,
2021-05-27,陵水,3000.0,,,
2021-05-27,陵水,4000.0,,,
2021-05-27,陵水,5000.0,,,
2021-05-29,陵水,0.0,,,
2021-05-29,陵水,2.0,,,
2021-05-29,陵水,4.0,,,
2021-05-29,陵水,6.0,,,
2021-05-29,陵水,8.0,,,
2021-05-29,陵水,10.0,,,
2021-05-29,陵水,12.0,,,
2021-05-29,陵水,15.0,,,
2021-05-29,陵水,20.0,,,
2021-05-29,陵水,25.0,,,
2021-05-29,陵水,30.0,,,
2021-05-29,陵水,35.0,,,
2021-05-29,陵水,40.0,,,
2021-05-29,陵水,45.0,,,
2021-05-29,陵水,50.0,,,
2021-05-29,陵水,60.0,,,
2021-05-29,陵水,70.0,,,
2021-05-29,陵水,80.0,,,
2021-05-29,陵水,90.0,,,
2021-05-29,陵水,100.0,,,
2021-05-29,陵水,125.0,,,
2021-05-29,陵水,150.0,,,
2021-05-29,陵水,200.0,,,
2021-05-29,陵水,250.0,,,
2021-05-29,陵水,300.0,,,
2021-05-29,陵水,350.0,,,
2021-05-29,陵水,400.0,,,
2021-05-29,陵水,500.0,,,
2021-05-29,陵水,600.0,,,
2021-05-29,陵水,700.0,,,
2021-05-29,陵水,800.0,,,
2021-05-29,陵水,900.0,,,
2021-05-29,陵水,1000.0,,,
2021-05-29,陵水,1250.0,,,
2021-05-29,陵水,1500.0,,,
2021-05-29,陵水,2000.0,,,
2021-05-29,陵水,2500.0,,,
2021-05-29,陵水,3000.0,,,
2021-05-29,陵水,4000.0,,,
2021-05-29,陵水,5000.0,,,
2021-05-30,陵水,0.0,,,
2021-05-30,陵水,2.0,,,
2021-05-30,陵水,4.0,,,
2021-05-30,陵水,6.0,,,
2021-05-30,陵水,8.0,,,
2021-05-30,陵水,10.0,,,
2021-05-30,陵水,12.0,,,
2021-05-30,陵水,15.0,,,
2021-05-30,陵水,20.0,,,
2021-05-30,陵水,25.0,,,
2021-05-30,陵水,30.0,,,
2021-05-30,陵水,35.0,,,
2021-05-30,陵水,40.0,,,
2021-05-30,陵水,45.0,,,
2021-05-30,陵水,50.0,,,
2021-05-30,陵水,60.0,,,
2021-05-30,陵水,70.0,,,
2021-05-30,陵水,80.0,,,
2021-05-30,陵水,90.0,,,
2021-05-30,陵水,100.0,,,
2021-05-30,陵水,125.0,,,
2021-05-30,陵水,150.0,,,
2021-05-30,陵水,200.0,,,
2021-05-30,陵水,250.0,,,
2021-05-30,陵水,300.0,,,
2021-05-30,陵水,350.0,,,
2021-05-30,陵水,400.0,,,
2021-05-30,陵水,500.0,,,
2021-05-30,陵水,600.0,,,
2021-05-30,陵水,700.0,,,
2021-05-30,陵水,800.0,,,
2021-05-30,陵水,900.0,,,
2021-05-30,陵水,1000.0,,,
2021-05-30,陵水,1250.0,,,
2021-05-30,陵水,1500.0,,,
2021-05-30,陵水,2000.0,,,
2021-05-30,陵水,2500.0,,,
2021-05-30,陵水,3000.0,,,
2021-05-30,陵水,4000.0,,,
2021-05-30,陵水,5000.0,,,
2021-05-31,陵水,0.0,,,
2021-05-31,陵水,2.0,,,
2021-05-31,陵水,4.0,,,
2021-05-31,陵水,6.0,,,
2021-05-31,陵水,8.0,,,
2021-05-31,陵水,10.0,,,
2021-05-31,陵水,12.0,,,
2021-05-31,陵水,15.0,,,
2021-05-31,陵水,20.0,,,
2021-05-31,陵水,25.0,,,
2021-05-31,陵水,30.0,,,
2021-05-31,陵水,35.0,,,
2021-05-31,陵水,40.0,,,
2021-05-31,陵水,45.0,,,
2021-05-31,陵水,50.0,,,
2021-05-31,陵水,60.0,,,
2021-05-31,陵水,70.0,,,
2021-05-31,陵水,80.0,,,
2021-05-31,陵水,90.0,,,
2021-05-31,陵水,100.0,,,
2021-05-31,陵水,125.0,,,
2021-05-31,陵水,150.0,,,
2021-05-31,陵水,200.0,,,
2021-05-31,陵水,250.0,,,
2021-05-31,陵水,300.0,,,
2021-05-31,陵水,350.0,,,
2021-05-31,陵水,400.0,,,
2021-05-31,陵水,500.0,,,
2021-05-31,陵水,600.0,,,
2021-05-31,陵水,700.0,,,
2021-05-31,陵水,800.0,,,
2021-05-31,陵水,900.0,,,
2021-05-31,陵水,1000.0,,,
2021-05-31,陵水,1250.0,,,
2021-05-31,陵水,1500.0,,,
2021-05-31,陵水,2000.0,,,
2021-05-31,陵水,2500.0,,,
2021-05-31,陵水,3000.0,,,
2021-05-31,陵水,4000.0,,,
2021-05-31,陵水,5000.0,,,
2021-06-02,陵水,0.0,,,
2021-06-02,陵水,2.0,,,
2021-06-02,陵水,4.0,,,
2021-06-02,陵水,6.0,,,
2021-06-02,陵水,8.0,,,
2021-06-02,陵水,10.0,,,
2021-06-02,陵水,12.0,,,
2021-06-02,陵水,15.0,,,
2021-06-02,陵水,20.0,,,
2021-06-02,陵水,25.0,,,
2021-06-02,陵水,30.0,,,
2021-06-02,陵水,35.0,,,
2021-06-02,陵水,40.0,,,
2021-06-02,陵水,45.0,,,
2021-06-02,陵水,50.0,,,
2021-06-02,陵水,60.0,,,
2021-06-02,陵水,70.0,,,
2021-06-02,陵水,80.0,,,
2021-06-02,陵水,90.0,,,
2021-06-02,陵水,100.0,,,
2021-06-02,陵水,125.0,,,
2021-06-02,陵水,150.0,,,
2021-06-02,陵水,200.0,,,
2021-06-02,陵水,250.0,,,
2021-06-02,陵水,300.0,,,
2021-06-02,陵水,350.0,,,
2021-06-02,陵水,400.0,,,
2021-06-02,陵水,500.0,,,
2021-06-02,陵水,600.0,,,
2021-06-02,陵水,700.0,,,
2021-06-02,陵水,800.0,,,
2021-06-02,陵水,900.0,,,
2021-06-02,陵水,1000.0,,,
2021-06-02,陵水,1250.0,,,
2021-06-02,陵水,1500.0,,,
2021-06-02,陵水,2000.0,,,
2021-06-02,陵水,2500.0,,,
2021-06-02,陵水,3000.0,,,
2021-06-02,陵水,4000.0,,,
2021-06-02,陵水,5000.0,,,
2021-06-03,陵水,0.0,,,
2021-06-03,陵水,2.0,,,
2021-06-03,陵水,4.0,,,
2021-06-03,陵水,6.0,,,
2021-06-03,陵水,8.0,,,
2021-06-03,陵水,10.0,,,
2021-06-03,陵水,12.0,,,
2021-06-03,陵水,15.0,,,
2021-06-03,陵水,20.0,,,
2021-06-03,陵水,25.0,,,
2021-06-03,陵水,30.0,,,
2021-06-03,陵水,35.0,,,
2021-06-03,陵水,40.0,,,
2021-06-03,陵水,45.0,,,
2021-06-03,陵水,50.0,,,
2021-06-03,陵水,60.0,,,
2021-06-03,陵水,70.0,,,
2021-06-03,陵水,80.0,,,
2021-06-03,陵水,90.0,,,
2021-06-03,陵水,100.0,,,
2021-06-03,陵水,125.0,,,
2021-06-03,陵水,150.0,,,
2021-06-03,陵水,200.0,,,
2021-06-03,陵水,250.0,,,
2021-06-03,陵水,300.0,,,
2021-06-03,陵水,350.0,,,
2021-06-03,陵水,400.0,,,
2021-06-03,陵水,500.0,,,
2021-06-03,陵水,600.0,,,
2021-06-03,陵水,700.0,,,
2021-06-03,陵水,800.0,,,
2021-06-03,陵水,900.0,,,
2021-06-03,陵水,1000.0,,,
2021-06-03,陵水,1250.0,,,
2021-06-03,陵水,1500.0,,,
2021-06-03,陵水,2000.0,,,
2021-06-03,陵水,2500.0,,,
2021-06-03,陵水,3000.0,,,
2021-06-03,陵水,4000.0,,,
2021-06-03,陵水,5000.0,,,
2021-06-04,陵水,0.0,,,
2021-06-04,陵水,2.0,,,
2021-06-04,陵水,4.0,,,
2021-06-04,陵水,6.0,,,
2021-06-04,陵水,8.0,,,
2021-06-04,陵水,10.0,,,
2021-06-04,陵水,12.0,,,
2021-06-04,陵水,15.0,,,
2021-06-04,陵水,20.0,,,
2021-06-04,陵水,25.0,,,
2021-06-04,陵水,30.0,,,
2021-06-04,陵水,35.0,,,
2021-06-04,陵水,40.0,,,
2021-06-04,陵水,45.0,,,
2021-06-04,陵水,50.0,,,
2021-06-04,陵水,60.0,,,
2021-06-04,陵水,70.0,,,
2021-06-04,陵水,80.0,,,
2021-06-04,陵水,90.0,,,
2021-06-04,陵水,100.0,,,
2021-06-04,陵水,125.0,,,
2021-06-04,陵水,150.0,,,
2021-06-04,陵水,200.0,,,
2021-06-04,陵水,250.0,,,
2021-06-04,陵水,300.0,,,
2021-06-04,陵水,350.0,,,
2021-06-04,陵水,400.0,,,
2021-06-04,陵水,500.0,,,
2021-06-04,陵水,600.0,,,
2021-06-04,陵水,700.0,,,
2021-06-04,陵水,800.0,,,
2021-06-04,陵水,900.0,,,
2021-06-04,陵水,1000.0,,,
2021-06-04,陵水,1250.0,,,
2021-06-04,陵水,1500.0,,,
2021-06-04,陵水,2000.0,,,
2021-06-04,陵水,2500.0,,,
2021-06-04,陵水,3000.0,,,
2021-06-04,陵水,4000.0,,,
2021-06-04,陵水,5000.0,,,
2021-06-07,陵水,0.0,,,
2021-06-07,陵水,2.0,,,
2021-06-07,陵水,4.0,,,
2021-06-07,陵水,6.0,,,
2021-06-07,陵水,8.0,,,
2021-06-07,陵水,10.0,,,
2021-06-07,陵水,12.0,,,
2021-06-07,陵水,15.0,,,
2021-06-07,陵水,20.0,,,
2021-06-07,陵水,25.0,,,
2021-06-07,陵水,30.0,,,
2021-06-07,陵水,35.0,,,
2021-06-07,陵水,40.0,,,
2021-06-07,陵水,45.0,,,
2021-06-07,陵水,50.0,,,
2021-06-07,陵水,60.0,,,
2021-06-07,陵水,70.0,,,
2021-06-07,陵水,80.0,,,
2021-06-07,陵水,90.0,,,
2021-06-07,陵水,100.0,,,
2021-06-07,陵水,125.0,,,
2021-06-07,陵水,150.0,,,
2021-06-07,陵水,200.0,,,
2021-06-07,陵水,250.0,,,
2021-06-07,陵水,300.0,,,
2021-06-07,陵水,350.0,,,
2021-06-07,陵水,400.0,,,
2021-06-07,陵水,500.0,,,
2021-06-07,陵水,600.0,,,
2021-06-07,陵水,700.0,,,
2021-06-07,陵水,800.0,,,
2021-06-07,陵水,900.0,,,
2021-06-07,陵水,1000.0,,,
2021-06-07,陵水,1250.0,,,
2021-06-07,陵水,1500.0,,,
2021-06-07,陵水,2000.0,,,
2021-06-07,陵水,2500.0,,,
2021-06-07,陵水,3000.0,,,
2021-06-07,陵水,4000.0,,,
2021-06-07,陵水,5000.0,,,
2021-06-06,陵水,0.0,,,
2021-06-06,陵水,2.0,,,
2021-06-06,陵水,4.0,,,
2021-06-06,陵水,6.0,,,
2021-06-06,陵水,8.0,,,
2021-06-06,陵水,10.0,,,
2021-06-06,陵水,12.0,,,
2021-06-06,陵水,15.0,,,
2021-06-06,陵水,20.0,,,
2021-06-06,陵水,25.0,,,
2021-06-06,陵水,30.0,,,
2021-06-06,陵水,35.0,,,
2021-06-06,陵水,40.0,,,
2021-06-06,陵水,45.0,,,
2021-06-06,陵水,50.0,,,
2021-06-06,陵水,60.0,,,
2021-06-06,陵水,70.0,,,
2021-06-06,陵水,80.0,,,
2021-06-06,陵水,90.0,,,
2021-06-06,陵水,100.0,,,
2021-06-06,陵水,125.0,,,
2021-06-06,陵水,150.0,,,
2021-06-06,陵水,200.0,,,
2021-06-06,陵水,250.0,,,
2021-06-06,陵水,300.0,,,
2021-06-06,陵水,350.0,,,
2021-06-06,陵水,400.0,,,
2021-06-06,陵水,500.0,,,
2021-06-06,陵水,600.0,,,
2021-06-06,陵水,700.0,,,
2021-06-06,陵水,800.0,,,
2021-06-06,陵水,900.0,,,
2021-06-06,陵水,1000.0,,,
2021-06-06,陵水,1250.0,,,
2021-06-06,陵水,1500.0,,,
2021-06-06,陵水,2000.0,,,
2021-06-06,陵水,2500.0,,,
2021-06-06,陵水,3000.0,,,
2021-06-06,陵水,4000.0,,,
2021-06-06,陵水,5000.0,,,
2021-06-08,陵水,0.0,,,
2021-06-08,陵水,2.0,,,
2021-06-08,陵水,4.0,,,
2021-06-08,陵水,6.0,,,
2021-06-08,陵水,8.0,,,
2021-06-08,陵水,10.0,,,
2021-06-08,陵水,12.0,,,
2021-06-08,陵水,15.0,,,
2021-06-08,陵水,20.0,,,
2021-06-08,陵水,25.0,,,
2021-06-08,陵水,30.0,,,
2021-06-08,陵水,35.0,,,
2021-06-08,陵水,40.0,,,
2021-06-08,陵水,45.0,,,
2021-06-08,陵水,50.0,,,
2021-06-08,陵水,60.0,,,
2021-06-08,陵水,70.0,,,
2021-06-08,陵水,80.0,,,
2021-06-08,陵水,90.0,,,
2021-06-08,陵水,100.0,,,
2021-06-08,陵水,125.0,,,
2021-06-08,陵水,150.0,,,
2021-06-08,陵水,200.0,,,
2021-06-08,陵水,250.0,,,
2021-06-08,陵水,300.0,,,
2021-06-08,陵水,350.0,,,
2021-06-08,陵水,400.0,,,
2021-06-08,陵水,500.0,,,
2021-06-08,陵水,600.0,,,
2021-06-08,陵水,700.0,,,
2021-06-08,陵水,800.0,,,
2021-06-08,陵水,900.0,,,
2021-06-08,陵水,1000.0,,,
2021-06-08,陵水,1250.0,,,
2021-06-08,陵水,1500.0,,,
2021-06-08,陵水,2000.0,,,
2021-06-08,陵水,2500.0,,,
2021-06-08,陵水,3000.0,,,
2021-06-08,陵水,4000.0,,,
2021-06-08,陵水,5000.0,,,
2021-06-09,陵水,0.0,,,
2021-06-09,陵水,2.0,,,
2021-06-09,陵水,4.0,,,
2021-06-09,陵水,6.0,,,
2021-06-09,陵水,8.0,,,
2021-06-09,陵水,10.0,,,
2021-06-09,陵水,12.0,,,
2021-06-09,陵水,15.0,,,
2021-06-09,陵水,20.0,,,
2021-06-09,陵水,25.0,,,
2021-06-09,陵水,30.0,,,
2021-06-09,陵水,35.0,,,
2021-06-09,陵水,40.0,,,
2021-06-09,陵水,45.0,,,
2021-06-09,陵水,50.0,,,
2021-06-09,陵水,60.0,,,
2021-06-09,陵水,70.0,,,
2021-06-09,陵水,80.0,,,
2021-06-09,陵水,90.0,,,
2021-06-09,陵水,100.0,,,
2021-06-09,陵水,125.0,,,
2021-06-09,陵水,150.0,,,
2021-06-09,陵水,200.0,,,
2021-06-09,陵水,250.0,,,
2021-06-09,陵水,300.0,,,
2021-06-09,陵水,350.0,,,
2021-06-09,陵水,400.0,,,
2021-06-09,陵水,500.0,,,
2021-06-09,陵水,600.0,,,
2021-06-09,陵水,700.0,,,
2021-06-09,陵水,800.0,,,
2021-06-09,陵水,900.0,,,
2021-06-09,陵水,1000.0,,,
2021-06-09,陵水,1250.0,,,
2021-06-09,陵水,1500.0,,,
2021-06-09,陵水,2000.0,,,
2021-06-09,陵水,2500.0,,,
2021-06-09,陵水,3000.0,,,
2021-06-09,陵水,4000.0,,,
2021-06-09,陵水,5000.0,,,
2021-06-10,陵水,0.0,,,
2021-06-10,陵水,2.0,,,
2021-06-10,陵水,4.0,,,
2021-06-10,陵水,6.0,,,
2021-06-10,陵水,8.0,,,
2021-06-10,陵水,10.0,,,
2021-06-10,陵水,12.0,,,
2021-06-10,陵水,15.0,,,
2021-06-10,陵水,20.0,,,
2021-06-10,陵水,25.0,,,
2021-06-10,陵水,30.0,,,
2021-06-10,陵水,35.0,,,
2021-06-10,陵水,40.0,,,
2021-06-10,陵水,45.0,,,
2021-06-10,陵水,50.0,,,
2021-06-10,陵水,60.0,,,
2021-06-10,陵水,70.0,,,
2021-06-10,陵水,80.0,,,
2021-06-10,陵水,90.0,,,
2021-06-10,陵水,100.0,,,
2021-06-10,陵水,125.0,,,
2021-06-10,陵水,150.0,,,
2021-06-10,陵水,200.0,,,
2021-06-10,陵水,250.0,,,
2021-06-10,陵水,300.0,,,
2021-06-10,陵水,350.0,,,
2021-06-10,陵水,400.0,,,
2021-06-10,陵水,500.0,,,
2021-06-10,陵水,600.0,,,
2021-06-10,陵水,700.0,,,
2021-06-10,陵水,800.0,,,
2021-06-10,陵水,900.0,,,
2021-06-10,陵水,1000.0,,,
2021-06-10,陵水,1250.0,,,
2021-06-10,陵水,1500.0,,,
2021-06-10,陵水,2000.0,,,
2021-06-10,陵水,2500.0,,,
2021-06-10,陵水,3000.0,,,
2021-06-10,陵水,4000.0,,,
2021-06-10,陵水,5000.0,,,
2021-06-11,陵水,0.0,,,
2021-06-11,陵水,2.0,,,
2021-06-11,陵水,4.0,,,
2021-06-11,陵水,6.0,,,
2021-06-11,陵水,8.0,,,
2021-06-11,陵水,10.0,,,
2021-06-11,陵水,12.0,,,
2021-06-11,陵水,15.0,,,
2021-06-11,陵水,20.0,,,
2021-06-11,陵水,25.0,,,
2021-06-11,陵水,30.0,,,
2021-06-11,陵水,35.0,,,
2021-06-11,陵水,40.0,,,
2021-06-11,陵水,45.0,,,
2021-06-11,陵水,50.0,,,
2021-06-11,陵水,60.0,,,
2021-06-11,陵水,70.0,,,
2021-06-11,陵水,80.0,,,
2021-06-11,陵水,90.0,,,
2021-06-11,陵水,100.0,,,
2021-06-11,陵水,125.0,,,
2021-06-11,陵水,150.0,,,
2021-06-11,陵水,200.0,,,
2021-06-11,陵水,250.0,,,
2021-06-11,陵水,300.0,,,
2021-06-11,陵水,350.0,,,
2021-06-11,陵水,400.0,,,
2021-06-11,陵水,500.0,,,
2021-06-11,陵水,600.0,,,
2021-06-11,陵水,700.0,,,
2021-06-11,陵水,800.0,,,
2021-06-11,陵水,900.0,,,
2021-06-11,陵水,1000.0,,,
2021-06-11,陵水,1250.0,,,
2021-06-11,陵水,1500.0,,,
2021-06-11,陵水,2000.0,,,
2021-06-11,陵水,2500.0,,,
2021-06-11,陵水,3000.0,,,
2021-06-11,陵水,4000.0,,,
2021-06-11,陵水,5000.0,,,
2021-06-12,陵水,0.0,,,
2021-06-12,陵水,2.0,,,
2021-06-12,陵水,4.0,,,
2021-06-12,陵水,6.0,,,
2021-06-12,陵水,8.0,,,
2021-06-12,陵水,10.0,,,
2021-06-12,陵水,12.0,,,
2021-06-12,陵水,15.0,,,
2021-06-12,陵水,20.0,,,
2021-06-12,陵水,25.0,,,
2021-06-12,陵水,30.0,,,
2021-06-12,陵水,35.0,,,
2021-06-12,陵水,40.0,,,
2021-06-12,陵水,45.0,,,
2021-06-12,陵水,50.0,,,
2021-06-12,陵水,60.0,,,
2021-06-12,陵水,70.0,,,
2021-06-12,陵水,80.0,,,
2021-06-12,陵水,90.0,,,
2021-06-12,陵水,100.0,,,
2021-06-12,陵水,125.0,,,
2021-06-12,陵水,150.0,,,
2021-06-12,陵水,200.0,,,
2021-06-12,陵水,250.0,,,
2021-06-12,陵水,300.0,,,
2021-06-12,陵水,350.0,,,
2021-06-12,陵水,400.0,,,
2021-06-12,陵水,500.0,,,
2021-06-12,陵水,600.0,,,
2021-06-12,陵水,700.0,,,
2021-06-12,陵水,800.0,,,
2021-06-12,陵水,900.0,,,
2021-06-12,陵水,1000.0,,,
2021-06-12,陵水,1250.0,,,
2021-06-12,陵水,1500.0,,,
2021-06-12,陵水,2000.0,,,
2021-06-12,陵水,2500.0,,,
2021-06-12,陵水,3000.0,,,
2021-06-12,陵水,4000.0,,,
2021-06-12,陵水,5000.0,,,
2021-06-13,陵水,0.0,,,
2021-06-13,陵水,2.0,,,
2021-06-13,陵水,4.0,,,
2021-06-13,陵水,6.0,,,
2021-06-13,陵水,8.0,,,
2021-06-13,陵水,10.0,,,
2021-06-13,陵水,12.0,,,
2021-06-13,陵水,15.0,,,
2021-06-13,陵水,20.0,,,
2021-06-13,陵水,25.0,,,
2021-06-13,陵水,30.0,,,
2021-06-13,陵水,35.0,,,
2021-06-13,陵水,40.0,,,
2021-06-13,陵水,45.0,,,
2021-06-13,陵水,50.0,,,
2021-06-13,陵水,60.0,,,
2021-06-13,陵水,70.0,,,
2021-06-13,陵水,80.0,,,
2021-06-13,陵水,90.0,,,
2021-06-13,陵水,100.0,,,
2021-06-13,陵水,125.0,,,
2021-06-13,陵水,150.0,,,
2021-06-13,陵水,200.0,,,
2021-06-13,陵水,250.0,,,
2021-06-13,陵水,300.0,,,
2021-06-13,陵水,350.0,,,
2021-06-13,陵水,400.0,,,
2021-06-13,陵水,500.0,,,
2021-06-13,陵水,600.0,,,
2021-06-13,陵水,700.0,,,
2021-06-13,陵水,800.0,,,
2021-06-13,陵水,900.0,,,
2021-06-13,陵水,1000.0,,,
2021-06-13,陵水,1250.0,,,
2021-06-13,陵水,1500.0,,,
2021-06-13,陵水,2000.0,,,
2021-06-13,陵水,2500.0,,,
2021-06-13,陵水,3000.0,,,
2021-06-13,陵水,4000.0,,,
2021-06-13,陵水,5000.0,,,
2021-06-14,陵水,0.0,,,
2021-06-14,陵水,2.0,,,
2021-06-14,陵水,4.0,,,
2021-06-14,陵水,6.0,,,
2021-06-14,陵水,8.0,,,
2021-06-14,陵水,10.0,,,
2021-06-14,陵水,12.0,,,
2021-06-14,陵水,15.0,,,
2021-06-14,陵水,20.0,,,
2021-06-14,陵水,25.0,,,
2021-06-14,陵水,30.0,,,
2021-06-14,陵水,35.0,,,
2021-06-14,陵水,40.0,,,
2021-06-14,陵水,45.0,,,
2021-06-14,陵水,50.0,,,
2021-06-14,陵水,60.0,,,
2021-06-14,陵水,70.0,,,
2021-06-14,陵水,80.0,,,
2021-06-14,陵水,90.0,,,
2021-06-14,陵水,100.0,,,
2021-06-14,陵水,125.0,,,
2021-06-14,陵水,150.0,,,
2021-06-14,陵水,200.0,,,
2021-06-14,陵水,250.0,,,
2021-06-14,陵水,300.0,,,
2021-06-14,陵水,350.0,,,
2021-06-14,陵水,400.0,,,
2021-06-14,陵水,500.0,,,
2021-06-14,陵水,600.0,,,
2021-06-14,陵水,700.0,,,
2021-06-14,陵水,800.0,,,
2021-06-14,陵水,900.0,,,
2021-06-14,陵水,1000.0,,,
2021-06-14,陵水,1250.0,,,
2021-06-14,陵水,1500.0,,,
2021-06-14,陵水,2000.0,,,
2021-06-14,陵水,2500.0,,,
2021-06-14,陵水,3000.0,,,
2021-06-14,陵水,4000.0,,,
2021-06-14,陵水,5000.0,,,
2021-06-15,陵水,0.0,,,
2021-06-15,陵水,2.0,,,
2021-06-15,陵水,4.0,,,
2021-06-15,陵水,6.0,,,
2021-06-15,陵水,8.0,,,
2021-06-15,陵水,10.0,,,
2021-06-15,陵水,12.0,,,
2021-06-15,陵水,15.0,,,
2021-06-15,陵水,20.0,,,
2021-06-15,陵水,25.0,,,
2021-06-15,陵水,30.0,,,
2021-06-15,陵水,35.0,,,
2021-06-15,陵水,40.0,,,
2021-06-15,陵水,45.0,,,
2021-06-15,陵水,50.0,,,
2021-06-15,陵水,60.0,,,
2021-06-15,陵水,70.0,,,
2021-06-15,陵水,80.0,,,
2021-06-15,陵水,90.0,,,
2021-06-15,陵水,100.0,,,
2021-06-15,陵水,125.0,,,
2021-06-15,陵水,150.0,,,
2021-06-15,陵水,200.0,,,
2021-06-15,陵水,250.0,,,
2021-06-15,陵水,300.0,,,
2021-06-15,陵水,350.0,,,
2021-06-15,陵水,400.0,,,
2021-06-15,陵水,500.0,,,
2021-06-15,陵水,600.0,,,
2021-06-15,陵水,700.0,,,
2021-06-15,陵水,800.0,,,
2021-06-15,陵水,900.0,,,
2021-06-15,陵水,1000.0,,,
2021-06-15,陵水,1250.0,,,
2021-06-15,陵水,1500.0,,,
2021-06-15,陵水,2000.0,,,
2021-06-15,陵水,2500.0,,,
2021-06-15,陵水,3000.0,,,
2021-06-15,陵水,4000.0,,,
2021-06-15,陵水,5000.0,,,
2021-06-17,陵水,0.0,,,
2021-06-17,陵水,2.0,,,
2021-06-17,陵水,4.0,,,
2021-06-17,陵水,6.0,,,
2021-06-17,陵水,8.0,,,
2021-06-17,陵水,10.0,,,
2021-06-17,陵水,12.0,,,
2021-06-17,陵水,15.0,,,
2021-06-17,陵水,20.0,,,
2021-06-17,陵水,25.0,,,
2021-06-17,陵水,30.0,,,
2021-06-17,陵水,35.0,,,
2021-06-17,陵水,40.0,,,
2021-06-17,陵水,45.0,,,
2021-06-17,陵水,50.0,,,
2021-06-17,陵水,60.0,,,
2021-06-17,陵水,70.0,,,
2021-06-17,陵水,80.0,,,
2021-06-17,陵水,90.0,,,
2021-06-17,陵水,100.0,,,
2021-06-17,陵水,125.0,,,
2021-06-17,陵水,150.0,,,
2021-06-17,陵水,200.0,,,
2021-06-17,陵水,250.0,,,
2021-06-17,陵水,300.0,,,
2021-06-17,陵水,350.0,,,
2021-06-17,陵水,400.0,,,
2021-06-17,陵水,500.0,,,
2021-06-17,陵水,600.0,,,
2021-06-17,陵水,700.0,,,
2021-06-17,陵水,800.0,,,
2021-06-17,陵水,900.0,,,
2021-06-17,陵水,1000.0,,,
2021-06-17,陵水,1250.0,,,
2021-06-17,陵水,1500.0,,,
2021-06-17,陵水,2000.0,,,
2021-06-17,陵水,2500.0,,,
2021-06-17,陵水,3000.0,,,
2021-06-17,陵水,4000.0,,,
2021-06-17,陵水,5000.0,,,
2021-06-16,陵水,0.0,,,
2021-06-16,陵水,2.0,,,
2021-06-16,陵水,4.0,,,
2021-06-16,陵水,6.0,,,
2021-06-16,陵水,8.0,,,
2021-06-16,陵水,10.0,,,
2021-06-16,陵水,12.0,,,
2021-06-16,陵水,15.0,,,
2021-06-16,陵水,20.0,,,
2021-06-16,陵水,25.0,,,
2021-06-16,陵水,30.0,,,
2021-06-16,陵水,35.0,,,
2021-06-16,陵水,40.0,,,
2021-06-16,陵水,45.0,,,
2021-06-16,陵水,50.0,,,
2021-06-16,陵水,60.0,,,
2021-06-16,陵水,70.0,,,
2021-06-16,陵水,80.0,,,
2021-06-16,陵水,90.0,,,
2021-06-16,陵水,100.0,,,
2021-06-16,陵水,125.0,,,
2021-06-16,陵水,150.0,,,
2021-06-16,陵水,200.0,,,
2021-06-16,陵水,250.0,,,
2021-06-16,陵水,300.0,,,
2021-06-16,陵水,350.0,,,
2021-06-16,陵水,400.0,,,
2021-06-16,陵水,500.0,,,
2021-06-16,陵水,600.0,,,
2021-06-16,陵水,700.0,,,
2021-06-16,陵水,800.0,,,
2021-06-16,陵水,900.0,,,
2021-06-16,陵水,1000.0,,,
2021-06-16,陵水,1250.0,,,
2021-06-16,陵水,1500.0,,,
2021-06-16,陵水,2000.0,,,
2021-06-16,陵水,2500.0,,,
2021-06-16,陵水,3000.0,,,
2021-06-16,陵水,4000.0,,,
2021-06-16,陵水,5000.0,,,
2021-06-18,陵水,0.0,,,
2021-06-18,陵水,2.0,,,
2021-06-18,陵水,4.0,,,
2021-06-18,陵水,6.0,,,
2021-06-18,陵水,8.0,,,
2021-06-18,陵水,10.0,,,
2021-06-18,陵水,12.0,,,
2021-06-18,陵水,15.0,,,
2021-06-18,陵水,20.0,,,
2021-06-18,陵水,25.0,,,
2021-06-18,陵水,30.0,,,
2021-06-18,陵水,35.0,,,
2021-06-18,陵水,40.0,,,
2021-06-18,陵水,45.0,,,
2021-06-18,陵水,50.0,,,
2021-06-18,陵水,60.0,,,
2021-06-18,陵水,70.0,,,
2021-06-18,陵水,80.0,,,
2021-06-18,陵水,90.0,,,
2021-06-18,陵水,100.0,,,
2021-06-18,陵水,125.0,,,
2021-06-18,陵水,150.0,,,
2021-06-18,陵水,200.0,,,
2021-06-18,陵水,250.0,,,
2021-06-18,陵水,300.0,,,
2021-06-18,陵水,350.0,,,
2021-06-18,陵水,400.0,,,
2021-06-18,陵水,500.0,,,
2021-06-18,陵水,600.0,,,
2021-06-18,陵水,700.0,,,
2021-06-18,陵水,800.0,,,
2021-06-18,陵水,900.0,,,
2021-06-18,陵水,1000.0,,,
2021-06-18,陵水,1250.0,,,
2021-06-18,陵水,1500.0,,,
2021-06-18,陵水,2000.0,,,
2021-06-18,陵水,2500.0,,,
2021-06-18,陵水,3000.0,,,
2021-06-18,陵水,4000.0,,,
2021-06-18,陵水,5000.0,,,
2021-06-21,陵水,0.0,,,
2021-06-21,陵水,2.0,,,
2021-06-21,陵水,4.0,,,
2021-06-21,陵水,6.0,,,
2021-06-21,陵水,8.0,,,
2021-06-21,陵水,10.0,,,
2021-06-21,陵水,12.0,,,
2021-06-21,陵水,15.0,,,
2021-06-21,陵水,20.0,,,
2021-06-21,陵水,25.0,,,
2021-06-21,陵水,30.0,,,
2021-06-21,陵水,35.0,,,
2021-06-21,陵水,40.0,,,
2021-06-21,陵水,45.0,,,
2021-06-21,陵水,50.0,,,
2021-06-21,陵水,60.0,,,
2021-06-21,陵水,70.0,,,
2021-06-21,陵水,80.0,,,
2021-06-21,陵水,90.0,,,
2021-06-21,陵水,100.0,,,
2021-06-21,陵水,125.0,,,
2021-06-21,陵水,150.0,,,
2021-06-21,陵水,200.0,,,
2021-06-21,陵水,250.0,,,
2021-06-21,陵水,300.0,,,
2021-06-21,陵水,350.0,,,
2021-06-21,陵水,400.0,,,
2021-06-21,陵水,500.0,,,
2021-06-21,陵水,600.0,,,
2021-06-21,陵水,700.0,,,
2021-06-21,陵水,800.0,,,
2021-06-21,陵水,900.0,,,
2021-06-21,陵水,1000.0,,,
2021-06-21,陵水,1250.0,,,
2021-06-21,陵水,1500.0,,,
2021-06-21,陵水,2000.0,,,
2021-06-21,陵水,2500.0,,,
2021-06-21,陵水,3000.0,,,
2021-06-21,陵水,4000.0,,,
2021-06-21,陵水,5000.0,,,
2021-06-22,陵水,0.0,,,
2021-06-22,陵水,2.0,,,
2021-06-22,陵水,4.0,,,
2021-06-22,陵水,6.0,,,
2021-06-22,陵水,8.0,,,
2021-06-22,陵水,10.0,,,
2021-06-22,陵水,12.0,,,
2021-06-22,陵水,15.0,,,
2021-06-22,陵水,20.0,,,
2021-06-22,陵水,25.0,,,
2021-06-22,陵水,30.0,,,
2021-06-22,陵水,35.0,,,
2021-06-22,陵水,40.0,,,
2021-06-22,陵水,45.0,,,
2021-06-22,陵水,50.0,,,
2021-06-22,陵水,60.0,,,
2021-06-22,陵水,70.0,,,
2021-06-22,陵水,80.0,,,
2021-06-22,陵水,90.0,,,
2021-06-22,陵水,100.0,,,
2021-06-22,陵水,125.0,,,
2021-06-22,陵水,150.0,,,
2021-06-22,陵水,200.0,,,
2021-06-22,陵水,250.0,,,
2021-06-22,陵水,300.0,,,
2021-06-22,陵水,350.0,,,
2021-06-22,陵水,400.0,,,
2021-06-22,陵水,500.0,,,
2021-06-22,陵水,600.0,,,
2021-06-22,陵水,700.0,,,
2021-06-22,陵水,800.0,,,
2021-06-22,陵水,900.0,,,
2021-06-22,陵水,1000.0,,,
2021-06-22,陵水,1250.0,,,
2021-06-22,陵水,1500.0,,,
2021-06-22,陵水,2000.0,,,
2021-06-22,陵水,2500.0,,,
2021-06-22,陵水,3000.0,,,
2021-06-22,陵水,4000.0,,,
2021-06-22,陵水,5000.0,,,
2021-06-20,陵水,0.0,,,
2021-06-20,陵水,2.0,,,
2021-06-20,陵水,4.0,,,
2021-06-20,陵水,6.0,,,
2021-06-20,陵水,8.0,,,
2021-06-20,陵水,10.0,,,
2021-06-20,陵水,12.0,,,
2021-06-20,陵水,15.0,,,
2021-06-20,陵水,20.0,,,
2021-06-20,陵水,25.0,,,
2021-06-20,陵水,30.0,,,
2021-06-20,陵水,35.0,,,
2021-06-20,陵水,40.0,,,
2021-06-20,陵水,45.0,,,
2021-06-20,陵水,50.0,,,
2021-06-20,陵水,60.0,,,
2021-06-20,陵水,70.0,,,
2021-06-20,陵水,80.0,,,
2021-06-20,陵水,90.0,,,
2021-06-20,陵水,100.0,,,
2021-06-20,陵水,125.0,,,
2021-06-20,陵水,150.0,,,
2021-06-20,陵水,200.0,,,
2021-06-20,陵水,250.0,,,
2021-06-20,陵水,300.0,,,
2021-06-20,陵水,350.0,,,
2021-06-20,陵水,400.0,,,
2021-06-20,陵水,500.0,,,
2021-06-20,陵水,600.0,,,
2021-06-20,陵水,700.0,,,
2021-06-20,陵水,800.0,,,
2021-06-20,陵水,900.0,,,
2021-06-20,陵水,1000.0,,,
2021-06-20,陵水,1250.0,,,
2021-06-20,陵水,1500.0,,,
2021-06-20,陵水,2000.0,,,
2021-06-20,陵水,2500.0,,,
2021-06-20,陵水,3000.0,,,
2021-06-20,陵水,4000.0,,,
2021-06-20,陵水,5000.0,,,
2021-06-23,陵水,0.0,,,
2021-06-23,陵水,2.0,,,
2021-06-23,陵水,4.0,,,
2021-06-23,陵水,6.0,,,
2021-06-23,陵水,8.0,,,
2021-06-23,陵水,10.0,,,
2021-06-23,陵水,12.0,,,
2021-06-23,陵水,15.0,,,
2021-06-23,陵水,20.0,,,
2021-06-23,陵水,25.0,,,
2021-06-23,陵水,30.0,,,
2021-06-23,陵水,35.0,,,
2021-06-23,陵水,40.0,,,
2021-06-23,陵水,45.0,,,
2021-06-23,陵水,50.0,,,
2021-06-23,陵水,60.0,,,
2021-06-23,陵水,70.0,,,
2021-06-23,陵水,80.0,,,
2021-06-23,陵水,90.0,,,
2021-06-23,陵水,100.0,,,
2021-06-23,陵水,125.0,,,
2021-06-23,陵水,150.0,,,
2021-06-23,陵水,200.0,,,
2021-06-23,陵水,250.0,,,
2021-06-23,陵水,300.0,,,
2021-06-23,陵水,350.0,,,
2021-06-23,陵水,400.0,,,
2021-06-23,陵水,500.0,,,
2021-06-23,陵水,600.0,,,
2021-06-23,陵水,700.0,,,
2021-06-23,陵水,800.0,,,
2021-06-23,陵水,900.0,,,
2021-06-23,陵水,1000.0,,,
2021-06-23,陵水,1250.0,,,
2021-06-23,陵水,1500.0,,,
2021-06-23,陵水,2000.0,,,
2021-06-23,陵水,2500.0,,,
2021-06-23,陵水,3000.0,,,
2021-06-23,陵水,4000.0,,,
2021-06-23,陵水,5000.0,,,
2021-06-19,陵水,0.0,,,
2021-06-19,陵水,2.0,,,
2021-06-19,陵水,4.0,,,
2021-06-19,陵水,6.0,,,
2021-06-19,陵水,8.0,,,
2021-06-19,陵水,10.0,,,
2021-06-19,陵水,12.0,,,
2021-06-19,陵水,15.0,,,
2021-06-19,陵水,20.0,,,
2021-06-19,陵水,25.0,,,
2021-06-19,陵水,30.0,,,
2021-06-19,陵水,35.0,,,
2021-06-19,陵水,40.0,,,
2021-06-19,陵水,45.0,,,
2021-06-19,陵水,50.0,,,
2021-06-19,陵水,60.0,,,
2021-06-19,陵水,70.0,,,
2021-06-19,陵水,80.0,,,
2021-06-19,陵水,90.0,,,
2021-06-19,陵水,100.0,,,
2021-06-19,陵水,125.0,,,
2021-06-19,陵水,150.0,,,
2021-06-19,陵水,200.0,,,
2021-06-19,陵水,250.0,,,
2021-06-19,陵水,300.0,,,
2021-06-19,陵水,350.0,,,
2021-06-19,陵水,400.0,,,
2021-06-19,陵水,500.0,,,
2021-06-19,陵水,600.0,,,
2021-06-19,陵水,700.0,,,
2021-06-19,陵水,800.0,,,
2021-06-19,陵水,900.0,,,
2021-06-19,陵水,1000.0,,,
2021-06-19,陵水,1250.0,,,
2021-06-19,陵水,1500.0,,,
2021-06-19,陵水,2000.0,,,
2021-06-19,陵水,2500.0,,,
2021-06-19,陵水,3000.0,,,
2021-06-19,陵水,4000.0,,,
2021-06-19,陵水,5000.0,,,
2021-06-24,陵水,0.0,,,
2021-06-24,陵水,2.0,,,
2021-06-24,陵水,4.0,,,
2021-06-24,陵水,6.0,,,
2021-06-24,陵水,8.0,,,
2021-06-24,陵水,10.0,,,
2021-06-24,陵水,12.0,,,
2021-06-24,陵水,15.0,,,
2021-06-24,陵水,20.0,,,
2021-06-24,陵水,25.0,,,
2021-06-24,陵水,30.0,,,
2021-06-24,陵水,35.0,,,
2021-06-24,陵水,40.0,,,
2021-06-24,陵水,45.0,,,
2021-06-24,陵水,50.0,,,
2021-06-24,陵水,60.0,,,
2021-06-24,陵水,70.0,,,
2021-06-24,陵水,80.0,,,
2021-06-24,陵水,90.0,,,
2021-06-24,陵水,100.0,,,
2021-06-24,陵水,125.0,,,
2021-06-24,陵水,150.0,,,
2021-06-24,陵水,200.0,,,
2021-06-24,陵水,250.0,,,
2021-06-24,陵水,300.0,,,
2021-06-24,陵水,350.0,,,
2021-06-24,陵水,400.0,,,
2021-06-24,陵水,500.0,,,
2021-06-24,陵水,600.0,,,
2021-06-24,陵水,700.0,,,
2021-06-24,陵水,800.0,,,
2021-06-24,陵水,900.0,,,
2021-06-24,陵水,1000.0,,,
2021-06-24,陵水,1250.0,,,
2021-06-24,陵水,1500.0,,,
2021-06-24,陵水,2000.0,,,
2021-06-24,陵水,2500.0,,,
2021-06-24,陵水,3000.0,,,
2021-06-24,陵水,4000.0,,,
2021-06-24,陵水,5000.0,,,
2021-06-26,陵水,0.0,,,
2021-06-26,陵水,2.0,,,
2021-06-26,陵水,4.0,,,
2021-06-26,陵水,6.0,,,
2021-06-26,陵水,8.0,,,
2021-06-26,陵水,10.0,,,
2021-06-26,陵水,12.0,,,
2021-06-26,陵水,15.0,,,
2021-06-26,陵水,20.0,,,
2021-06-26,陵水,25.0,,,
2021-06-26,陵水,30.0,,,
2021-06-26,陵水,35.0,,,
2021-06-26,陵水,40.0,,,
2021-06-26,陵水,45.0,,,
2021-06-26,陵水,50.0,,,
2021-06-26,陵水,60.0,,,
2021-06-26,陵水,70.0,,,
2021-06-26,陵水,80.0,,,
2021-06-26,陵水,90.0,,,
2021-06-26,陵水,100.0,,,
2021-06-26,陵水,125.0,,,
2021-06-26,陵水,150.0,,,
2021-06-26,陵水,200.0,,,
2021-06-26,陵水,250.0,,,
2021-06-26,陵水,300.0,,,
2021-06-26,陵水,350.0,,,
2021-06-26,陵水,400.0,,,
2021-06-26,陵水,500.0,,,
2021-06-26,陵水,600.0,,,
2021-06-26,陵水,700.0,,,
2021-06-26,陵水,800.0,,,
2021-06-26,陵水,900.0,,,
2021-06-26,陵水,1000.0,,,
2021-06-26,陵水,1250.0,,,
2021-06-26,陵水,1500.0,,,
2021-06-26,陵水,2000.0,,,
2021-06-26,陵水,2500.0,,,
2021-06-26,陵水,3000.0,,,
2021-06-26,陵水,4000.0,,,
2021-06-26,陵水,5000.0,,,
