date,hour,tide_height_m
2026-01-01,1,0.72
2026-01-01,2,0.51
2026-01-01,3,0.48
2026-01-01,4,0.59
2026-01-01,5,0.8
2026-01-01,6,1.02
2026-01-01,7,1.23
2026-01-01,8,1.39
2026-01-01,9,1.48
2026-01-01,10,1.5
2026-01-01,11,1.43
2026-01-01,12,1.36
2026-01-01,13,1.32
2026-01-01,14,1.39
2026-01-01,15,1.6
2026-01-01,16,1.9
2026-01-01,17,2.24
2026-01-01,18,2.5
2026-01-01,19,2.65
2026-01-01,20,2.66
2026-01-01,21,2.53
2026-01-01,22,2.28
2026-01-01,23,1.89
2026-01-01,24,1.42
2026-01-02,1,0.95
2026-01-02,2,0.53
2026-01-02,3,0.29
2026-01-02,4,0.25
2026-01-02,5,0.4
2026-01-02,6,0.66
2026-01-02,7,0.93
2026-01-02,8,1.2
2026-01-02,9,1.39
2026-01-02,10,1.51
2026-01-02,11,1.53
2026-01-02,12,1.46
2026-01-02,13,1.39
2026-01-02,14,1.36
2026-01-02,15,1.46
2026-01-02,16,1.69
2026-01-02,17,2.03
2026-01-02,18,2.4
2026-01-02,19,2.66
2026-01-02,20,2.8
2026-01-02,21,2.78
2026-01-02,22,2.61
2026-01-02,23,2.32
2026-01-02,24,1.87
2026-01-03,1,1.36
2026-01-03,2,0.83
2026-01-03,3,0.38
2026-01-03,4,0.14
2026-01-03,5,0.12
2026-01-03,6,0.31
2026-01-03,7,0.61
2026-01-03,8,0.93
2026-01-03,9,1.23
2026-01-03,10,1.43
2026-01-03,11,1.54
2026-01-03,12,1.54
2026-01-03,13,1.46
2026-01-03,14,1.39
2026-01-03,15,1.36
2026-01-03,16,1.48
2026-01-03,17,1.74
2026-01-03,18,2.12
2026-01-03,19,2.5
2026-01-03,20,2.76
2026-01-03,21,2.88
2026-01-03,22,2.83
2026-01-03,23,2.64
2026-01-03,24,2.31
2026-01-04,1,1.82
2026-01-04,2,1.28
2026-01-04,3,0.72
2026-01-04,4,0.29
2026-01-04,5,0.07
2026-01-04,6,0.09
2026-01-04,7,0.33
2026-01-04,8,0.66
2026-01-04,9,1.01
2026-01-04,10,1.3
2026-01-04,11,1.48
2026-01-04,12,1.57
2026-01-04,13,1.52
2026-01-04,14,1.44
2026-01-04,15,1.35
2026-01-04,16,1.34
2026-01-04,17,1.49
2026-01-04,18,1.77
2026-01-04,19,2.17
2026-01-04,20,2.53
2026-01-04,21,2.78
2026-01-04,22,2.87
2026-01-04,23,2.79
2026-01-04,24,2.6
2026-01-05,1,2.23
2026-01-05,2,1.74
2026-01-05,3,1.19
2026-01-05,4,0.64
2026-01-05,5,0.25
2026-01-05,6,0.07
2026-01-05,7,0.16
2026-01-05,8,0.45
2026-01-05,9,0.79
2026-01-05,10,1.14
2026-01-05,11,1.39
2026-01-05,12,1.54
2026-01-05,13,1.57
2026-01-05,14,1.5
2026-01-05,15,1.4
2026-01-05,16,1.31
2026-01-05,17,1.32
2026-01-05,18,1.49
2026-01-05,19,1.78
2026-01-05,20,2.18
2026-01-05,21,2.51
2026-01-05,22,2.73
2026-01-05,23,2.78
2026-01-05,24,2.69
2026-01-06,1,2.48
2026-01-06,2,2.1
2026-01-06,3,1.62
2026-01-06,4,1.08
2026-01-06,5,0.58
2026-01-06,6,0.26
2026-01-06,7,0.16
2026-01-06,8,0.33
2026-01-06,9,0.64
2026-01-06,10,0.98
2026-01-06,11,1.29
2026-01-06,12,1.48
2026-01-06,13,1.59
2026-01-06,14,1.57
2026-01-06,15,1.48
2026-01-06,16,1.37
2026-01-06,17,1.28
2026-01-06,18,1.32
2026-01-06,19,1.49
2026-01-06,20,1.8
2026-01-06,21,2.17
2026-01-06,22,2.44
2026-01-06,23,2.61
2026-01-06,24,2.62
2026-01-07,1,2.52
2026-01-07,2,2.29
2026-01-07,3,1.91
2026-01-07,4,1.46
2026-01-07,5,0.97
2026-01-07,6,0.56
2026-01-07,7,0.33
2026-01-07,8,0.33
2026-01-07,9,0.56
2026-01-07,10,0.87
2026-01-07,11,1.18
2026-01-07,12,1.43
2026-01-07,13,1.57
2026-01-07,14,1.63
2026-01-07,15,1.57
2026-01-07,16,1.47
2026-01-07,17,1.36
2026-01-07,18,1.28
2026-01-07,19,1.33
2026-01-07,20,1.51
2026-01-07,21,1.8
2026-01-07,22,2.1
2026-01-07,23,2.32
2026-01-07,24,2.42
2026-01-08,1,2.4
2026-01-08,2,2.29
2026-01-08,3,2.05
2026-01-08,4,1.7
2026-01-08,5,1.3
2026-01-08,6,0.88
2026-01-08,7,0.59
2026-01-08,8,0.46
2026-01-08,9,0.55
2026-01-08,10,0.81
2026-01-08,11,1.1
2026-01-08,12,1.37
2026-01-08,13,1.55
2026-01-08,14,1.65
2026-01-08,15,1.66
2026-01-08,16,1.58
2026-01-08,17,1.48
2026-01-08,18,1.36
2026-01-08,19,1.3
2026-01-08,20,1.36
2026-01-08,21,1.52
2026-01-08,22,1.76
2026-01-08,23,1.98
2026-01-08,24,2.13
2026-01-09,1,2.18
2026-01-09,2,2.13
2026-01-09,3,2.01
2026-01-09,4,1.79
2026-01-09,5,1.49
2026-01-09,6,1.15
2026-01-09,7,0.85
2026-01-09,8,0.67
2026-01-09,9,0.65
2026-01-09,10,0.81
2026-01-09,11,1.06
2026-01-09,12,1.32
2026-01-09,13,1.54
2026-01-09,14,1.66
2026-01-09,15,1.72
2026-01-09,16,1.7
2026-01-09,17,1.62
2026-01-09,18,1.51
2026-01-09,19,1.39
2026-01-09,20,1.33
2026-01-09,21,1.37
2026-01-09,22,1.49
2026-01-09,23,1.67
2026-01-09,24,1.81
2026-01-10,1,1.89
2026-01-10,2,1.9
2026-01-10,3,1.84
2026-01-10,4,1.73
2026-01-10,5,1.54
2026-01-10,6,1.32
2026-01-10,7,1.08
2026-01-10,8,0.89
2026-01-10,9,0.82
2026-01-10,10,0.88
2026-01-10,11,1.06
2026-01-10,12,1.3
2026-01-10,13,1.51
2026-01-10,14,1.68
2026-01-10,15,1.76
2026-01-10,16,1.79
2026-01-10,17,1.75
2026-01-10,18,1.66
2026-01-10,19,1.54
2026-01-10,20,1.41
2026-01-10,21,1.34
2026-01-10,22,1.34
2026-01-10,23,1.41
2026-01-10,24,1.51
2026-01-11,1,1.58
2026-01-11,2,1.62
2026-01-11,3,1.61
2026-01-11,4,1.56
2026-01-11,5,1.49
2026-01-11,6,1.37
2026-01-11,7,1.23
2026-01-11,8,1.08
2026-01-11,9,0.99
2026-01-11,10,1.0
2026-01-11,11,1.1
2026-01-11,12,1.28
2026-01-11,13,1.49
2026-01-11,14,1.68
2026-01-11,15,1.8
2026-01-11,16,1.86
2026-01-11,17,1.87
2026-01-11,18,1.82
2026-01-11,19,1.71
2026-01-11,20,1.56
2026-01-11,21,1.42
2026-01-11,22,1.31
2026-01-11,23,1.26
2026-01-11,24,1.26
2026-01-12,1,1.29
2026-01-12,2,1.32
2026-01-12,3,1.34
2026-01-12,4,1.35
2026-01-12,5,1.34
2026-01-12,6,1.32
2026-01-12,7,1.27
2026-01-12,8,1.21
2026-01-12,9,1.15
2026-01-12,10,1.13
2026-01-12,11,1.17
2026-01-12,12,1.29
2026-01-12,13,1.47
2026-01-12,14,1.66
2026-01-12,15,1.82
2026-01-12,16,1.93
2026-01-12,17,1.97
2026-01-12,18,1.96
2026-01-12,19,1.88
2026-01-12,20,1.74
2026-01-12,21,1.56
2026-01-12,22,1.38
2026-01-12,23,1.22
2026-01-12,24,1.11
2026-01-13,1,1.06
2026-01-13,2,1.06
2026-01-13,3,1.07
2026-01-13,4,1.11
2026-01-13,5,1.15
2026-01-13,6,1.21
2026-01-13,7,1.25
2026-01-13,8,1.27
2026-01-13,9,1.26
2026-01-13,10,1.24
2026-01-13,11,1.25
2026-01-13,12,1.32
2026-01-13,13,1.44
2026-01-13,14,1.61
2026-01-13,15,1.79
2026-01-13,16,1.95
2026-01-13,17,2.05
2026-01-13,18,2.08
2026-01-13,19,2.05
2026-01-13,20,1.93
2026-01-13,21,1.75
2026-01-13,22,1.52
2026-01-13,23,1.28
2026-01-13,24,1.08
2026-01-14,1,0.93
2026-01-14,2,0.85
2026-01-14,3,0.84
2026-01-14,4,0.87
2026-01-14,5,0.95
2026-01-14,6,1.06
2026-01-14,7,1.17
2026-01-14,8,1.26
2026-01-14,9,1.31
2026-01-14,10,1.33
2026-01-14,11,1.32
2026-01-14,12,1.34
2026-01-14,13,1.41
2026-01-14,14,1.54
2026-01-14,15,1.73
2026-01-14,16,1.92
2026-01-14,17,2.09
2026-01-14,18,2.18
2026-01-14,19,2.2
2026-01-14,20,2.12
2026-01-14,21,1.95
2026-01-14,22,1.72
2026-01-14,23,1.43
2026-01-14,24,1.15
2026-01-15,1,0.91
2026-01-15,2,0.73
2026-01-15,3,0.65
2026-01-15,4,0.66
2026-01-15,5,0.75
2026-01-15,6,0.89
2026-01-15,7,1.05
2026-01-15,8,1.21
2026-01-15,9,1.32
2026-01-15,10,1.38
2026-01-15,11,1.38
2026-01-15,12,1.37
2026-01-15,13,1.39
2026-01-15,14,1.47
2026-01-15,15,1.63
2026-01-15,16,1.84
2026-01-15,17,2.06
2026-01-15,18,2.23
2026-01-15,19,2.31
2026-01-15,20,2.29
2026-01-15,21,2.16
2026-01-15,22,1.94
2026-01-15,23,1.64
2026-01-15,24,1.31
2026-01-16,1,0.99
2026-01-16,2,0.72
2026-01-16,3,0.56
2026-01-16,4,0.5
2026-01-16,5,0.57
2026-01-16,6,0.72
2026-01-16,7,0.92
2026-01-16,8,1.12
2026-01-16,9,1.29
2026-01-16,10,1.39
2026-01-16,11,1.42
2026-01-16,12,1.4
2026-01-16,13,1.37
2026-01-16,14,1.39
2026-01-16,15,1.5
2026-01-16,16,1.7
2026-01-16,17,1.95
2026-01-16,18,2.2
2026-01-16,19,2.37
2026-01-16,20,2.42
2026-01-16,21,2.35
2026-01-16,22,2.17
2026-01-16,23,1.88
2026-01-16,24,1.53
2026-01-17,1,1.16
2026-01-17,2,0.81
2026-01-17,3,0.55
2026-01-17,4,0.42
2026-01-17,5,0.42
2026-01-17,6,0.56
2026-01-17,7,0.77
2026-01-17,8,1.01
2026-01-17,9,1.23
2026-01-17,10,1.38
2026-01-17,11,1.44
2026-01-17,12,1.42
2026-01-17,13,1.37
2026-01-17,14,1.34
2026-01-17,15,1.38
2026-01-17,16,1.53
2026-01-17,17,1.77
2026-01-17,18,2.07
2026-01-17,19,2.33
2026-01-17,20,2.49
2026-01-17,21,2.5
2026-01-17,22,2.37
2026-01-17,23,2.13
2026-01-17,24,1.79
2026-01-18,1,1.39
2026-01-18,2,0.99
2026-01-18,3,0.64
2026-01-18,4,0.42
2026-01-18,5,0.34
2026-01-18,6,0.43
2026-01-18,7,0.63
2026-01-18,8,0.89
2026-01-18,9,1.15
2026-01-18,10,1.34
2026-01-18,11,1.45
2026-01-18,12,1.46
2026-01-18,13,1.39
2026-01-18,14,1.32
2026-01-18,15,1.29
2026-01-18,16,1.37
2026-01-18,17,1.56
2026-01-18,18,1.87
2026-01-18,19,2.2
2026-01-18,20,2.45
2026-01-18,21,2.58
2026-01-18,22,2.53
2026-01-18,23,2.35
2026-01-18,24,2.06
2026-01-19,1,1.66
2026-01-19,2,1.24
2026-01-19,3,0.82
2026-01-19,4,0.5
2026-01-19,5,0.33
2026-01-19,6,0.34
2026-01-19,7,0.52
2026-01-19,8,0.77
2026-01-19,9,1.06
2026-01-19,10,1.29
2026-01-19,11,1.43
2026-01-19,12,1.49
2026-01-19,13,1.43
2026-01-19,14,1.34
2026-01-19,15,1.26
2026-01-19,16,1.24
2026-01-19,17,1.36
2026-01-19,18,1.61
2026-01-19,19,1.97
2026-01-19,20,2.31
2026-01-19,21,2.54
2026-01-19,22,2.61
2026-01-19,23,2.51
2026-01-19,24,2.28
2026-01-20,1,1.93
2026-01-20,2,1.5
2026-01-20,3,1.06
2026-01-20,4,0.66
2026-01-20,5,0.4
2026-01-20,6,0.31
2026-01-20,7,0.42
2026-01-20,8,0.67
2026-01-20,9,0.96
2026-01-20,10,1.23
2026-01-20,11,1.42
2026-01-20,12,1.51
2026-01-20,13,1.49
2026-01-20,14,1.39
2026-01-20,15,1.28
2026-01-20,16,1.19
2026-01-20,17,1.21
2026-01-20,18,1.38
2026-01-20,19,1.68
2026-01-20,20,2.07
2026-01-20,21,2.39
2026-01-20,22,2.57
2026-01-20,23,2.59
2026-01-20,24,2.44
2026-01-21,1,2.17
2026-01-21,2,1.77
2026-01-21,3,1.32
2026-01-21,4,0.88
2026-01-21,5,0.53
2026-01-21,6,0.36
2026-01-21,7,0.37
2026-01-21,8,0.58
2026-01-21,9,0.88
2026-01-21,10,1.17
2026-01-21,11,1.4
2026-01-21,12,1.52
2026-01-21,13,1.55
2026-01-21,14,1.48
2026-01-21,15,1.35
2026-01-21,16,1.22
2026-01-21,17,1.13
2026-01-21,18,1.19
2026-01-21,19,1.4
2026-01-21,20,1.75
2026-01-21,21,2.13
2026-01-21,22,2.41
2026-01-21,23,2.54
2026-01-21,24,2.49
2026-01-22,1,2.31
2026-01-22,2,1.99
2026-01-22,3,1.57
2026-01-22,4,1.13
2026-01-22,5,0.73
2026-01-22,6,0.47
2026-01-22,7,0.4
2026-01-22,8,0.52
2026-01-22,9,0.81
2026-01-22,10,1.11
2026-01-22,11,1.37
2026-01-22,12,1.54
2026-01-22,13,1.6
2026-01-22,14,1.58
2026-01-22,15,1.46
2026-01-22,16,1.31
2026-01-22,17,1.16
2026-01-22,18,1.1
2026-01-22,19,1.2
2026-01-22,20,1.44
2026-01-22,21,1.8
2026-01-22,22,2.13
2026-01-22,23,2.35
2026-01-22,24,2.43
2026-01-23,1,2.33
2026-01-23,2,2.12
2026-01-23,3,1.78
2026-01-23,4,1.37
2026-01-23,5,0.97
2026-01-23,6,0.63
2026-01-23,7,0.49
2026-01-23,8,0.53
2026-01-23,9,0.75
2026-01-23,10,1.06
2026-01-23,11,1.34
2026-01-23,12,1.55
2026-01-23,13,1.65
2026-01-23,14,1.67
2026-01-23,15,1.6
2026-01-23,16,1.45
2026-01-23,17,1.28
2026-01-23,18,1.13
2026-01-23,19,1.09
2026-01-23,20,1.2
2026-01-23,21,1.45
2026-01-23,22,1.78
2026-01-23,23,2.05
2026-01-23,24,2.22
2026-01-24,1,2.24
2026-01-24,2,2.12
2026-01-24,3,1.9
2026-01-24,4,1.56
2026-01-24,5,1.2
2026-01-24,6,0.86
2026-01-24,7,0.64
2026-01-24,8,0.6
2026-01-24,9,0.74
2026-01-24,10,1.02
2026-01-24,11,1.32
2026-01-24,12,1.56
2026-01-24,13,1.71
2026-01-24,14,1.76
2026-01-24,15,1.73
2026-01-24,16,1.62
2026-01-24,17,1.46
2026-01-24,18,1.27
2026-01-24,19,1.11
2026-01-24,20,1.08
2026-01-24,21,1.17
2026-01-24,22,1.41
2026-01-24,23,1.68
2026-01-24,24,1.89
2026-01-25,1,2.0
2026-01-25,2,1.98
2026-01-25,3,1.87
2026-01-25,4,1.66
2026-01-25,5,1.38
2026-01-25,6,1.09
2026-01-25,7,0.85
2026-01-25,8,0.74
2026-01-25,9,0.79
2026-01-25,10,0.99
2026-01-25,11,1.29
2026-01-25,12,1.55
2026-01-25,13,1.75
2026-01-25,14,1.85
2026-01-25,15,1.86
2026-01-25,16,1.8
2026-01-25,17,1.67
2026-01-25,18,1.49
2026-01-25,19,1.27
2026-01-25,20,1.1
2026-01-25,21,1.04
2026-01-25,22,1.1
2026-01-25,23,1.29
2026-01-25,24,1.49
2026-01-26,1,1.64
2026-01-26,2,1.72
2026-01-26,3,1.7
2026-01-26,4,1.62
2026-01-26,5,1.46
2026-01-26,6,1.26
2026-01-26,7,1.07
2026-01-26,8,0.93
2026-01-26,9,0.92
2026-01-26,10,1.02
2026-01-26,11,1.26
2026-01-26,12,1.53
2026-01-26,13,1.76
2026-01-26,14,1.92
2026-01-26,15,1.98
2026-01-26,16,1.97
2026-01-26,17,1.89
2026-01-26,18,1.74
2026-01-26,19,1.53
2026-01-26,20,1.29
2026-01-26,21,1.09
2026-01-26,22,0.97
2026-01-26,23,0.98
2026-01-26,24,1.09
2026-01-27,1,1.23
2026-01-27,2,1.35
2026-01-27,3,1.41
2026-01-27,4,1.42
2026-01-27,5,1.4
2026-01-27,6,1.33
2026-01-27,7,1.23
2026-01-27,8,1.13
2026-01-27,9,1.08
2026-01-27,10,1.12
2026-01-27,11,1.25
2026-01-27,12,1.48
2026-01-27,13,1.72
2026-01-27,14,1.93
2026-01-27,15,2.07
2026-01-27,16,2.12
2026-01-27,17,2.1
2026-01-27,18,2.01
2026-01-27,19,1.84
2026-01-27,20,1.6
2026-01-27,21,1.31
2026-01-27,22,1.05
2026-01-27,23,0.87
2026-01-27,24,0.8
2026-01-28,1,0.84
2026-01-28,2,0.93
2026-01-28,3,1.04
2026-01-28,4,1.13
2026-01-28,5,1.2
2026-01-28,6,1.26
2026-01-28,7,1.28
2026-01-28,8,1.27
2026-01-28,9,1.24
2026-01-28,10,1.24
2026-01-28,11,1.29
2026-01-28,12,1.42
2026-01-28,13,1.63
2026-01-28,14,1.86
2026-01-28,15,2.06
2026-01-28,16,2.2
2026-01-28,17,2.26
2026-01-28,18,2.24
2026-01-28,19,2.14
2026-01-28,20,1.95
2026-01-28,21,1.67
2026-01-28,22,1.33
2026-01-28,23,1.0
2026-01-28,24,0.73
2026-01-29,1,0.59
2026-01-29,2,0.57
2026-01-29,3,0.65
2026-01-29,4,0.77
2026-01-29,5,0.92
2026-01-29,6,1.07
2026-01-29,7,1.2
2026-01-29,8,1.3
2026-01-29,9,1.35
2026-01-29,10,1.36
2026-01-29,11,1.36
2026-01-29,12,1.4
2026-01-29,13,1.51
2026-01-29,14,1.7
2026-01-29,15,1.93
2026-01-29,16,2.16
2026-01-29,17,2.32
2026-01-29,18,2.41
2026-01-29,19,2.4
2026-01-29,20,2.28
2026-01-29,21,2.06
2026-01-29,22,1.73
2026-01-29,23,1.33
2026-01-29,24,0.93
2026-01-30,1,0.59
2026-01-30,2,0.39
2026-01-30,3,0.34
2026-01-30,4,0.43
2026-01-30,5,0.61
2026-01-30,6,0.82
2026-01-30,7,1.05
2026-01-30,8,1.24
2026-01-30,9,1.37
2026-01-30,10,1.43
2026-01-30,11,1.43
2026-01-30,12,1.41
2026-01-30,13,1.41
2026-01-30,14,1.51
2026-01-30,15,1.69
2026-01-30,16,1.95
2026-01-30,17,2.22
2026-01-30,18,2.43
2026-01-30,19,2.54
2026-01-30,20,2.53
2026-01-30,21,2.4
2026-01-30,22,2.15
2026-01-30,23,1.77
2026-01-30,24,1.32
2026-01-31,1,0.85
2026-01-31,2,0.45
2026-01-31,3,0.22
2026-01-31,4,0.17
2026-01-31,5,0.31
2026-01-31,6,0.56
2026-01-31,7,0.84
2026-01-31,8,1.11
2026-01-31,9,1.32
2026-01-31,10,1.45
2026-01-31,11,1.48
2026-01-31,12,1.44
2026-01-31,13,1.39
2026-01-31,14,1.36
2026-01-31,15,1.44
2026-01-31,16,1.65
2026-01-31,17,1.95
2026-01-31,18,2.27
2026-01-31,19,2.52
2026-01-31,20,2.65
2026-01-31,21,2.63
2026-01-31,22,2.48
2026-01-31,23,2.2
2026-01-31,24,1.77
2026-02-01,1,1.27
2026-02-01,2,0.75
2026-02-01,3,0.33
2026-02-01,4,0.11
2026-02-01,5,0.11
2026-02-01,6,0.33
2026-02-01,7,0.63
2026-02-01,8,0.96
2026-02-01,9,1.24
2026-02-01,10,1.43
2026-02-01,11,1.52
2026-02-01,12,1.49
2026-02-01,13,1.4
2026-02-01,14,1.3
2026-02-01,15,1.25
2026-02-01,16,1.35
2026-02-01,17,1.59
2026-02-01,18,1.95
2026-02-01,19,2.31
2026-02-01,20,2.57
2026-02-01,21,2.7
2026-02-01,22,2.67
2026-02-01,23,2.5
2026-02-01,24,2.18
2026-02-02,1,1.71
2026-02-02,2,1.18
2026-02-02,3,0.64
2026-02-02,4,0.25
2026-02-02,5,0.08
2026-02-02,6,0.17
2026-02-02,7,0.46
2026-02-02,8,0.81
2026-02-02,9,1.15
2026-02-02,10,1.39
2026-02-02,11,1.53
2026-02-02,12,1.55
2026-02-02,13,1.46
2026-02-02,14,1.33
2026-02-02,15,1.18
2026-02-02,16,1.14
2026-02-02,17,1.27
2026-02-02,18,1.55
2026-02-02,19,1.96
2026-02-02,20,2.33
2026-02-02,21,2.59
2026-02-02,22,2.69
2026-02-02,23,2.63
2026-02-02,24,2.44
2026-02-03,1,2.07
2026-02-03,2,1.59
2026-02-03,3,1.05
2026-02-03,4,0.54
2026-02-03,5,0.23
2026-02-03,6,0.15
2026-02-03,7,0.34
2026-02-03,8,0.68
2026-02-03,9,1.05
2026-02-03,10,1.36
2026-02-03,11,1.54
2026-02-03,12,1.61
2026-02-03,13,1.55
2026-02-03,14,1.4
2026-02-03,15,1.23
2026-02-03,16,1.07
2026-02-03,17,1.07
2026-02-03,18,1.22
2026-02-03,19,1.56
2026-02-03,20,1.98
2026-02-03,21,2.32
2026-02-03,22,2.55
2026-02-03,23,2.6
2026-02-03,24,2.52
2026-02-04,1,2.29
2026-02-04,2,1.89
2026-02-04,3,1.41
2026-02-04,4,0.89
2026-02-04,5,0.48
2026-02-04,6,0.27
2026-02-04,7,0.31
2026-02-04,8,0.6
2026-02-04,9,0.96
2026-02-04,10,1.31
2026-02-04,11,1.55
2026-02-04,12,1.66
2026-02-04,13,1.66
2026-02-04,14,1.52
2026-02-04,15,1.34
2026-02-04,16,1.14
2026-02-04,17,1.0
2026-02-04,18,1.03
2026-02-04,19,1.23
2026-02-04,20,1.6
2026-02-04,21,1.98
2026-02-04,22,2.27
2026-02-04,23,2.43
2026-02-04,24,2.44
2026-02-05,1,2.32
2026-02-05,2,2.05
2026-02-05,3,1.65
2026-02-05,4,1.21
2026-02-05,5,0.76
2026-02-05,6,0.48
2026-02-05,7,0.41
2026-02-05,8,0.58
2026-02-05,9,0.91
2026-02-05,10,1.26
2026-02-05,11,1.55
2026-02-05,12,1.7
2026-02-05,13,1.74
2026-02-05,14,1.66
2026-02-05,15,1.48
2026-02-05,16,1.28
2026-02-05,17,1.07
2026-02-05,18,0.98
2026-02-05,19,1.05
2026-02-05,20,1.28
2026-02-05,21,1.63
2026-02-05,22,1.94
2026-02-05,23,2.16
2026-02-05,24,2.25
2026-02-06,1,2.2
2026-02-06,2,2.06
2026-02-06,3,1.77
2026-02-06,4,1.41
2026-02-06,5,1.02
2026-02-06,6,0.7
2026-02-06,7,0.57
2026-02-06,8,0.63
2026-02-06,9,0.89
2026-02-06,10,1.23
2026-02-06,11,1.52
2026-02-06,12,1.73
2026-02-06,13,1.8
2026-02-06,14,1.77
2026-02-06,15,1.64
2026-02-06,16,1.44
2026-02-06,17,1.23
2026-02-06,18,1.04
2026-02-06,19,1.0
2026-02-06,20,1.09
2026-02-06,21,1.32
2026-02-06,22,1.61
2026-02-06,23,1.84
2026-02-06,24,1.98
2026-02-07,1,2.0
2026-02-07,2,1.92
2026-02-07,3,1.76
2026-02-07,4,1.49
2026-02-07,5,1.2
2026-02-07,6,0.92
2026-02-07,7,0.75
2026-02-07,8,0.75
2026-02-07,9,0.91
2026-02-07,10,1.21
2026-02-07,11,1.5
2026-02-07,12,1.73
2026-02-07,13,1.85
2026-02-07,14,1.85
2026-02-07,15,1.78
2026-02-07,16,1.62
2026-02-07,17,1.41
2026-02-07,18,1.21
2026-02-07,19,1.06
2026-02-07,20,1.04
2026-02-07,21,1.13
2026-02-07,22,1.33
2026-02-07,23,1.53
2026-02-07,24,1.67
2026-02-08,1,1.73
2026-02-08,2,1.71
2026-02-08,3,1.63
2026-02-08,4,1.48
2026-02-08,5,1.28
2026-02-08,6,1.08
2026-02-08,7,0.92
2026-02-08,8,0.89
2026-02-08,9,0.99
2026-02-08,10,1.2
2026-02-08,11,1.47
2026-02-08,12,1.7
2026-02-08,13,1.86
2026-02-08,14,1.91
2026-02-08,15,1.87
2026-02-08,16,1.77
2026-02-08,17,1.6
2026-02-08,18,1.4
2026-02-08,19,1.21
2026-02-08,20,1.09
2026-02-08,21,1.07
2026-02-08,22,1.13
2026-02-08,23,1.26
2026-02-08,24,1.38
2026-02-09,1,1.45
2026-02-09,2,1.46
2026-02-09,3,1.43
2026-02-09,4,1.37
2026-02-09,5,1.27
2026-02-09,6,1.16
2026-02-09,7,1.07
2026-02-09,8,1.03
2026-02-09,9,1.08
2026-02-09,10,1.23
2026-02-09,11,1.45
2026-02-09,12,1.67
2026-02-09,13,1.84
2026-02-09,14,1.93
2026-02-09,15,1.94
2026-02-09,16,1.88
2026-02-09,17,1.77
2026-02-09,18,1.6
2026-02-09,19,1.42
2026-02-09,20,1.24
2026-02-09,21,1.11
2026-02-09,22,1.06
2026-02-09,23,1.08
2026-02-09,24,1.13
2026-02-10,1,1.17
2026-02-10,2,1.2
2026-02-10,3,1.21
2026-02-10,4,1.2
2026-02-10,5,1.19
2026-02-10,6,1.17
2026-02-10,7,1.15
2026-02-10,8,1.15
2026-02-10,9,1.18
2026-02-10,10,1.28
2026-02-10,11,1.43
2026-02-10,12,1.61
2026-02-10,13,1.78
2026-02-10,14,1.91
2026-02-10,15,1.97
2026-02-10,16,1.97
2026-02-10,17,1.9
2026-02-10,18,1.79
2026-02-10,19,1.63
2026-02-10,20,1.44
2026-02-10,21,1.25
2026-02-10,22,1.11
2026-02-10,23,1.01
2026-02-10,24,0.97
2026-02-11,1,0.95
2026-02-11,2,0.96
2026-02-11,3,0.97
2026-02-11,4,1.01
2026-02-11,5,1.06
2026-02-11,6,1.12
2026-02-11,7,1.17
2026-02-11,8,1.22
2026-02-11,9,1.27
2026-02-11,10,1.33
2026-02-11,11,1.42
2026-02-11,12,1.55
2026-02-11,13,1.69
2026-02-11,14,1.83
2026-02-11,15,1.94
2026-02-11,16,2.01
2026-02-11,17,2.01
2026-02-11,18,1.95
2026-02-11,19,1.84
2026-02-11,20,1.67
2026-02-11,21,1.46
2026-02-11,22,1.25
2026-02-11,23,1.06
2026-02-11,24,0.91
2026-02-12,1,0.81
2026-02-12,2,0.76
2026-02-12,3,0.76
2026-02-12,4,0.81
2026-02-12,5,0.91
2026-02-12,6,1.02
2026-02-12,7,1.15
2026-02-12,8,1.25
2026-02-12,9,1.32
2026-02-12,10,1.37
2026-02-12,11,1.42
2026-02-12,12,1.49
2026-02-12,13,1.59
2026-02-12,14,1.71
2026-02-12,15,1.86
2026-02-12,16,1.98
2026-02-12,17,2.07
2026-02-12,18,2.09
2026-02-12,19,2.03
2026-02-12,20,1.9
2026-02-12,21,1.7
2026-02-12,22,1.46
2026-02-12,23,1.2
2026-02-12,24,0.96
2026-02-13,1,0.77
2026-02-13,2,0.64
2026-02-13,3,0.59
2026-02-13,4,0.63
2026-02-13,5,0.74
2026-02-13,6,0.9
2026-02-13,7,1.08
2026-02-13,8,1.24
2026-02-13,9,1.35
2026-02-13,10,1.41
2026-02-13,11,1.43
2026-02-13,12,1.44
2026-02-13,13,1.48
2026-02-13,14,1.57
2026-02-13,15,1.71
2026-02-13,16,1.88
2026-02-13,17,2.05
2026-02-13,18,2.16
2026-02-13,19,2.19
2026-02-13,20,2.12
2026-02-13,21,1.95
2026-02-13,22,1.71
2026-02-13,23,1.42
2026-02-13,24,1.11
2026-02-14,1,0.83
2026-02-14,2,0.61
2026-02-14,3,0.49
2026-02-14,4,0.48
2026-02-14,5,0.58
2026-02-14,6,0.77
2026-02-14,7,0.99
2026-02-14,8,1.2
2026-02-14,9,1.35
2026-02-14,10,1.43
2026-02-14,11,1.45
2026-02-14,12,1.42
2026-02-14,13,1.39
2026-02-14,14,1.42
2026-02-14,15,1.52
2026-02-14,16,1.7
2026-02-14,17,1.93
2026-02-14,18,2.15
2026-02-14,19,2.28
2026-02-14,20,2.29
2026-02-14,21,2.19
2026-02-14,22,1.98
2026-02-14,23,1.68
2026-02-14,24,1.34
2026-02-15,1,0.99
2026-02-15,2,0.68
2026-02-15,3,0.47
2026-02-15,4,0.39
2026-02-15,5,0.45
2026-02-15,6,0.64
2026-02-15,7,0.89
2026-02-15,8,1.14
2026-02-15,9,1.34
2026-02-15,10,1.45
2026-02-15,11,1.48
2026-02-15,12,1.43
2026-02-15,13,1.35
2026-02-15,14,1.29
2026-02-15,15,1.33
2026-02-15,16,1.47
2026-02-15,17,1.73
2026-02-15,18,2.02
2026-02-15,19,2.26
2026-02-15,20,2.4
2026-02-15,21,2.38
2026-02-15,22,2.23
2026-02-15,23,1.97
2026-02-15,24,1.62
2026-02-16,1,1.22
2026-02-16,2,0.83
2026-02-16,3,0.53
2026-02-16,4,0.36
2026-02-16,5,0.36
2026-02-16,6,0.53
2026-02-16,7,0.79
2026-02-16,8,1.07
2026-02-16,9,1.32
2026-02-16,10,1.47
2026-02-16,11,1.52
2026-02-16,12,1.46
2026-02-16,13,1.35
2026-02-16,14,1.23
2026-02-16,15,1.17
2026-02-16,16,1.24
2026-02-16,17,1.45
2026-02-16,18,1.78
2026-02-16,19,2.13
2026-02-16,20,2.38
2026-02-16,21,2.49
2026-02-16,22,2.43
2026-02-16,23,2.23
2026-02-16,24,1.91
2026-02-17,1,1.5
2026-02-17,2,1.07
2026-02-17,3,0.67
2026-02-17,4,0.41
2026-02-17,5,0.32
2026-02-17,6,0.44
2026-02-17,7,0.7
2026-02-17,8,1.0
2026-02-17,9,1.29
2026-02-17,10,1.48
2026-02-17,11,1.57
2026-02-17,12,1.54
2026-02-17,13,1.41
2026-02-17,14,1.24
2026-02-17,15,1.08
2026-02-17,16,1.04
2026-02-17,17,1.17
2026-02-17,18,1.46
2026-02-17,19,1.87
2026-02-17,20,2.22
2026-02-17,21,2.46
2026-02-17,22,2.53
2026-02-17,23,2.42
2026-02-17,24,2.17
2026-02-18,1,1.79
2026-02-18,2,1.35
2026-02-18,3,0.89
2026-02-18,4,0.53
2026-02-18,5,0.36
2026-02-18,6,0.39
2026-02-18,7,0.62
2026-02-18,8,0.95
2026-02-18,9,1.26
2026-02-18,10,1.51
2026-02-18,11,1.63
2026-02-18,12,1.64
2026-02-18,13,1.52
2026-02-18,14,1.32
2026-02-18,15,1.1
2026-02-18,16,0.94
2026-02-18,17,0.95
2026-02-18,18,1.14
2026-02-18,19,1.51
2026-02-18,20,1.94
2026-02-18,21,2.29
2026-02-18,22,2.49
2026-02-18,23,2.49
2026-02-18,24,2.34
2026-02-19,1,2.04
2026-02-19,2,1.61
2026-02-19,3,1.16
2026-02-19,4,0.73
2026-02-19,5,0.46
2026-02-19,6,0.41
2026-02-19,7,0.57
2026-02-19,8,0.9
2026-02-19,9,1.24
2026-02-19,10,1.53
2026-02-19,11,1.7
2026-02-19,12,1.74
2026-02-19,13,1.66
2026-02-19,14,1.46
2026-02-19,15,1.21
2026-02-19,16,0.96
2026-02-19,17,0.82
2026-02-19,18,0.89
2026-02-19,19,1.14
2026-02-19,20,1.57
2026-02-19,21,1.98
2026-02-19,22,2.28
2026-02-19,23,2.43
2026-02-19,24,2.38
2026-02-20,1,2.19
2026-02-20,2,1.84
2026-02-20,3,1.41
2026-02-20,4,0.98
2026-02-20,5,0.62
2026-02-20,6,0.48
2026-02-20,7,0.56
2026-02-20,8,0.85
2026-02-20,9,1.22
2026-02-20,10,1.54
2026-02-20,11,1.76
2026-02-20,12,1.84
2026-02-20,13,1.81
2026-02-20,14,1.65
2026-02-20,15,1.39
2026-02-20,16,1.11
2026-02-20,17,0.85
2026-02-20,18,0.75
2026-02-20,19,0.86
2026-02-20,20,1.17
2026-02-20,21,1.59
2026-02-20,22,1.95
2026-02-20,23,2.2
2026-02-20,24,2.27
2026-02-21,1,2.19
2026-02-21,2,1.97
2026-02-21,3,1.61
2026-02-21,4,1.21
2026-02-21,5,0.84
2026-02-21,6,0.62
2026-02-21,7,0.62
2026-02-21,8,0.82
2026-02-21,9,1.19
2026-02-21,10,1.54
2026-02-21,11,1.8
2026-02-21,12,1.95
2026-02-21,13,1.94
2026-02-21,14,1.84
2026-02-21,15,1.62
2026-02-21,16,1.33
2026-02-21,17,1.02
2026-02-21,18,0.78
2026-02-21,19,0.72
2026-02-21,20,0.86
2026-02-21,21,1.18
2026-02-21,22,1.55
2026-02-21,23,1.84
2026-02-21,24,2.02
2026-02-22,1,2.04
2026-02-22,2,1.94
2026-02-22,3,1.71
2026-02-22,4,1.39
2026-02-22,5,1.07
2026-02-22,6,0.81
2026-02-22,7,0.73
2026-02-22,8,0.85
2026-02-22,9,1.14
2026-02-22,10,1.52
2026-02-22,11,1.82
2026-02-22,12,2.01
2026-02-22,13,2.07
2026-02-22,14,2.0
2026-02-22,15,1.85
2026-02-22,16,1.59
2026-02-22,17,1.29
2026-02-22,18,0.98
2026-02-22,19,0.76
2026-02-22,20,0.72
2026-02-22,21,0.85
2026-02-22,22,1.14
2026-02-22,23,1.43
2026-02-22,24,1.64
2026-02-23,1,1.76
2026-02-23,2,1.76
2026-02-23,3,1.67
2026-02-23,4,1.48
2026-02-23,5,1.24
2026-02-23,6,1.02
2026-02-23,7,0.89
2026-02-23,8,0.94
2026-02-23,9,1.13
2026-02-23,10,1.46
2026-02-23,11,1.79
2026-02-23,12,2.02
2026-02-23,13,2.14
2026-02-23,14,2.13
2026-02-23,15,2.04
2026-02-23,16,1.86
2026-02-23,17,1.59
2026-02-23,18,1.29
2026-02-23,19,0.98
2026-02-23,20,0.78
2026-02-23,21,0.72
2026-02-23,22,0.82
2026-02-23,23,1.03
2026-02-23,24,1.23
2026-02-24,1,1.38
2026-02-24,2,1.46
2026-02-24,3,1.47
2026-02-24,4,1.42
2026-02-24,5,1.31
2026-02-24,6,1.18
2026-02-24,7,1.08
2026-02-24,8,1.06
2026-02-24,9,1.18
2026-02-24,10,1.4
2026-02-24,11,1.7
2026-02-24,12,1.96
2026-02-24,13,2.13
2026-02-24,14,2.2
2026-02-24,15,2.17
2026-02-24,16,2.07
2026-02-24,17,1.89
2026-02-24,18,1.64
2026-02-24,19,1.34
2026-02-24,20,1.04
2026-02-24,21,0.82
2026-02-24,22,0.71
2026-02-24,23,0.74
2026-02-24,24,0.85
2026-02-25,1,0.98
2026-02-25,2,1.1
2026-02-25,3,1.18
2026-02-25,4,1.23
2026-02-25,5,1.25
2026-02-25,6,1.24
2026-02-25,7,1.22
2026-02-25,8,1.21
2026-02-25,9,1.27
2026-02-25,10,1.39
2026-02-25,11,1.59
2026-02-25,12,1.83
2026-02-25,13,2.03
2026-02-25,14,2.17
2026-02-25,15,2.22
2026-02-25,16,2.2
2026-02-25,17,2.11
2026-02-25,18,1.96
2026-02-25,19,1.73
2026-02-25,20,1.43
2026-02-25,21,1.12
2026-02-25,22,0.85
2026-02-25,23,0.67
2026-02-25,24,0.61
2026-02-26,1,0.65
2026-02-26,2,0.73
2026-02-26,3,0.84
2026-02-26,4,0.96
2026-02-26,5,1.08
2026-02-26,6,1.19
2026-02-26,7,1.27
2026-02-26,8,1.32
2026-02-26,9,1.37
2026-02-26,10,1.43
2026-02-26,11,1.52
2026-02-26,12,1.66
2026-02-26,13,1.84
2026-02-26,14,2.01
2026-02-26,15,2.15
2026-02-26,16,2.22
2026-02-26,17,2.24
2026-02-26,18,2.19
2026-02-26,19,2.06
2026-02-26,20,1.85
2026-02-26,21,1.54
2026-02-26,22,1.19
2026-02-26,23,0.86
2026-02-26,24,0.6
2026-02-27,1,0.47
2026-02-27,2,0.45
2026-02-27,3,0.53
2026-02-27,4,0.67
2026-02-27,5,0.85
2026-02-27,6,1.05
2026-02-27,7,1.22
2026-02-27,8,1.36
2026-02-27,9,1.44
2026-02-27,10,1.48
2026-02-27,11,1.5
2026-02-27,12,1.53
2026-02-27,13,1.62
2026-02-27,14,1.76
2026-02-27,15,1.94
2026-02-27,16,2.11
2026-02-27,17,2.24
2026-02-27,18,2.31
2026-02-27,19,2.3
2026-02-27,20,2.18
2026-02-27,21,1.96
2026-02-27,22,1.63
2026-02-27,23,1.24
2026-02-27,24,0.84
2026-02-28,1,0.51
2026-02-28,2,0.33
2026-02-28,3,0.31
2026-02-28,4,0.42
2026-02-28,5,0.63
2026-02-28,6,0.87
2026-02-28,7,1.12
2026-02-28,8,1.33
2026-02-28,9,1.47
2026-02-28,10,1.52
2026-02-28,11,1.51
2026-02-28,12,1.46
2026-02-28,13,1.43
2026-02-28,14,1.48
2026-02-28,15,1.63
2026-02-28,16,1.85
2026-02-28,17,2.09
2026-02-28,18,2.28
2026-02-28,19,2.4
2026-02-28,20,2.4
2026-02-28,21,2.29
2026-02-28,22,2.05
2026-02-28,23,1.67
2026-02-28,24,1.23
2026-03-01,1,0.78
2026-03-01,2,0.42
2026-03-01,3,0.24
2026-03-01,4,0.25
2026-03-01,5,0.43
2026-03-01,6,0.71
2026-03-01,7,1.01
2026-03-01,8,1.28
2026-03-01,9,1.46
2026-03-01,10,1.56
2026-03-01,11,1.55
2026-03-01,12,1.46
2026-03-01,13,1.34
2026-03-01,14,1.26
2026-03-01,15,1.31
2026-03-01,16,1.49
2026-03-01,17,1.78
2026-03-01,18,2.09
2026-03-01,19,2.33
2026-03-01,20,2.47
2026-03-01,21,2.47
2026-03-01,22,2.35
2026-03-01,23,2.07
2026-03-01,24,1.65
2026-03-02,1,1.17
2026-03-02,2,0.69
2026-03-02,3,0.34
2026-03-02,4,0.2
2026-03-02,5,0.3
2026-03-02,6,0.58
2026-03-02,7,0.91
2026-03-02,8,1.24
2026-03-02,9,1.47
2026-03-02,10,1.6
2026-03-02,11,1.61
2026-03-02,12,1.51
2026-03-02,13,1.35
2026-03-02,14,1.17
2026-03-02,15,1.08
2026-03-02,16,1.15
2026-03-02,17,1.39
2026-03-02,18,1.76
2026-03-02,19,2.11
2026-03-02,20,2.38
2026-03-02,21,2.51
2026-03-02,22,2.49
2026-03-02,23,2.33
2026-03-02,24,2.0
2026-03-03,1,1.56
2026-03-03,2,1.05
2026-03-03,3,0.59
2026-03-03,4,0.31
2026-03-03,5,0.27
2026-03-03,6,0.48
2026-03-03,7,0.83
2026-03-03,8,1.19
2026-03-03,9,1.49
2026-03-03,10,1.65
2026-03-03,11,1.7
2026-03-03,12,1.62
2026-03-03,13,1.43
2026-03-03,14,1.2
2026-03-03,15,0.99
2026-03-03,16,0.92
2026-03-03,17,1.05
2026-03-03,18,1.36
2026-03-03,19,1.77
2026-03-03,20,2.13
2026-03-03,21,2.38
2026-03-03,22,2.48
2026-03-03,23,2.42
2026-03-03,24,2.22
2026-03-04,1,1.85
2026-03-04,2,1.4
2026-03-04,3,0.9
2026-03-04,4,0.51
2026-03-04,5,0.35
2026-03-04,6,0.44
2026-03-04,7,0.76
2026-03-04,8,1.14
2026-03-04,9,1.49
2026-03-04,10,1.71
2026-03-04,11,1.79
2026-03-04,12,1.75
2026-03-04,13,1.57
2026-03-04,14,1.32
2026-03-04,15,1.04
2026-03-04,16,0.84
2026-03-04,17,0.83
2026-03-04,18,1.01
2026-03-04,19,1.38
2026-03-04,20,1.79
2026-03-04,21,2.12
2026-03-04,22,2.33
2026-03-04,23,2.37
2026-03-04,24,2.28
2026-03-05,1,2.03
2026-03-05,2,1.64
2026-03-05,3,1.2
2026-03-05,4,0.76
2026-03-05,5,0.51
2026-03-05,6,0.49
2026-03-05,7,0.72
2026-03-05,8,1.1
2026-03-05,9,1.47
2026-03-05,10,1.76
2026-03-05,11,1.89
2026-03-05,12,1.88
2026-03-05,13,1.74
2026-03-05,14,1.48
2026-03-05,15,1.19
2026-03-05,16,0.9
2026-03-05,17,0.75
2026-03-05,18,0.8
2026-03-05,19,1.04
2026-03-05,20,1.43
2026-03-05,21,1.8
2026-03-05,22,2.07
2026-03-05,23,2.21
2026-03-05,24,2.2
2026-03-06,1,2.07
2026-03-06,2,1.78
2026-03-06,3,1.4
2026-03-06,4,1.01
2026-03-06,5,0.7
2026-03-06,6,0.61
2026-03-06,7,0.73
2026-03-06,8,1.06
2026-03-06,9,1.44
2026-03-06,10,1.76
2026-03-06,11,1.95
2026-03-06,12,1.98
2026-03-06,13,1.89
2026-03-06,14,1.67
2026-03-06,15,1.37
2026-03-06,16,1.07
2026-03-06,17,0.8
2026-03-06,18,0.72
2026-03-06,19,0.83
2026-03-06,20,1.11
2026-03-06,21,1.47
2026-03-06,22,1.76
2026-03-06,23,1.96
2026-03-06,24,2.03
2026-03-07,1,1.98
2026-03-07,2,1.81
2026-03-07,3,1.52
2026-03-07,4,1.2
2026-03-07,5,0.9
2026-03-07,6,0.75
2026-03-07,7,0.81
2026-03-07,8,1.05
2026-03-07,9,1.41
2026-03-07,10,1.74
2026-03-07,11,1.97
2026-03-07,12,2.06
2026-03-07,13,2.0
2026-03-07,14,1.85
2026-03-07,15,1.57
2026-03-07,16,1.27
2026-03-07,17,0.97
2026-03-07,18,0.76
2026-03-07,19,0.75
2026-03-07,20,0.89
2026-03-07,21,1.17
2026-03-07,22,1.45
2026-03-07,23,1.67
2026-03-07,24,1.8
2026-03-08,1,1.81
2026-03-08,2,1.74
2026-03-08,3,1.55
2026-03-08,4,1.31
2026-03-08,5,1.07
2026-03-08,6,0.91
2026-03-08,7,0.91
2026-03-08,8,1.08
2026-03-08,9,1.38
2026-03-08,10,1.71
2026-03-08,11,1.96
2026-03-08,12,2.09
2026-03-08,13,2.08
2026-03-08,14,1.97
2026-03-08,15,1.76
2026-03-08,16,1.47
2026-03-08,17,1.18
2026-03-08,18,0.91
2026-03-08,19,0.77
2026-03-08,20,0.8
2026-03-08,21,0.95
2026-03-08,22,1.18
2026-03-08,23,1.38
2026-03-08,24,1.52
2026-03-09,1,1.59
2026-03-09,2,1.58
2026-03-09,3,1.49
2026-03-09,4,1.34
2026-03-09,5,1.18
2026-03-09,6,1.05
2026-03-09,7,1.02
2026-03-09,8,1.13
2026-03-09,9,1.36
2026-03-09,10,1.65
2026-03-09,11,1.91
2026-03-09,12,2.07
2026-03-09,13,2.12
2026-03-09,14,2.05
2026-03-09,15,1.89
2026-03-09,16,1.67
2026-03-09,17,1.4
2026-03-09,18,1.13
2026-03-09,19,0.91
2026-03-09,20,0.82
2026-03-09,21,0.85
2026-03-09,22,0.97
2026-03-09,23,1.13
2026-03-09,24,1.26
2026-03-10,1,1.34
2026-03-10,2,1.37
2026-03-10,3,1.36
2026-03-10,4,1.31
2026-03-10,5,1.23
2026-03-10,6,1.16
2026-03-10,7,1.14
2026-03-10,8,1.2
2026-03-10,9,1.37
2026-03-10,10,1.59
2026-03-10,11,1.83
2026-03-10,12,2.01
2026-03-10,13,2.1
2026-03-10,14,2.09
2026-03-10,15,1.99
2026-03-10,16,1.83
2026-03-10,17,1.61
2026-03-10,18,1.37
2026-03-10,19,1.13
2026-03-10,20,0.95
2026-03-10,21,0.87
2026-03-10,22,0.87
2026-03-10,23,0.94
2026-03-10,24,1.02
2026-03-11,1,1.09
2026-03-11,2,1.15
2026-03-11,3,1.19
2026-03-11,4,1.2
2026-03-11,5,1.21
2026-03-11,6,1.21
2026-03-11,7,1.23
2026-03-11,8,1.28
2026-03-11,9,1.39
2026-03-11,10,1.55
2026-03-11,11,1.74
2026-03-11,12,1.91
2026-03-11,13,2.02
2026-03-11,14,2.07
2026-03-11,15,2.04
2026-03-11,16,1.94
2026-03-11,17,1.79
2026-03-11,18,1.6
2026-03-11,19,1.38
2026-03-11,20,1.16
2026-03-11,21,0.99
2026-03-11,22,0.89
2026-03-11,23,0.85
2026-03-11,24,0.86
2026-03-12,1,0.89
2026-03-12,2,0.93
2026-03-12,3,0.99
2026-03-12,4,1.06
2026-03-12,5,1.13
2026-03-12,6,1.21
2026-03-12,7,1.27
2026-03-12,8,1.34
2026-03-12,9,1.42
2026-03-12,10,1.52
2026-03-12,11,1.64
2026-03-12,12,1.78
2026-03-12,13,1.9
2026-03-12,14,1.98
2026-03-12,15,2.02
2026-03-12,16,2.01
2026-03-12,17,1.94
2026-03-12,18,1.81
2026-03-12,19,1.63
2026-03-12,20,1.42
2026-03-12,21,1.2
2026-03-12,22,1.01
2026-03-12,23,0.87
2026-03-12,24,0.78
2026-03-13,1,0.74
2026-03-13,2,0.75
2026-03-13,3,0.8
2026-03-13,4,0.9
2026-03-13,5,1.03
2026-03-13,6,1.16
2026-03-13,7,1.29
2026-03-13,8,1.38
2026-03-13,9,1.46
2026-03-13,10,1.52
2026-03-13,11,1.57
2026-03-13,12,1.64
2026-03-13,13,1.73
2026-03-13,14,1.83
2026-03-13,15,1.93
2026-03-13,16,2.0
2026-03-13,17,2.03
2026-03-13,18,1.98
2026-03-13,19,1.87
2026-03-13,20,1.69
2026-03-13,21,1.46
2026-03-13,22,1.22
2026-03-13,23,0.99
2026-03-13,24,0.8
2026-03-14,1,0.67
2026-03-14,2,0.61
2026-03-14,3,0.64
2026-03-14,4,0.74
2026-03-14,5,0.91
2026-03-14,6,1.09
2026-03-14,7,1.27
2026-03-14,8,1.41
2026-03-14,9,1.49
2026-03-14,10,1.53
2026-03-14,11,1.53
2026-03-14,12,1.53
2026-03-14,13,1.56
2026-03-14,14,1.63
2026-03-14,15,1.76
2026-03-14,16,1.9
2026-03-14,17,2.03
2026-03-14,18,2.09
2026-03-14,19,2.06
2026-03-14,20,1.95
2026-03-14,21,1.74
2026-03-14,22,1.48
2026-03-14,23,1.2
2026-03-14,24,0.92
2026-03-15,1,0.7
2026-03-15,2,0.56
2026-03-15,3,0.52
2026-03-15,4,0.6
2026-03-15,5,0.78
2026-03-15,6,1.01
2026-03-15,7,1.23
2026-03-15,8,1.41
2026-03-15,9,1.52
2026-03-15,10,1.56
2026-03-15,11,1.53
2026-03-15,12,1.46
2026-03-15,13,1.4
2026-03-15,14,1.42
2026-03-15,15,1.52
2026-03-15,16,1.71
2026-03-15,17,1.92
2026-03-15,18,2.1
2026-03-15,19,2.19
2026-03-15,20,2.16
2026-03-15,21,2.02
2026-03-15,22,1.78
2026-03-15,23,1.47
2026-03-15,24,1.14
2026-03-16,1,0.82
2026-03-16,2,0.58
2026-03-16,3,0.47
2026-03-16,4,0.5
2026-03-16,5,0.67
2026-03-16,6,0.92
2026-03-16,7,1.19
2026-03-16,8,1.42
2026-03-16,9,1.56
2026-03-16,10,1.61
2026-03-16,11,1.56
2026-03-16,12,1.44
2026-03-16,13,1.31
2026-03-16,14,1.23
2026-03-16,15,1.27
2026-03-16,16,1.43
2026-03-16,17,1.7
2026-03-16,18,1.99
2026-03-16,19,2.2
2026-03-16,20,2.3
2026-03-16,21,2.24
2026-03-16,22,2.06
2026-03-16,23,1.77
2026-03-16,24,1.41
2026-03-17,1,1.03
2026-03-17,2,0.69
2026-03-17,3,0.49
2026-03-17,4,0.45
2026-03-17,5,0.58
2026-03-17,6,0.85
2026-03-17,7,1.15
2026-03-17,8,1.43
2026-03-17,9,1.61
2026-03-17,10,1.68
2026-03-17,11,1.64
2026-03-17,12,1.49
2026-03-17,13,1.29
2026-03-17,14,1.1
2026-03-17,15,1.03
2026-03-17,16,1.12
2026-03-17,17,1.37
2026-03-17,18,1.73
2026-03-17,19,2.07
2026-03-17,20,2.3
2026-03-17,21,2.37
2026-03-17,22,2.28
2026-03-17,23,2.06
2026-03-17,24,1.71
2026-03-18,1,1.31
2026-03-18,2,0.9
2026-03-18,3,0.58
2026-03-18,4,0.46
2026-03-18,5,0.53
2026-03-18,6,0.78
2026-03-18,7,1.12
2026-03-18,8,1.44
2026-03-18,9,1.67
2026-03-18,10,1.78
2026-03-18,11,1.76
2026-03-18,12,1.61
2026-03-18,13,1.37
2026-03-18,14,1.1
2026-03-18,15,0.88
2026-03-18,16,0.84
2026-03-18,17,1.01
2026-03-18,18,1.36
2026-03-18,19,1.78
2026-03-18,20,2.13
2026-03-18,21,2.35
2026-03-18,22,2.39
2026-03-18,23,2.27
2026-03-18,24,1.99
2026-03-19,1,1.59
2026-03-19,2,1.17
2026-03-19,3,0.77
2026-03-19,4,0.53
2026-03-19,5,0.53
2026-03-19,6,0.73
2026-03-19,7,1.09
2026-03-19,8,1.44
2026-03-19,9,1.74
2026-03-19,10,1.9
2026-03-19,11,1.91
2026-03-19,12,1.79
2026-03-19,13,1.53
2026-03-19,14,1.21
2026-03-19,15,0.88
2026-03-19,16,0.67
2026-03-19,17,0.7
2026-03-19,18,0.94
2026-03-19,19,1.37
2026-03-19,20,1.81
2026-03-19,21,2.14
2026-03-19,22,2.33
2026-03-19,23,2.33
2026-03-19,24,2.17
2026-03-20,1,1.85
2026-03-20,2,1.43
2026-03-20,3,1.02
2026-03-20,4,0.68
2026-03-20,5,0.58
2026-03-20,6,0.71
2026-03-20,7,1.04
2026-03-20,8,1.45
2026-03-20,9,1.78
2026-03-20,10,2.01
2026-03-20,11,2.07
2026-03-20,12,1.99
2026-03-20,13,1.76
2026-03-20,14,1.41
2026-03-20,15,1.04
2026-03-20,16,0.68
2026-03-20,17,0.52
2026-03-20,18,0.61
2026-03-20,19,0.92
2026-03-20,20,1.38
2026-03-20,21,1.79
2026-03-20,22,2.09
2026-03-20,23,2.23
2026-03-20,24,2.19
2026-03-21,1,2.01
2026-03-21,2,1.66
2026-03-21,3,1.26
2026-03-21,4,0.9
2026-03-21,5,0.69
2026-03-21,6,0.74
2026-03-21,7,1.0
2026-03-21,8,1.42
2026-03-21,9,1.81
2026-03-21,10,2.09
2026-03-21,11,2.22
2026-03-21,12,2.18
2026-03-21,13,2.01
2026-03-21,14,1.7
2026-03-21,15,1.3
2026-03-21,16,0.88
2026-03-21,17,0.54
2026-03-21,18,0.44
2026-03-21,19,0.57
2026-03-21,20,0.93
2026-03-21,21,1.36
2026-03-21,22,1.71
2026-03-21,23,1.96
2026-03-21,24,2.05
2026-03-22,1,1.99
2026-03-22,2,1.79
2026-03-22,3,1.46
2026-03-22,4,1.13
2026-03-22,5,0.87
2026-03-22,6,0.82
2026-03-22,7,0.99
2026-03-22,8,1.34
2026-03-22,9,1.78
2026-03-22,10,2.11
2026-03-22,11,2.31
2026-03-22,12,2.34
2026-03-22,13,2.22
2026-03-22,14,1.99
2026-03-22,15,1.62
2026-03-22,16,1.2
2026-03-22,17,0.77
2026-03-22,18,0.48
2026-03-22,19,0.42
2026-03-22,20,0.57
2026-03-22,21,0.92
2026-03-22,22,1.28
2026-03-22,23,1.57
2026-03-22,24,1.76
2026-03-23,1,1.82
2026-03-23,2,1.76
2026-03-23,3,1.56
2026-03-23,4,1.31
2026-03-23,5,1.08
2026-03-23,6,0.95
2026-03-23,7,1.03
2026-03-23,8,1.29
2026-03-23,9,1.68
2026-03-23,10,2.07
2026-03-23,11,2.31
2026-03-23,12,2.42
2026-03-23,13,2.37
2026-03-23,14,2.21
2026-03-23,15,1.94
2026-03-23,16,1.56
2026-03-23,17,1.14
2026-03-23,18,0.74
2026-03-23,19,0.49
2026-03-23,20,0.44
2026-03-23,21,0.58
2026-03-23,22,0.87
2026-03-23,23,1.15
2026-03-23,24,1.38
2026-03-24,1,1.53
2026-03-24,2,1.57
2026-03-24,3,1.53
2026-03-24,4,1.39
2026-03-24,5,1.24
2026-03-24,6,1.12
2026-03-24,7,1.12
2026-03-24,8,1.28
2026-03-24,9,1.57
2026-03-24,10,1.93
2026-03-24,11,2.23
2026-03-24,12,2.39
2026-03-24,13,2.43
2026-03-24,14,2.34
2026-03-24,15,2.17
2026-03-24,16,1.9
2026-03-24,17,1.54
2026-03-24,18,1.15
2026-03-24,19,0.78
2026-03-24,20,0.55
2026-03-24,21,0.47
2026-03-24,22,0.58
2026-03-24,23,0.78
2026-03-24,24,0.98
2026-03-25,1,1.17
2026-03-25,2,1.29
2026-03-25,3,1.36
2026-03-25,4,1.37
2026-03-25,5,1.32
2026-03-25,6,1.27
2026-03-25,7,1.25
2026-03-25,8,1.32
2026-03-25,9,1.5
2026-03-25,10,1.76
2026-03-25,11,2.05
2026-03-25,12,2.25
2026-03-25,13,2.36
2026-03-25,14,2.36
2026-03-25,15,2.28
2026-03-25,16,2.13
2026-03-25,17,1.89
2026-03-25,18,1.58
2026-03-25,19,1.22
2026-03-25,20,0.87
2026-03-25,21,0.63
2026-03-25,22,0.51
2026-03-25,23,0.55
2026-03-25,24,0.66
2026-03-26,1,0.81
2026-03-26,2,0.97
2026-03-26,3,1.1
2026-03-26,4,1.22
2026-03-26,5,1.29
2026-03-26,6,1.34
2026-03-26,7,1.37
2026-03-26,8,1.41
2026-03-26,9,1.5
2026-03-26,10,1.63
2026-03-26,11,1.82
2026-03-26,12,2.02
2026-03-26,13,2.17
2026-03-26,14,2.26
2026-03-26,15,2.27
2026-03-26,16,2.23
2026-03-26,17,2.12
2026-03-26,18,1.94
2026-03-26,19,1.67
2026-03-26,20,1.33
2026-03-26,21,0.99
2026-03-26,22,0.7
2026-03-26,23,0.53
2026-03-26,24,0.49
2026-03-27,1,0.54
2026-03-27,2,0.67
2026-03-27,3,0.83
2026-03-27,4,1.0
2026-03-27,5,1.17
2026-03-27,6,1.32
2026-03-27,7,1.43
2026-03-27,8,1.49
2026-03-27,9,1.54
2026-03-27,10,1.58
2026-03-27,11,1.64
2026-03-27,12,1.75
2026-03-27,13,1.89
2026-03-27,14,2.02
2026-03-27,15,2.12
2026-03-27,16,2.18
2026-03-27,17,2.2
2026-03-27,18,2.15
2026-03-27,19,2.01
2026-03-27,20,1.77
2026-03-27,21,1.44
2026-03-27,22,1.08
2026-03-27,23,0.75
2026-03-27,24,0.52
2026-03-28,1,0.43
2026-03-28,2,0.46
2026-03-28,3,0.59
2026-03-28,4,0.79
2026-03-28,5,1.02
2026-03-28,6,1.24
2026-03-28,7,1.42
2026-03-28,8,1.54
2026-03-28,9,1.6
2026-03-28,10,1.59
2026-03-28,11,1.56
2026-03-28,12,1.54
2026-03-28,13,1.59
2026-03-28,14,1.7
2026-03-28,15,1.85
2026-03-28,16,2.01
2026-03-28,17,2.14
2026-03-28,18,2.22
2026-03-28,19,2.21
2026-03-28,20,2.09
2026-03-28,21,1.86
2026-03-28,22,1.52
2026-03-28,23,1.13
2026-03-28,24,0.75
2026-03-29,1,0.49
2026-03-29,2,0.38
2026-03-29,3,0.44
2026-03-29,4,0.62
2026-03-29,5,0.88
2026-03-29,6,1.15
2026-03-29,7,1.39
2026-03-29,8,1.56
2026-03-29,9,1.65
2026-03-29,10,1.64
2026-03-29,11,1.55
2026-03-29,12,1.44
2026-03-29,13,1.35
2026-03-29,14,1.37
2026-03-29,15,1.5
2026-03-29,16,1.71
2026-03-29,17,1.94
2026-03-29,18,2.13
2026-03-29,19,2.25
2026-03-29,20,2.25
2026-03-29,21,2.14
2026-03-29,22,1.89
2026-03-29,23,1.53
2026-03-29,24,1.11
2026-03-30,1,0.72
2026-03-30,2,0.46
2026-03-30,3,0.39
2026-03-30,4,0.51
2026-03-30,5,0.78
2026-03-30,6,1.08
2026-03-30,7,1.37
2026-03-30,8,1.58
2026-03-30,9,1.7
2026-03-30,10,1.71
2026-03-30,11,1.61
2026-03-30,12,1.44
2026-03-30,13,1.25
2026-03-30,14,1.13
2026-03-30,15,1.16
2026-03-30,16,1.34
2026-03-30,17,1.62
2026-03-30,18,1.91
2026-03-30,19,2.14
2026-03-30,20,2.27
2026-03-30,21,2.26
2026-03-30,22,2.13
2026-03-30,23,1.85
2026-03-30,24,1.47
2026-03-31,1,1.04
2026-03-31,2,0.66
2026-03-31,3,0.46
2026-03-31,4,0.48
2026-03-31,5,0.7
2026-03-31,6,1.03
2026-03-31,7,1.36
2026-03-31,8,1.63
2026-03-31,9,1.78
2026-03-31,10,1.81
2026-03-31,11,1.72
2026-03-31,12,1.52
2026-03-31,13,1.27
2026-03-31,14,1.03
2026-03-31,15,0.92
2026-03-31,16,0.99
2026-03-31,17,1.24
2026-03-31,18,1.59
2026-03-31,19,1.91
2026-03-31,20,2.14
2026-03-31,21,2.25
2026-03-31,22,2.22
2026-03-31,23,2.06
2026-03-31,24,1.75
2026-04-01,1,1.35
2026-04-01,2,0.93
2026-04-01,3,0.62
2026-04-01,4,0.53
2026-04-01,5,0.66
2026-04-01,6,0.98
2026-04-01,7,1.35
2026-04-01,8,1.67
2026-04-01,9,1.88
2026-04-01,10,1.93
2026-04-01,11,1.87
2026-04-01,12,1.66
2026-04-01,13,1.38
2026-04-01,14,1.07
2026-04-01,15,0.82
2026-04-01,16,0.76
2026-04-01,17,0.9
2026-04-01,18,1.21
2026-04-01,19,1.59
2026-04-01,20,1.9
2026-04-01,21,2.12
2026-04-01,22,2.19
2026-04-01,23,2.13
2026-04-01,24,1.92
2026-04-02,1,1.59
2026-04-02,2,1.2
2026-04-02,3,0.84
2026-04-02,4,0.65
2026-04-02,5,0.68
2026-04-02,6,0.94
2026-04-02,7,1.32
2026-04-02,8,1.68
2026-04-02,9,1.95
2026-04-02,10,2.06
2026-04-02,11,2.02
2026-04-02,12,1.85
2026-04-02,13,1.55
2026-04-02,14,1.21
2026-04-02,15,0.87
2026-04-02,16,0.66
2026-04-02,17,0.66
2026-04-02,18,0.87
2026-04-02,19,1.23
2026-04-02,20,1.59
2026-04-02,21,1.88
2026-04-02,22,2.05
2026-04-02,23,2.08
2026-04-02,24,1.99
2026-04-03,1,1.74
2026-04-03,2,1.41
2026-04-03,3,1.06
2026-04-03,4,0.8
2026-04-03,5,0.76
2026-04-03,6,0.92
2026-04-03,7,1.28
2026-04-03,8,1.67
2026-04-03,9,1.98
2026-04-03,10,2.16
2026-04-03,11,2.16
2026-04-03,12,2.03
2026-04-03,13,1.76
2026-04-03,14,1.4
2026-04-03,15,1.03
2026-04-03,16,0.7
2026-04-03,17,0.57
2026-04-03,18,0.64
2026-04-03,19,0.91
2026-04-03,20,1.27
2026-04-03,21,1.58
2026-04-03,22,1.83
2026-04-03,23,1.95
2026-04-03,24,1.94
2026-04-04,1,1.81
2026-04-04,2,1.54
2026-04-04,3,1.25
2026-04-04,4,0.97
2026-04-04,5,0.86
2026-04-04,6,0.96
2026-04-04,7,1.24
2026-04-04,8,1.63
2026-04-04,9,1.97
2026-04-04,10,2.19
2026-04-04,11,2.26
2026-04-04,12,2.17
2026-04-04,13,1.95
2026-04-04,14,1.62
2026-04-04,15,1.23
2026-04-04,16,0.86
2026-04-04,17,0.6
2026-04-04,18,0.54
2026-04-04,19,0.68
2026-04-04,20,0.97
2026-04-04,21,1.29
2026-04-04,22,1.55
2026-04-04,23,1.74
2026-04-04,24,1.81
2026-04-05,1,1.78
2026-04-05,2,1.61
2026-04-05,3,1.37
2026-04-05,4,1.14
2026-04-05,5,0.98
2026-04-05,6,1.02
2026-04-05,7,1.22
2026-04-05,8,1.57
2026-04-05,9,1.93
2026-04-05,10,2.18
2026-04-05,11,2.31
2026-04-05,12,2.27
2026-04-05,13,2.1
2026-04-05,14,1.82
2026-04-05,15,1.45
2026-04-05,16,1.08
2026-04-05,17,0.74
2026-04-05,18,0.56
2026-04-05,19,0.57
2026-04-05,20,0.74
2026-04-05,21,1.02
2026-04-05,22,1.28
2026-04-05,23,1.5
2026-04-05,24,1.63
2026-04-06,1,1.66
2026-04-06,2,1.6
2026-04-06,3,1.44
2026-04-06,4,1.26
2026-04-06,5,1.11
2026-04-06,6,1.09
2026-04-06,7,1.24
2026-04-06,8,1.51
2026-04-06,9,1.85
2026-04-06,10,2.14
2026-04-06,11,2.29
2026-04-06,12,2.32
2026-04-06,13,2.2
2026-04-06,14,1.98
2026-04-06,15,1.67
2026-04-06,16,1.31
2026-04-06,17,0.96
2026-04-06,18,0.68
2026-04-06,19,0.58
2026-04-06,20,0.63
2026-04-06,21,0.81
2026-04-06,22,1.04
2026-04-06,23,1.24
2026-04-06,24,1.41
2026-04-07,1,1.49
2026-04-07,2,1.51
2026-04-07,3,1.44
2026-04-07,4,1.32
2026-04-07,5,1.22
2026-04-07,6,1.18
2026-04-07,7,1.26
2026-04-07,8,1.47
2026-04-07,9,1.75
2026-04-07,10,2.04
2026-04-07,11,2.24
2026-04-07,12,2.31
2026-04-07,13,2.26
2026-04-07,14,2.09
2026-04-07,15,1.85
2026-04-07,16,1.53
2026-04-07,17,1.2
2026-04-07,18,0.9
2026-04-07,19,0.69
2026-04-07,20,0.63
2026-04-07,21,0.69
2026-04-07,22,0.85
2026-04-07,23,1.02
2026-04-07,24,1.17
2026-04-08,1,1.29
2026-04-08,2,1.36
2026-04-08,3,1.37
2026-04-08,4,1.34
2026-04-08,5,1.29
2026-04-08,6,1.27
2026-04-08,7,1.31
2026-04-08,8,1.45
2026-04-08,9,1.66
2026-04-08,10,1.91
2026-04-08,11,2.13
2026-04-08,12,2.24
2026-04-08,13,2.25
2026-04-08,14,2.16
2026-04-08,15,1.98
2026-04-08,16,1.74
2026-04-08,17,1.45
2026-04-08,18,1.16
2026-04-08,19,0.9
2026-04-08,20,0.73
2026-04-08,21,0.68
2026-04-08,22,0.73
2026-04-08,23,0.84
2026-04-08,24,0.96
2026-04-09,1,1.08
2026-04-09,2,1.19
2026-04-09,3,1.26
2026-04-09,4,1.3
2026-04-09,5,1.32
2026-04-09,6,1.33
2026-04-09,7,1.38
2026-04-09,8,1.46
2026-04-09,9,1.6
2026-04-09,10,1.78
2026-04-09,11,1.97
2026-04-09,12,2.11
2026-04-09,13,2.17
2026-04-09,14,2.16
2026-04-09,15,2.06
2026-04-09,16,1.9
2026-04-09,17,1.67
2026-04-09,18,1.42
2026-04-09,19,1.16
2026-04-09,20,0.93
2026-04-09,21,0.78
2026-04-09,22,0.71
2026-04-09,23,0.73
2026-04-09,24,0.8
2026-04-10,1,0.89
2026-04-10,2,1.0
2026-04-10,3,1.11
2026-04-10,4,1.22
2026-04-10,5,1.3
2026-04-10,6,1.37
2026-04-10,7,1.43
2026-04-10,8,1.5
2026-04-10,9,1.58
2026-04-10,10,1.68
2026-04-10,11,1.81
2026-04-10,12,1.93
2026-04-10,13,2.03
2026-04-10,14,2.08
2026-04-10,15,2.07
2026-04-10,16,2.0
2026-04-10,17,1.86
2026-04-10,18,1.67
2026-04-10,19,1.43
2026-04-10,20,1.19
2026-04-10,21,0.97
2026-04-10,22,0.8
2026-04-10,23,0.71
2026-04-10,24,0.69
2026-04-11,1,0.74
2026-04-11,2,0.83
2026-04-11,3,0.96
2026-04-11,4,1.11
2026-04-11,5,1.25
2026-04-11,6,1.38
2026-04-11,7,1.47
2026-04-11,8,1.54
2026-04-11,9,1.59
2026-04-11,10,1.62
2026-04-11,11,1.66
2026-04-11,12,1.73
2026-04-11,13,1.82
2026-04-11,14,1.92
2026-04-11,15,1.99
2026-04-11,16,2.02
2026-04-11,17,1.98
2026-04-11,18,1.87
2026-04-11,19,1.7
2026-04-11,20,1.47
2026-04-11,21,1.22
2026-04-11,22,0.98
2026-04-11,23,0.79
2026-04-11,24,0.68
2026-04-12,1,0.64
2026-04-12,2,0.69
2026-04-12,3,0.81
2026-04-12,4,0.99
2026-04-12,5,1.18
2026-04-12,6,1.36
2026-04-12,7,1.5
2026-04-12,8,1.59
2026-04-12,9,1.62
2026-04-12,10,1.61
2026-04-12,11,1.57
2026-04-12,12,1.55
2026-04-12,13,1.59
2026-04-12,14,1.68
2026-04-12,15,1.81
2026-04-12,16,1.93
2026-04-12,17,2.02
2026-04-12,18,2.02
2026-04-12,19,1.93
2026-04-12,20,1.75
2026-04-12,21,1.51
2026-04-12,22,1.24
2026-04-12,23,0.97
2026-04-12,24,0.75
2026-04-13,1,0.63
2026-04-13,2,0.61
2026-04-13,3,0.7
2026-04-13,4,0.88
2026-04-13,5,1.11
2026-04-13,6,1.34
2026-04-13,7,1.53
2026-04-13,8,1.65
2026-04-13,9,1.68
2026-04-13,10,1.63
2026-04-13,11,1.53
2026-04-13,12,1.42
2026-04-13,13,1.37
2026-04-13,14,1.41
2026-04-13,15,1.54
2026-04-13,16,1.73
2026-04-13,17,1.92
2026-04-13,18,2.05
2026-04-13,19,2.08
2026-04-13,20,1.99
2026-04-13,21,1.8
2026-04-13,22,1.53
2026-04-13,23,1.22
2026-04-13,24,0.92
2026-04-14,1,0.69
2026-04-14,2,0.59
2026-04-14,3,0.63
2026-04-14,4,0.8
2026-04-14,5,1.05
2026-04-14,6,1.33
2026-04-14,7,1.56
2026-04-14,8,1.72
2026-04-14,9,1.77
2026-04-14,10,1.71
2026-04-14,11,1.56
2026-04-14,12,1.37
2026-04-14,13,1.2
2026-04-14,14,1.14
2026-04-14,15,1.21
2026-04-14,16,1.42
2026-04-14,17,1.69
2026-04-14,18,1.94
2026-04-14,19,2.11
2026-04-14,20,2.14
2026-04-14,21,2.04
2026-04-14,22,1.82
2026-04-14,23,1.51
2026-04-14,24,1.18
2026-04-15,1,0.86
2026-04-15,2,0.65
2026-04-15,3,0.61
2026-04-15,4,0.74
2026-04-15,5,1.01
2026-04-15,6,1.32
2026-04-15,7,1.61
2026-04-15,8,1.81
2026-04-15,9,1.89
2026-04-15,10,1.85
2026-04-15,11,1.68
2026-04-15,12,1.43
2026-04-15,13,1.15
2026-04-15,14,0.93
2026-04-15,15,0.89
2026-04-15,16,1.03
2026-04-15,17,1.32
2026-04-15,18,1.67
2026-04-15,19,1.96
2026-04-15,20,2.14
2026-04-15,21,2.17
2026-04-15,22,2.05
2026-04-15,23,1.8
2026-04-15,24,1.46
2026-04-16,1,1.11
2026-04-16,2,0.8
2026-04-16,3,0.66
2026-04-16,4,0.72
2026-04-16,5,0.96
2026-04-16,6,1.32
2026-04-16,7,1.66
2026-04-16,8,1.92
2026-04-16,9,2.05
2026-04-16,10,2.03
2026-04-16,11,1.87
2026-04-16,12,1.58
2026-04-16,13,1.24
2026-04-16,14,0.89
2026-04-16,15,0.67
2026-04-16,16,0.67
2026-04-16,17,0.88
2026-04-16,18,1.26
2026-04-16,19,1.65
2026-04-16,20,1.96
2026-04-16,21,2.14
2026-04-16,22,2.15
2026-04-16,23,2.01
2026-04-16,24,1.73
2026-04-17,1,1.38
2026-04-17,2,1.03
2026-04-17,3,0.77
2026-04-17,4,0.74
2026-04-17,5,0.93
2026-04-17,6,1.28
2026-04-17,7,1.69
2026-04-17,8,2.01
2026-04-17,9,2.21
2026-04-17,10,2.24
2026-04-17,11,2.12
2026-04-17,12,1.85
2026-04-17,13,1.45
2026-04-17,14,1.03
2026-04-17,15,0.63
2026-04-17,16,0.44
2026-04-17,17,0.5
2026-04-17,18,0.78
2026-04-17,19,1.21
2026-04-17,20,1.61
2026-04-17,21,1.91
2026-04-17,22,2.07
2026-04-17,23,2.07
2026-04-17,24,1.92
2026-04-18,1,1.62
2026-04-18,2,1.28
2026-04-18,3,0.97
2026-04-18,4,0.82
2026-04-18,5,0.92
2026-04-18,6,1.22
2026-04-18,7,1.66
2026-04-18,8,2.06
2026-04-18,9,2.33
2026-04-18,10,2.44
2026-04-18,11,2.36
2026-04-18,12,2.15
2026-04-18,13,1.78
2026-04-18,14,1.31
2026-04-18,15,0.82
2026-04-18,16,0.43
2026-04-18,17,0.28
2026-04-18,18,0.39
2026-04-18,19,0.72
2026-04-18,20,1.16
2026-04-18,21,1.53
2026-04-18,22,1.82
2026-04-18,23,1.95
2026-04-18,24,1.94
2026-04-19,1,1.78
2026-04-19,2,1.49
2026-04-19,3,1.19
2026-04-19,4,0.97
2026-04-19,5,0.96
2026-04-19,6,1.17
2026-04-19,7,1.56
2026-04-19,8,2.02
2026-04-19,9,2.36
2026-04-19,10,2.56
2026-04-19,11,2.57
2026-04-19,12,2.41
2026-04-19,13,2.13
2026-04-19,14,1.68
2026-04-19,15,1.17
2026-04-19,16,0.67
2026-04-19,17,0.3
2026-04-19,18,0.2
2026-04-19,19,0.34
2026-04-19,20,0.7
2026-04-19,21,1.09
2026-04-19,22,1.43
2026-04-19,23,1.69
2026-04-19,24,1.8
2026-04-20,1,1.79
2026-04-20,2,1.62
2026-04-20,3,1.37
2026-04-20,4,1.16
2026-04-20,5,1.04
2026-04-20,6,1.16
2026-04-20,7,1.45
2026-04-20,8,1.88
2026-04-20,9,2.3
2026-04-20,10,2.56
2026-04-20,11,2.67
2026-04-20,12,2.6
2026-04-20,13,2.4
2026-04-20,14,2.06
2026-04-20,15,1.59
2026-04-20,16,1.07
2026-04-20,17,0.58
2026-04-20,18,0.27
2026-04-20,19,0.19
2026-04-20,20,0.34
2026-04-20,21,0.68
2026-04-20,22,1.01
2026-04-20,23,1.31
2026-04-20,24,1.53
2026-04-21,1,1.63
2026-04-21,2,1.62
2026-04-21,3,1.48
2026-04-21,4,1.32
2026-04-21,5,1.19
2026-04-21,6,1.19
2026-04-21,7,1.38
2026-04-21,8,1.7
2026-04-21,9,2.11
2026-04-21,10,2.44
2026-04-21,11,2.62
2026-04-21,12,2.67
2026-04-21,13,2.55
2026-04-21,14,2.34
2026-04-21,15,1.98
2026-04-21,16,1.53
2026-04-21,17,1.04
2026-04-21,18,0.58
2026-04-21,19,0.31
2026-04-21,20,0.23
2026-04-21,21,0.38
2026-04-21,22,0.65
2026-04-21,23,0.92
2026-04-21,24,1.19
2026-04-22,1,1.37
2026-04-22,2,1.48
2026-04-22,3,1.49
2026-04-22,4,1.41
2026-04-22,5,1.33
2026-04-22,6,1.28
2026-04-22,7,1.36
2026-04-22,8,1.57
2026-04-22,9,1.87
2026-04-22,10,2.21
2026-04-22,11,2.45
2026-04-22,12,2.57
2026-04-22,13,2.57
2026-04-22,14,2.45
2026-04-22,15,2.25
2026-04-22,16,1.92
2026-04-22,17,1.51
2026-04-22,18,1.06
2026-04-22,19,0.65
2026-04-22,20,0.39
2026-04-22,21,0.3
2026-04-22,22,0.41
2026-04-22,23,0.62
2026-04-22,24,0.85
2026-04-23,1,1.08
2026-04-23,2,1.25
2026-04-23,3,1.38
2026-04-23,4,1.42
2026-04-23,5,1.42
2026-04-23,6,1.41
2026-04-23,7,1.41
2026-04-23,8,1.51
2026-04-23,9,1.68
2026-04-23,10,1.92
2026-04-23,11,2.17
2026-04-23,12,2.34
2026-04-23,13,2.43
2026-04-23,14,2.42
2026-04-23,15,2.33
2026-04-23,16,2.17
2026-04-23,17,1.89
2026-04-23,18,1.54
2026-04-23,19,1.13
2026-04-23,20,0.76
2026-04-23,21,0.49
2026-04-23,22,0.38
2026-04-23,23,0.44
2026-04-23,24,0.59
2026-04-24,1,0.79
2026-04-24,2,1.0
2026-04-24,3,1.19
2026-04-24,4,1.34
2026-04-24,5,1.44
2026-04-24,6,1.49
2026-04-24,7,1.51
2026-04-24,8,1.53
2026-04-24,9,1.59
2026-04-24,10,1.69
2026-04-24,11,1.86
2026-04-24,12,2.03
2026-04-24,13,2.16
2026-04-24,14,2.24
2026-04-24,15,2.26
2026-04-24,16,2.23
2026-04-24,17,2.11
2026-04-24,18,1.9
2026-04-24,19,1.59
2026-04-24,20,1.22
2026-04-24,21,0.86
2026-04-24,22,0.58
2026-04-24,23,0.45
2026-04-24,24,0.46
2026-04-25,1,0.59
2026-04-25,2,0.78
2026-04-25,3,1.0
2026-04-25,4,1.21
2026-04-25,5,1.39
2026-04-25,6,1.52
2026-04-25,7,1.59
2026-04-25,8,1.61
2026-04-25,9,1.6
2026-04-25,10,1.58
2026-04-25,11,1.61
2026-04-25,12,1.7
2026-04-25,13,1.82
2026-04-25,14,1.95
2026-04-25,15,2.05
2026-04-25,16,2.12
2026-04-25,17,2.14
2026-04-25,18,2.08
2026-04-25,19,1.91
2026-04-25,20,1.64
2026-04-25,21,1.29
2026-04-25,22,0.94
2026-04-25,23,0.65
2026-04-25,24,0.5
2026-04-26,1,0.5
2026-04-26,2,0.63
2026-04-26,3,0.84
2026-04-26,4,1.08
2026-04-26,5,1.32
2026-04-26,6,1.52
2026-04-26,7,1.64
2026-04-26,8,1.7
2026-04-26,9,1.67
2026-04-26,10,1.58
2026-04-26,11,1.49
2026-04-26,12,1.44
2026-04-26,13,1.48
2026-04-26,14,1.59
2026-04-26,15,1.75
2026-04-26,16,1.9
2026-04-26,17,2.02
2026-04-26,18,2.08
2026-04-26,19,2.05
2026-04-26,20,1.91
2026-04-26,21,1.66
2026-04-26,22,1.32
2026-04-26,23,0.98
2026-04-26,24,0.69
2026-04-27,1,0.55
2026-04-27,2,0.58
2026-04-27,3,0.75
2026-04-27,4,1.0
2026-04-27,5,1.27
2026-04-27,6,1.51
2026-04-27,7,1.69
2026-04-27,8,1.78
2026-04-27,9,1.77
2026-04-27,10,1.66
2026-04-27,11,1.49
2026-04-27,12,1.33
2026-04-27,13,1.23
2026-04-27,14,1.25
2026-04-27,15,1.39
2026-04-27,16,1.58
2026-04-27,17,1.78
2026-04-27,18,1.94
2026-04-27,19,2.03
2026-04-27,20,2.01
2026-04-27,21,1.88
2026-04-27,22,1.63
2026-04-27,23,1.31
2026-04-27,24,0.97
2026-04-28,1,0.71
2026-04-28,2,0.62
2026-04-28,3,0.71
2026-04-28,4,0.94
2026-04-28,5,1.24
2026-04-28,6,1.52
2026-04-28,7,1.74
2026-04-28,8,1.87
2026-04-28,9,1.88
2026-04-28,10,1.78
2026-04-28,11,1.58
2026-04-28,12,1.34
2026-04-28,13,1.11
2026-04-28,14,1.0
2026-04-28,15,1.05
2026-04-28,16,1.22
2026-04-28,17,1.47
2026-04-28,18,1.7
2026-04-28,19,1.89
2026-04-28,20,1.98
2026-04-28,21,1.95
2026-04-28,22,1.82
2026-04-28,23,1.57
2026-04-28,24,1.25
2026-04-29,1,0.94
2026-04-29,2,0.74
2026-04-29,3,0.73
2026-04-29,4,0.91
2026-04-29,5,1.21
2026-04-29,6,1.54
2026-04-29,7,1.81
2026-04-29,8,1.97
2026-04-29,9,2.01
2026-04-29,10,1.93
2026-04-29,11,1.73
2026-04-29,12,1.45
2026-04-29,13,1.14
2026-04-29,14,0.89
2026-04-29,15,0.8
2026-04-29,16,0.89
2026-04-29,17,1.12
2026-04-29,18,1.4
2026-04-29,19,1.65
2026-04-29,20,1.84
2026-04-29,21,1.92
2026-04-29,22,1.88
2026-04-29,23,1.73
2026-04-29,24,1.47
2026-04-30,1,1.18
2026-04-30,2,0.91
2026-04-30,3,0.81
2026-04-30,4,0.9
2026-04-30,5,1.17
2026-04-30,6,1.53
2026-04-30,7,1.85
2026-04-30,8,2.07
2026-04-30,9,2.15
2026-04-30,10,2.09
2026-04-30,11,1.91
2026-04-30,12,1.61
2026-04-30,13,1.27
2026-04-30,14,0.92
2026-04-30,15,0.69
2026-04-30,16,0.65
2026-04-30,17,0.79
2026-04-30,18,1.07
2026-04-30,19,1.37
2026-04-30,20,1.62
2026-04-30,21,1.79
2026-04-30,22,1.85
2026-04-30,23,1.8
2026-04-30,24,1.62
2026-05-01,1,1.36
2026-05-01,2,1.1
2026-05-01,3,0.93
2026-05-01,4,0.94
2026-05-01,5,1.14
2026-05-01,6,1.48
2026-05-01,7,1.85
2026-05-01,8,2.12
2026-05-01,9,2.27
2026-05-01,10,2.25
2026-05-01,11,2.1
2026-05-01,12,1.82
2026-05-01,13,1.45
2026-05-01,14,1.06
2026-05-01,15,0.72
2026-05-01,16,0.54
2026-05-01,17,0.56
2026-05-01,18,0.76
2026-05-01,19,1.07
2026-05-01,20,1.35
2026-05-01,21,1.6
2026-05-01,22,1.75
2026-05-01,23,1.78
2026-05-01,24,1.7
2026-05-02,1,1.5
2026-05-02,2,1.27
2026-05-02,3,1.06
2026-05-02,4,1.0
2026-05-02,5,1.13
2026-05-02,6,1.42
2026-05-02,7,1.8
2026-05-02,8,2.12
2026-05-02,9,2.33
2026-05-02,10,2.38
2026-05-02,11,2.26
2026-05-02,12,2.03
2026-05-02,13,1.67
2026-05-02,14,1.26
2026-05-02,15,0.86
2026-05-02,16,0.56
2026-05-02,17,0.46
2026-05-02,18,0.53
2026-05-02,19,0.78
2026-05-02,20,1.08
2026-05-02,21,1.35
2026-05-02,22,1.58
2026-05-02,23,1.69
2026-05-02,24,1.7
2026-05-03,1,1.59
2026-05-03,2,1.39
2026-05-03,3,1.2
2026-05-03,4,1.08
2026-05-03,5,1.14
2026-05-03,6,1.36
2026-05-03,7,1.71
2026-05-03,8,2.08
2026-05-03,9,2.32
2026-05-03,10,2.44
2026-05-03,11,2.39
2026-05-03,12,2.2
2026-05-03,13,1.9
2026-05-03,14,1.49
2026-05-03,15,1.07
2026-05-03,16,0.69
2026-05-03,17,0.47
2026-05-03,18,0.43
2026-05-03,19,0.57
2026-05-03,20,0.84
2026-05-03,21,1.11
2026-05-03,22,1.36
2026-05-03,23,1.54
2026-05-03,24,1.63
2026-05-04,1,1.61
2026-05-04,2,1.47
2026-05-04,3,1.31
2026-05-04,4,1.18
2026-05-04,5,1.17
2026-05-04,6,1.33
2026-05-04,7,1.61
2026-05-04,8,1.98
2026-05-04,9,2.27
2026-05-04,10,2.44
2026-05-04,11,2.46
2026-05-04,12,2.32
2026-05-04,13,2.08
2026-05-04,14,1.72
2026-05-04,15,1.31
2026-05-04,16,0.91
2026-05-04,17,0.58
2026-05-04,18,0.44
2026-05-04,19,0.45
2026-05-04,20,0.63
2026-05-04,21,0.89
2026-05-04,22,1.14
2026-05-04,23,1.36
2026-05-04,24,1.5
2026-05-05,1,1.55
2026-05-05,2,1.51
2026-05-05,3,1.38
2026-05-05,4,1.28
2026-05-05,5,1.22
2026-05-05,6,1.31
2026-05-05,7,1.53
2026-05-05,8,1.84
2026-05-05,9,2.17
2026-05-05,10,2.38
2026-05-05,11,2.46
2026-05-05,12,2.4
2026-05-05,13,2.21
2026-05-05,14,1.92
2026-05-05,15,1.55
2026-05-05,16,1.16
2026-05-05,17,0.79
2026-05-05,18,0.54
2026-05-05,19,0.45
2026-05-05,20,0.51
2026-05-05,21,0.71
2026-05-05,22,0.93
2026-05-05,23,1.15
2026-05-05,24,1.34
2026-05-06,1,1.44
2026-05-06,2,1.48
2026-05-06,3,1.42
2026-05-06,4,1.34
2026-05-06,5,1.3
2026-05-06,6,1.32
2026-05-06,7,1.47
2026-05-06,8,1.71
2026-05-06,9,2.01
2026-05-06,10,2.26
2026-05-06,11,2.4
2026-05-06,12,2.41
2026-05-06,13,2.29
2026-05-06,14,2.07
2026-05-06,15,1.77
2026-05-06,16,1.4
2026-05-06,17,1.04
2026-05-06,18,0.73
2026-05-06,19,0.54
2026-05-06,20,0.49
2026-05-06,21,0.58
2026-05-06,22,0.77
2026-05-06,23,0.96
2026-05-06,24,1.16
2026-05-07,1,1.3
2026-05-07,2,1.39
2026-05-07,3,1.42
2026-05-07,4,1.39
2026-05-07,5,1.36
2026-05-07,6,1.37
2026-05-07,7,1.44
2026-05-07,8,1.61
2026-05-07,9,1.84
2026-05-07,10,2.09
2026-05-07,11,2.27
2026-05-07,12,2.35
2026-05-07,13,2.31
2026-05-07,14,2.17
2026-05-07,15,1.94
2026-05-07,16,1.64
2026-05-07,17,1.3
2026-05-07,18,0.98
2026-05-07,19,0.71
2026-05-07,20,0.57
2026-05-07,21,0.54
2026-05-07,22,0.64
2026-05-07,23,0.8
2026-05-07,24,0.98
2026-05-08,1,1.15
2026-05-08,2,1.28
2026-05-08,3,1.36
2026-05-08,4,1.4
2026-05-08,5,1.41
2026-05-08,6,1.42
2026-05-08,7,1.46
2026-05-08,8,1.55
2026-05-08,9,1.7
2026-05-08,10,1.89
2026-05-08,11,2.08
2026-05-08,12,2.21
2026-05-08,13,2.25
2026-05-08,14,2.19
2026-05-08,15,2.05
2026-05-08,16,1.83
2026-05-08,17,1.55
2026-05-08,18,1.24
2026-05-08,19,0.95
2026-05-08,20,0.73
2026-05-08,21,0.6
2026-05-08,22,0.59
2026-05-08,23,0.68
2026-05-08,24,0.82
2026-05-09,1,0.99
2026-05-09,2,1.14
2026-05-09,3,1.28
2026-05-09,4,1.38
2026-05-09,5,1.44
2026-05-09,6,1.48
2026-05-09,7,1.51
2026-05-09,8,1.55
2026-05-09,9,1.61
2026-05-09,10,1.72
2026-05-09,11,1.86
2026-05-09,12,2.0
2026-05-09,13,2.1
2026-05-09,14,2.13
2026-05-09,15,2.08
2026-05-09,16,1.96
2026-05-09,17,1.76
2026-05-09,18,1.51
2026-05-09,19,1.22
2026-05-09,20,0.96
2026-05-09,21,0.75
2026-05-09,22,0.63
2026-05-09,23,0.62
2026-05-09,24,0.7
2026-05-10,1,0.84
2026-05-10,2,1.01
2026-05-10,3,1.18
2026-05-10,4,1.34
2026-05-10,5,1.46
2026-05-10,6,1.54
2026-05-10,7,1.58
2026-05-10,8,1.58
2026-05-10,9,1.58
2026-05-10,10,1.59
2026-05-10,11,1.65
2026-05-10,12,1.75
2026-05-10,13,1.86
2026-05-10,14,1.97
2026-05-10,15,2.02
2026-05-10,16,2.0
2026-05-10,17,1.91
2026-05-10,18,1.73
2026-05-10,19,1.5
2026-05-10,20,1.22
2026-05-10,21,0.97
2026-05-10,22,0.77
2026-05-10,23,0.65
2026-05-10,24,0.65
2026-05-11,1,0.74
2026-05-11,2,0.9
2026-05-11,3,1.09
2026-05-11,4,1.29
2026-05-11,5,1.47
2026-05-11,6,1.59
2026-05-11,7,1.65
2026-05-11,8,1.65
2026-05-11,9,1.61
2026-05-11,10,1.54
2026-05-11,11,1.48
2026-05-11,12,1.5
2026-05-11,13,1.58
2026-05-11,14,1.71
2026-05-11,15,1.84
2026-05-11,16,1.93
2026-05-11,17,1.96
2026-05-11,18,1.89
2026-05-11,19,1.74
2026-05-11,20,1.51
2026-05-11,21,1.24
2026-05-11,22,0.99
2026-05-11,23,0.78
2026-05-11,24,0.67
2026-05-12,1,0.69
2026-05-12,2,0.82
2026-05-12,3,1.03
2026-05-12,4,1.25
2026-05-12,5,1.47
2026-05-12,6,1.65
2026-05-12,7,1.75
2026-05-12,8,1.76
2026-05-12,9,1.68
2026-05-12,10,1.56
2026-05-12,11,1.4
2026-05-12,12,1.29
2026-05-12,13,1.28
2026-05-12,14,1.37
2026-05-12,15,1.54
2026-05-12,16,1.72
2026-05-12,17,1.87
2026-05-12,18,1.93
2026-05-12,19,1.89
2026-05-12,20,1.75
2026-05-12,21,1.52
2026-05-12,22,1.25
2026-05-12,23,1.0
2026-05-12,24,0.79
2026-05-13,1,0.72
2026-05-13,2,0.78
2026-05-13,3,0.97
2026-05-13,4,1.23
2026-05-13,5,1.5
2026-05-13,6,1.72
2026-05-13,7,1.86
2026-05-13,8,1.9
2026-05-13,9,1.83
2026-05-13,10,1.66
2026-05-13,11,1.43
2026-05-13,12,1.19
2026-05-13,13,1.03
2026-05-13,14,1.02
2026-05-13,15,1.15
2026-05-13,16,1.38
2026-05-13,17,1.62
2026-05-13,18,1.81
2026-05-13,19,1.91
2026-05-13,20,1.89
2026-05-13,21,1.76
2026-05-13,22,1.53
2026-05-13,23,1.26
2026-05-13,24,1.0
2026-05-14,1,0.82
2026-05-14,2,0.79
2026-05-14,3,0.93
2026-05-14,4,1.21
2026-05-14,5,1.53
2026-05-14,6,1.81
2026-05-14,7,2.01
2026-05-14,8,2.09
2026-05-14,9,2.03
2026-05-14,10,1.85
2026-05-14,11,1.57
2026-05-14,12,1.24
2026-05-14,13,0.93
2026-05-14,14,0.75
2026-05-14,15,0.76
2026-05-14,16,0.94
2026-05-14,17,1.24
2026-05-14,18,1.53
2026-05-14,19,1.76
2026-05-14,20,1.88
2026-05-14,21,1.88
2026-05-14,22,1.75
2026-05-14,23,1.52
2026-05-14,24,1.25
2026-05-15,1,1.0
2026-05-15,2,0.87
2026-05-15,3,0.93
2026-05-15,4,1.16
2026-05-15,5,1.52
2026-05-15,6,1.88
2026-05-15,7,2.15
2026-05-15,8,2.29
2026-05-15,9,2.28
2026-05-15,10,2.13
2026-05-15,11,1.83
2026-05-15,12,1.44
2026-05-15,13,1.02
2026-05-15,14,0.65
2026-05-15,15,0.47
2026-05-15,16,0.52
2026-05-15,17,0.76
2026-05-15,18,1.11
2026-05-15,19,1.44
2026-05-15,20,1.7
2026-05-15,21,1.83
2026-05-15,22,1.84
2026-05-15,23,1.72
2026-05-15,24,1.48
2026-05-16,1,1.23
2026-05-16,2,1.02
2026-05-16,3,0.96
2026-05-16,4,1.12
2026-05-16,5,1.44
2026-05-16,6,1.86
2026-05-16,7,2.22
2026-05-16,8,2.45
2026-05-16,9,2.52
2026-05-16,10,2.42
2026-05-16,11,2.17
2026-05-16,12,1.77
2026-05-16,13,1.29
2026-05-16,14,0.81
2026-05-16,15,0.41
2026-05-16,16,0.25
2026-05-16,17,0.33
2026-05-16,18,0.62
2026-05-16,19,1.0
2026-05-16,20,1.34
2026-05-16,21,1.62
2026-05-16,22,1.77
2026-05-16,23,1.78
2026-05-16,24,1.66
2026-05-17,1,1.44
2026-05-17,2,1.21
2026-05-17,3,1.06
2026-05-17,4,1.1
2026-05-17,5,1.35
2026-05-17,6,1.74
2026-05-17,7,2.19
2026-05-17,8,2.51
2026-05-17,9,2.68
2026-05-17,10,2.67
2026-05-17,11,2.49
2026-05-17,12,2.17
2026-05-17,13,1.69
2026-05-17,14,1.16
2026-05-17,15,0.63
2026-05-17,16,0.24
2026-05-17,17,0.1
2026-05-17,18,0.21
2026-05-17,19,0.54
2026-05-17,20,0.91
2026-05-17,21,1.26
2026-05-17,22,1.54
2026-05-17,23,1.68
2026-05-17,24,1.71
2026-05-18,1,1.59
2026-05-18,2,1.39
2026-05-18,3,1.21
2026-05-18,4,1.13
2026-05-18,5,1.27
2026-05-18,6,1.58
2026-05-18,7,2.01
2026-05-18,8,2.43
2026-05-18,9,2.7
2026-05-18,10,2.81
2026-05-18,11,2.73
2026-05-18,12,2.5
2026-05-18,13,2.13
2026-05-18,14,1.61
2026-05-18,15,1.05
2026-05-18,16,0.51
2026-05-18,17,0.15
2026-05-18,18,0.04
2026-05-18,19,0.17
2026-05-18,20,0.5
2026-05-18,21,0.86
2026-05-18,22,1.2
2026-05-18,23,1.46
2026-05-18,24,1.6
2026-05-19,1,1.63
2026-05-19,2,1.51
2026-05-19,3,1.36
2026-05-19,4,1.23
2026-05-19,5,1.23
2026-05-19,6,1.43
2026-05-19,7,1.77
2026-05-19,8,2.2
2026-05-19,9,2.56
2026-05-19,10,2.77
2026-05-19,11,2.82
2026-05-19,12,2.7
2026-05-19,13,2.46
2026-05-19,14,2.06
2026-05-19,15,1.54
2026-05-19,16,0.99
2026-05-19,17,0.47
2026-05-19,18,0.14
2026-05-19,19,0.04
2026-05-19,20,0.19
2026-05-19,21,0.5
2026-05-19,22,0.83
2026-05-19,23,1.16
2026-05-19,24,1.4
2026-05-20,1,1.54
2026-05-20,2,1.55
2026-05-20,3,1.46
2026-05-20,4,1.36
2026-05-20,5,1.28
2026-05-20,6,1.35
2026-05-20,7,1.56
2026-05-20,8,1.89
2026-05-20,9,2.29
2026-05-20,10,2.57
2026-05-20,11,2.73
2026-05-20,12,2.74
2026-05-20,13,2.61
2026-05-20,14,2.38
2026-05-20,15,1.98
2026-05-20,16,1.49
2026-05-20,17,0.96
2026-05-20,18,0.48
2026-05-20,19,0.19
2026-05-20,20,0.11
2026-05-20,21,0.27
2026-05-20,22,0.54
2026-05-20,23,0.85
2026-05-20,24,1.15
2026-05-21,1,1.35
2026-05-21,2,1.49
2026-05-21,3,1.51
2026-05-21,4,1.45
2026-05-21,5,1.39
2026-05-21,6,1.36
2026-05-21,7,1.44
2026-05-21,8,1.64
2026-05-21,9,1.94
2026-05-21,10,2.25
2026-05-21,11,2.47
2026-05-21,12,2.6
2026-05-21,13,2.59
2026-05-21,14,2.48
2026-05-21,15,2.26
2026-05-21,16,1.9
2026-05-21,17,1.46
2026-05-21,18,0.97
2026-05-21,19,0.55
2026-05-21,20,0.28
2026-05-21,21,0.22
2026-05-21,22,0.36
2026-05-21,23,0.6
2026-05-21,24,0.89
2026-05-22,1,1.15
2026-05-22,2,1.35
2026-05-22,3,1.48
2026-05-22,4,1.51
2026-05-22,5,1.49
2026-05-22,6,1.45
2026-05-22,7,1.43
2026-05-22,8,1.5
2026-05-22,9,1.65
2026-05-22,10,1.89
2026-05-22,11,2.13
2026-05-22,12,2.3
2026-05-22,13,2.4
2026-05-22,14,2.4
2026-05-22,15,2.33
2026-05-22,16,2.14
2026-05-22,17,1.83
2026-05-22,18,1.44
2026-05-22,19,1.0
2026-05-22,20,0.63
2026-05-22,21,0.39
2026-05-22,22,0.34
2026-05-22,23,0.48
2026-05-22,24,0.7
2026-05-23,1,0.96
2026-05-23,2,1.19
2026-05-23,3,1.39
2026-05-23,4,1.52
2026-05-23,5,1.57
2026-05-23,6,1.57
2026-05-23,7,1.52
2026-05-23,8,1.49
2026-05-23,9,1.5
2026-05-23,10,1.59
2026-05-23,11,1.77
2026-05-23,12,1.94
2026-05-23,13,2.09
2026-05-23,14,2.18
2026-05-23,15,2.2
2026-05-23,16,2.16
2026-05-23,17,2.01
2026-05-23,18,1.76
2026-05-23,19,1.42
2026-05-23,20,1.04
2026-05-23,21,0.71
2026-05-23,22,0.5
2026-05-23,23,0.48
2026-05-23,24,0.6
2026-05-24,1,0.82
2026-05-24,2,1.06
2026-05-24,3,1.29
2026-05-24,4,1.48
2026-05-24,5,1.61
2026-05-24,6,1.66
2026-05-24,7,1.65
2026-05-24,8,1.58
2026-05-24,9,1.5
2026-05-24,10,1.45
2026-05-24,11,1.48
2026-05-24,12,1.59
2026-05-24,13,1.72
2026-05-24,14,1.86
2026-05-24,15,1.95
2026-05-24,16,2.0
2026-05-24,17,2.0
2026-05-24,18,1.89
2026-05-24,19,1.69
2026-05-24,20,1.4
2026-05-24,21,1.07
2026-05-24,22,0.79
2026-05-24,23,0.62
2026-05-24,24,0.61
2026-05-25,1,0.75
2026-05-25,2,0.97
2026-05-25,3,1.22
2026-05-25,4,1.44
2026-05-25,5,1.63
2026-05-25,6,1.74
2026-05-25,7,1.77
2026-05-25,8,1.72
2026-05-25,9,1.59
2026-05-25,10,1.45
2026-05-25,11,1.34
2026-05-25,12,1.31
2026-05-25,13,1.37
2026-05-25,14,1.49
2026-05-25,15,1.63
2026-05-25,16,1.75
2026-05-25,17,1.83
2026-05-25,18,1.85
2026-05-25,19,1.78
2026-05-25,20,1.62
2026-05-25,21,1.37
2026-05-25,22,1.1
2026-05-25,23,0.86
2026-05-25,24,0.73
2026-05-26,1,0.76
2026-05-26,2,0.93
2026-05-26,3,1.17
2026-05-26,4,1.42
2026-05-26,5,1.64
2026-05-26,6,1.81
2026-05-26,7,1.88
2026-05-26,8,1.86
2026-05-26,9,1.74
2026-05-26,10,1.55
2026-05-26,11,1.35
2026-05-26,12,1.18
2026-05-26,13,1.11
2026-05-26,14,1.16
2026-05-26,15,1.28
2026-05-26,16,1.43
2026-05-26,17,1.57
2026-05-26,18,1.68
2026-05-26,19,1.73
2026-05-26,20,1.68
2026-05-26,21,1.55
2026-05-26,22,1.35
2026-05-26,23,1.11
2026-05-26,24,0.92
2026-05-27,1,0.84
2026-05-27,2,0.93
2026-05-27,3,1.14
2026-05-27,4,1.41
2026-05-27,5,1.67
2026-05-27,6,1.87
2026-05-27,7,1.99
2026-05-27,8,2.0
2026-05-27,9,1.91
2026-05-27,10,1.71
2026-05-27,11,1.45
2026-05-27,12,1.19
2026-05-27,13,0.98
2026-05-27,14,0.91
2026-05-27,15,0.96
2026-05-27,16,1.1
2026-05-27,17,1.28
2026-05-27,18,1.45
2026-05-27,19,1.58
2026-05-27,20,1.64
2026-05-27,21,1.61
2026-05-27,22,1.5
2026-05-27,23,1.32
2026-05-27,24,1.12
2026-05-28,1,0.98
2026-05-28,2,0.97
2026-05-28,3,1.12
2026-05-28,4,1.38
2026-05-28,5,1.68
2026-05-28,6,1.93
2026-05-28,7,2.1
2026-05-28,8,2.15
2026-05-28,9,2.08
2026-05-28,10,1.9
2026-05-28,11,1.62
2026-05-28,12,1.3
2026-05-28,13,0.99
2026-05-28,14,0.78
2026-05-28,15,0.72
2026-05-28,16,0.79
2026-05-28,17,0.97
2026-05-28,18,1.18
2026-05-28,19,1.37
2026-05-28,20,1.52
2026-05-28,21,1.58
2026-05-28,22,1.57
2026-05-28,23,1.45
2026-05-28,24,1.29
2026-05-29,1,1.13
2026-05-29,2,1.04
2026-05-29,3,1.11
2026-05-29,4,1.33
2026-05-29,5,1.64
2026-05-29,6,1.95
2026-05-29,7,2.17
2026-05-29,8,2.28
2026-05-29,9,2.24
2026-05-29,10,2.09
2026-05-29,11,1.82
2026-05-29,12,1.47
2026-05-29,13,1.11
2026-05-29,14,0.79
2026-05-29,15,0.6
2026-05-29,16,0.57
2026-05-29,17,0.69
2026-05-29,18,0.91
2026-05-29,19,1.13
2026-05-29,20,1.35
2026-05-29,21,1.5
2026-05-29,22,1.56
2026-05-29,23,1.53
2026-05-29,24,1.41
2026-05-30,1,1.26
2026-05-30,2,1.14
2026-05-30,3,1.13
2026-05-30,4,1.28
2026-05-30,5,1.56
2026-05-30,6,1.9
2026-05-30,7,2.18
2026-05-30,8,2.35
2026-05-30,9,2.38
2026-05-30,10,2.27
2026-05-30,11,2.04
2026-05-30,12,1.69
2026-05-30,13,1.3
2026-05-30,14,0.91
2026-05-30,15,0.61
2026-05-30,16,0.46
2026-05-30,17,0.48
2026-05-30,18,0.65
2026-05-30,19,0.89
2026-05-30,20,1.14
2026-05-30,21,1.36
2026-05-30,22,1.5
2026-05-30,23,1.55
2026-05-30,24,1.49
2026-05-31,1,1.36
2026-05-31,2,1.24
2026-05-31,3,1.17
2026-05-31,4,1.25
2026-05-31,5,1.47
2026-05-31,6,1.79
2026-05-31,7,2.13
2026-05-31,8,2.36
2026-05-31,9,2.47
2026-05-31,10,2.41
2026-05-31,11,2.23
2026-05-31,12,1.93
2026-05-31,13,1.53
2026-05-31,14,1.12
2026-05-31,15,0.73
2026-05-31,16,0.47
2026-05-31,17,0.38
2026-05-31,18,0.45
2026-05-31,19,0.67
2026-05-31,20,0.92
2026-05-31,21,1.18
2026-05-31,22,1.39
2026-05-31,23,1.51
2026-05-31,24,1.53
2026-06-01,1,1.44
2026-06-01,2,1.32
2026-06-01,3,1.23
2026-06-01,4,1.23
2026-06-01,5,1.39
2026-06-01,6,1.66
2026-06-01,7,2.01
2026-06-01,8,2.31
2026-06-01,9,2.48
2026-06-01,10,2.5
2026-06-01,11,2.37
2026-06-01,12,2.13
2026-06-01,13,1.78
2026-06-01,14,1.36
2026-06-01,15,0.94
2026-06-01,16,0.58
2026-06-01,17,0.39
2026-06-01,18,0.35
2026-06-01,19,0.49
2026-06-01,20,0.73
2026-06-01,21,0.99
2026-06-01,22,1.24
2026-06-01,23,1.42
2026-06-01,24,1.51
2026-06-02,1,1.49
2026-06-02,2,1.39
2026-06-02,3,1.29
2026-06-02,4,1.24
2026-06-02,5,1.32
2026-06-02,6,1.54
2026-06-02,7,1.85
2026-06-02,8,2.18
2026-06-02,9,2.42
2026-06-02,10,2.52
2026-06-02,11,2.47
2026-06-02,12,2.29
2026-06-02,13,2.0
2026-06-02,14,1.61
2026-06-02,15,1.19
2026-06-02,16,0.79
2026-06-02,17,0.49
2026-06-02,18,0.35
2026-06-02,19,0.38
2026-06-02,20,0.57
2026-06-02,21,0.81
2026-06-02,22,1.07
2026-06-02,23,1.29
2026-06-02,24,1.43
2026-06-03,1,1.49
2026-06-03,2,1.44
2026-06-03,3,1.35
2026-06-03,4,1.29
2026-06-03,5,1.29
2026-06-03,6,1.43
2026-06-03,7,1.68
2026-06-03,8,2.0
2026-06-03,9,2.29
2026-06-03,10,2.47
2026-06-03,11,2.51
2026-06-03,12,2.39
2026-06-03,13,2.17
2026-06-03,14,1.84
2026-06-03,15,1.44
2026-06-03,16,1.03
2026-06-03,17,0.67
2026-06-03,18,0.44
2026-06-03,19,0.36
2026-06-03,20,0.45
2026-06-03,21,0.66
2026-06-03,22,0.91
2026-06-03,23,1.15
2026-06-03,24,1.33
2026-06-04,1,1.44
2026-06-04,2,1.46
2026-06-04,3,1.4
2026-06-04,4,1.34
2026-06-04,5,1.31
2026-06-04,6,1.36
2026-06-04,7,1.54
2026-06-04,8,1.79
2026-06-04,9,2.1
2026-06-04,10,2.34
2026-06-04,11,2.46
2026-06-04,12,2.43
2026-06-04,13,2.28
2026-06-04,14,2.03
2026-06-04,15,1.68
2026-06-04,16,1.29
2026-06-04,17,0.91
2026-06-04,18,0.59
2026-06-04,19,0.43
2026-06-04,20,0.4
2026-06-04,21,0.54
2026-06-04,22,0.76
2026-06-04,23,1.0
2026-06-04,24,1.22
2026-06-05,1,1.36
2026-06-05,2,1.44
2026-06-05,3,1.44
2026-06-05,4,1.4
2026-06-05,5,1.36
2026-06-05,6,1.35
2026-06-05,7,1.44
2026-06-05,8,1.62
2026-06-05,9,1.87
2026-06-05,10,2.14
2026-06-05,11,2.32
2026-06-05,12,2.39
2026-06-05,13,2.32
2026-06-05,14,2.15
2026-06-05,15,1.88
2026-06-05,16,1.53
2026-06-05,17,1.16
2026-06-05,18,0.81
2026-06-05,19,0.56
2026-06-05,20,0.44
2026-06-05,21,0.48
2026-06-05,22,0.65
2026-06-05,23,0.87
2026-06-05,24,1.09
2026-06-06,1,1.28
2026-06-06,2,1.4
2026-06-06,3,1.46
2026-06-06,4,1.46
2026-06-06,5,1.43
2026-06-06,6,1.4
2026-06-06,7,1.41
2026-06-06,8,1.5
2026-06-06,9,1.66
2026-06-06,10,1.89
2026-06-06,11,2.11
2026-06-06,12,2.24
2026-06-06,13,2.28
2026-06-06,14,2.19
2026-06-06,15,2.01
2026-06-06,16,1.74
2026-06-06,17,1.41
2026-06-06,18,1.06
2026-06-06,19,0.76
2026-06-06,20,0.56
2026-06-06,21,0.49
2026-06-06,22,0.57
2026-06-06,23,0.75
2026-06-06,24,0.97
2026-06-07,1,1.18
2026-06-07,2,1.34
2026-06-07,3,1.46
2026-06-07,4,1.51
2026-06-07,5,1.51
2026-06-07,6,1.48
2026-06-07,7,1.45
2026-06-07,8,1.45
2026-06-07,9,1.51
2026-06-07,10,1.65
2026-06-07,11,1.84
2026-06-07,12,2.01
2026-06-07,13,2.13
2026-06-07,14,2.14
2026-06-07,15,2.06
2026-06-07,16,1.88
2026-06-07,17,1.62
2026-06-07,18,1.32
2026-06-07,19,1.0
2026-06-07,20,0.75
2026-06-07,21,0.59
2026-06-07,22,0.57
2026-06-07,23,0.68
2026-06-07,24,0.87
2026-06-08,1,1.09
2026-06-08,2,1.28
2026-06-08,3,1.44
2026-06-08,4,1.55
2026-06-08,5,1.59
2026-06-08,6,1.59
2026-06-08,7,1.53
2026-06-08,8,1.47
2026-06-08,9,1.43
2026-06-08,10,1.45
2026-06-08,11,1.56
2026-06-08,12,1.71
2026-06-08,13,1.87
2026-06-08,14,1.97
2026-06-08,15,1.99
2026-06-08,16,1.93
2026-06-08,17,1.77
2026-06-08,18,1.54
2026-06-08,19,1.26
2026-06-08,20,0.99
2026-06-08,21,0.77
2026-06-08,22,0.66
2026-06-08,23,0.67
2026-06-08,24,0.81
2026-06-09,1,1.01
2026-06-09,2,1.24
2026-06-09,3,1.43
2026-06-09,4,1.58
2026-06-09,5,1.68
2026-06-09,6,1.7
2026-06-09,7,1.66
2026-06-09,8,1.56
2026-06-09,9,1.44
2026-06-09,10,1.34
2026-06-09,11,1.32
2026-06-09,12,1.4
2026-06-09,13,1.53
2026-06-09,14,1.69
2026-06-09,15,1.8
2026-06-09,16,1.84
2026-06-09,17,1.81
2026-06-09,18,1.69
2026-06-09,19,1.49
2026-06-09,20,1.25
2026-06-09,21,1.01
2026-06-09,22,0.83
2026-06-09,23,0.75
2026-06-09,24,0.8
2026-06-10,1,0.97
2026-06-10,2,1.2
2026-06-10,3,1.44
2026-06-10,4,1.63
2026-06-10,5,1.78
2026-06-10,6,1.84
2026-06-10,7,1.82
2026-06-10,8,1.72
2026-06-10,9,1.54
2026-06-10,10,1.35
2026-06-10,11,1.18
2026-06-10,12,1.11
2026-06-10,13,1.17
2026-06-10,14,1.3
2026-06-10,15,1.48
2026-06-10,16,1.62
2026-06-10,17,1.71
2026-06-10,18,1.71
2026-06-10,19,1.63
2026-06-10,20,1.48
2026-06-10,21,1.26
2026-06-10,22,1.06
2026-06-10,23,0.91
2026-06-10,24,0.86
2026-06-11,1,0.96
2026-06-11,2,1.16
2026-06-11,3,1.43
2026-06-11,4,1.69
2026-06-11,5,1.89
2026-06-11,6,2.01
2026-06-11,7,2.02
2026-06-11,8,1.93
2026-06-11,9,1.74
2026-06-11,10,1.47
2026-06-11,11,1.19
2026-06-11,12,0.96
2026-06-11,13,0.86
2026-06-11,14,0.9
2026-06-11,15,1.05
2026-06-11,16,1.27
2026-06-11,17,1.45
2026-06-11,18,1.59
2026-06-11,19,1.64
2026-06-11,20,1.6
2026-06-11,21,1.48
2026-06-11,22,1.3
2026-06-11,23,1.12
2026-06-11,24,1.0
2026-06-12,1,0.99
2026-06-12,2,1.13
2026-06-12,3,1.39
2026-06-12,4,1.71
2026-06-12,5,1.99
2026-06-12,6,2.17
2026-06-12,7,2.25
2026-06-12,8,2.19
2026-06-12,9,2.02
2026-06-12,10,1.73
2026-06-12,11,1.37
2026-06-12,12,1.0
2026-06-12,13,0.71
2026-06-12,14,0.58
2026-06-12,15,0.62
2026-06-12,16,0.81
2026-06-12,17,1.07
2026-06-12,18,1.3
2026-06-12,19,1.49
2026-06-12,20,1.58
2026-06-12,21,1.59
2026-06-12,22,1.5
2026-06-12,23,1.33
2026-06-12,24,1.18
2026-06-13,1,1.08
2026-06-13,2,1.12
2026-06-13,3,1.32
2026-06-13,4,1.64
2026-06-13,5,2.0
2026-06-13,6,2.28
2026-06-13,7,2.45
2026-06-13,8,2.47
2026-06-13,9,2.34
2026-06-13,10,2.08
2026-06-13,11,1.69
2026-06-13,12,1.25
2026-06-13,13,0.81
2026-06-13,14,0.47
2026-06-13,15,0.32
2026-06-13,16,0.38
2026-06-13,17,0.61
2026-06-13,18,0.91
2026-06-13,19,1.18
2026-06-13,20,1.42
2026-06-13,21,1.55
2026-06-13,22,1.58
2026-06-13,23,1.51
2026-06-13,24,1.36
2026-06-14,1,1.22
2026-06-14,2,1.15
2026-06-14,3,1.25
2026-06-14,4,1.51
2026-06-14,5,1.88
2026-06-14,6,2.27
2026-06-14,7,2.54
2026-06-14,8,2.67
2026-06-14,9,2.63
2026-06-14,10,2.44
2026-06-14,11,2.11
2026-06-14,12,1.65
2026-06-14,13,1.13
2026-06-14,14,0.64
2026-06-14,15,0.27
2026-06-14,16,0.12
2026-06-14,17,0.2
2026-06-14,18,0.47
2026-06-14,19,0.79
2026-06-14,20,1.11
2026-06-14,21,1.38
2026-06-14,22,1.53
2026-06-14,23,1.58
2026-06-14,24,1.5
2026-06-15,1,1.36
2026-06-15,2,1.25
2026-06-15,3,1.21
2026-06-15,4,1.37
2026-06-15,5,1.67
2026-06-15,6,2.08
2026-06-15,7,2.47
2026-06-15,8,2.72
2026-06-15,9,2.81
2026-06-15,10,2.73
2026-06-15,11,2.49
2026-06-15,12,2.11
2026-06-15,13,1.6
2026-06-15,14,1.04
2026-06-15,15,0.51
2026-06-15,16,0.14
2026-06-15,17,0.0
2026-06-15,18,0.1
2026-06-15,19,0.4
2026-06-15,20,0.75
2026-06-15,21,1.1
2026-06-15,22,1.37
2026-06-15,23,1.53
2026-06-15,24,1.57
2026-06-16,1,1.48
2026-06-16,2,1.36
2026-06-16,3,1.26
2026-06-16,4,1.26
2026-06-16,5,1.46
2026-06-16,6,1.78
2026-06-16,7,2.21
2026-06-16,8,2.58
2026-06-16,9,2.8
2026-06-16,10,2.87
2026-06-16,11,2.75
2026-06-16,12,2.5
2026-06-16,13,2.09
2026-06-16,14,1.55
2026-06-16,15,0.97
2026-06-16,16,0.43
2026-06-16,17,0.08
2026-06-16,18,-0.05
2026-06-16,19,0.1
2026-06-16,20,0.41
2026-06-16,21,0.77
2026-06-16,22,1.13
2026-06-16,23,1.38
2026-06-16,24,1.53
2026-06-17,1,1.56
2026-06-17,2,1.46
2026-06-17,3,1.35
2026-06-17,4,1.26
2026-06-17,5,1.3
2026-06-17,6,1.51
2026-06-17,7,1.85
2026-06-17,8,2.27
2026-06-17,9,2.6
2026-06-17,10,2.8
2026-06-17,11,2.83
2026-06-17,12,2.7
2026-06-17,13,2.45
2026-06-17,14,2.02
2026-06-17,15,1.49
2026-06-17,16,0.91
2026-06-17,17,0.39
2026-06-17,18,0.08
2026-06-17,19,-0.01
2026-06-17,20,0.18
2026-06-17,21,0.5
2026-06-17,22,0.86
2026-06-17,23,1.19
2026-06-17,24,1.42
2026-06-18,1,1.55
2026-06-18,2,1.54
2026-06-18,3,1.44
2026-06-18,4,1.34
2026-06-18,5,1.26
2026-06-18,6,1.33
2026-06-18,7,1.53
2026-06-18,8,1.88
2026-06-18,9,2.26
2026-06-18,10,2.54
2026-06-18,11,2.71
2026-06-18,12,2.71
2026-06-18,13,2.6
2026-06-18,14,2.35
2026-06-18,15,1.93
2026-06-18,16,1.42
2026-06-18,17,0.86
2026-06-18,18,0.4
2026-06-18,19,0.14
2026-06-18,20,0.1
2026-06-18,21,0.32
2026-06-18,22,0.64
2026-06-18,23,0.99
2026-06-18,24,1.28
2026-06-19,1,1.47
2026-06-19,2,1.57
2026-06-19,3,1.54
2026-06-19,4,1.45
2026-06-19,5,1.34
2026-06-19,6,1.28
2026-06-19,7,1.34
2026-06-19,8,1.53
2026-06-19,9,1.85
2026-06-19,10,2.18
2026-06-19,11,2.41
2026-06-19,12,2.55
2026-06-19,13,2.54
2026-06-19,14,2.44
2026-06-19,15,2.19
2026-06-19,16,1.8
2026-06-19,17,1.33
2026-06-19,18,0.83
2026-06-19,19,0.44
2026-06-19,20,0.24
2026-06-19,21,0.28
2026-06-19,22,0.51
2026-06-19,23,0.81
2026-06-19,24,1.13
2026-06-20,1,1.37
2026-06-20,2,1.54
2026-06-20,3,1.61
2026-06-20,4,1.56
2026-06-20,5,1.48
2026-06-20,6,1.36
2026-06-20,7,1.3
2026-06-20,8,1.35
2026-06-20,9,1.51
2026-06-20,10,1.78
2026-06-20,11,2.04
2026-06-20,12,2.23
2026-06-20,13,2.33
2026-06-20,14,2.32
2026-06-20,15,2.23
2026-06-20,16,1.99
2026-06-20,17,1.65
2026-06-20,18,1.24
2026-06-20,19,0.82
2026-06-20,20,0.52
2026-06-20,21,0.39
2026-06-20,22,0.48
2026-06-20,23,0.72
2026-06-20,24,1.01
2026-06-21,1,1.29
2026-06-21,2,1.49
2026-06-21,3,1.62
2026-06-21,4,1.66
2026-06-21,5,1.62
2026-06-21,6,1.52
2026-06-21,7,1.39
2026-06-21,8,1.32
2026-06-21,9,1.33
2026-06-21,10,1.45
2026-06-21,11,1.66
2026-06-21,12,1.85
2026-06-21,13,2.0
2026-06-21,14,2.07
2026-06-21,15,2.07
2026-06-21,16,1.99
2026-06-21,17,1.79
2026-06-21,18,1.51
2026-06-21,19,1.16
2026-06-21,20,0.84
2026-06-21,21,0.63
2026-06-21,22,0.57
2026-06-21,23,0.71
2026-06-21,24,0.94
2026-06-22,1,1.21
2026-06-22,2,1.44
2026-06-22,3,1.62
2026-06-22,4,1.72
2026-06-22,5,1.74
2026-06-22,6,1.68
2026-06-22,7,1.57
2026-06-22,8,1.42
2026-06-22,9,1.31
2026-06-22,10,1.28
2026-06-22,11,1.36
2026-06-22,12,1.49
2026-06-22,13,1.63
2026-06-22,14,1.75
2026-06-22,15,1.8
2026-06-22,16,1.81
2026-06-22,17,1.76
2026-06-22,18,1.61
2026-06-22,19,1.39
2026-06-22,20,1.13
2026-06-22,21,0.9
2026-06-22,22,0.77
2026-06-22,23,0.77
2026-06-22,24,0.93
2026-06-23,1,1.16
2026-06-23,2,1.4
2026-06-23,3,1.61
2026-06-23,4,1.76
2026-06-23,5,1.84
2026-06-23,6,1.83
2026-06-23,7,1.75
2026-06-23,8,1.6
2026-06-23,9,1.42
2026-06-23,10,1.27
2026-06-23,11,1.19
2026-06-23,12,1.21
2026-06-23,13,1.29
2026-06-23,14,1.39
2026-06-23,15,1.49
2026-06-23,16,1.55
2026-06-23,17,1.58
2026-06-23,18,1.56
2026-06-23,19,1.47
2026-06-23,20,1.32
2026-06-23,21,1.14
2026-06-23,22,0.99
2026-06-23,23,0.92
2026-06-23,24,0.97
2026-06-24,1,1.14
2026-06-24,2,1.36
2026-06-24,3,1.6
2026-06-24,4,1.79
2026-06-24,5,1.91
2026-06-24,6,1.96
2026-06-24,7,1.92
2026-06-24,8,1.79
2026-06-24,9,1.59
2026-06-24,10,1.37
2026-06-24,11,1.18
2026-06-24,12,1.05
2026-06-24,13,1.03
2026-06-24,14,1.07
2026-06-24,15,1.16
2026-06-24,16,1.26
2026-06-24,17,1.34
2026-06-24,18,1.41
2026-06-24,19,1.43
2026-06-24,20,1.39
2026-06-24,21,1.3
2026-06-24,22,1.18
2026-06-24,23,1.09
2026-06-24,24,1.06
2026-06-25,1,1.14
2026-06-25,2,1.33
2026-06-25,3,1.57
2026-06-25,4,1.8
2026-06-25,5,1.97
2026-06-25,6,2.07
2026-06-25,7,2.07
2026-06-25,8,1.98
2026-06-25,9,1.8
2026-06-25,10,1.54
2026-06-25,11,1.28
2026-06-25,12,1.04
2026-06-25,13,0.88
2026-06-25,14,0.83
2026-06-25,15,0.87
2026-06-25,16,0.96
2026-06-25,17,1.09
2026-06-25,18,1.21
2026-06-25,19,1.32
2026-06-25,20,1.37
2026-06-25,21,1.37
2026-06-25,22,1.32
2026-06-25,23,1.23
2026-06-25,24,1.17
2026-06-26,1,1.18
2026-06-26,2,1.3
2026-06-26,3,1.51
2026-06-26,4,1.76
2026-06-26,5,1.99
2026-06-26,6,2.14
2026-06-26,7,2.2
2026-06-26,8,2.15
2026-06-26,9,2.0
2026-06-26,10,1.76
2026-06-26,11,1.45
2026-06-26,12,1.14
2026-06-26,13,0.87
2026-06-26,14,0.7
2026-06-26,15,0.65
2026-06-26,16,0.7
2026-06-26,17,0.83
2026-06-26,18,1.0
2026-06-26,19,1.16
2026-06-26,20,1.3
2026-06-26,21,1.38
2026-06-26,22,1.39
2026-06-26,23,1.34
2026-06-26,24,1.26
2026-06-27,1,1.23
2026-06-27,2,1.27
2026-06-27,3,1.43
2026-06-27,4,1.67
2026-06-27,5,1.95
2026-06-27,6,2.17
2026-06-27,7,2.29
2026-06-27,8,2.31
2026-06-27,9,2.19
2026-06-27,10,1.98
2026-06-27,11,1.67
2026-06-27,12,1.31
2026-06-27,13,0.97
2026-06-27,14,0.69
2026-06-27,15,0.53
2026-06-27,16,0.5
2026-06-27,17,0.6
2026-06-27,18,0.78
2026-06-27,19,0.98
2026-06-27,20,1.19
2026-06-27,21,1.34
2026-06-27,22,1.41
2026-06-27,23,1.41
2026-06-27,24,1.34
2026-06-28,1,1.28
2026-06-28,2,1.26
2026-06-28,3,1.35
2026-06-28,4,1.56
2026-06-28,5,1.83
2026-06-28,6,2.12
2026-06-28,7,2.32
2026-06-28,8,2.41
2026-06-28,9,2.36
2026-06-28,10,2.18
2026-06-28,11,1.91
2026-06-28,12,1.55
2026-06-28,13,1.16
2026-06-28,14,0.8
2026-06-28,15,0.53
2026-06-28,16,0.41
2026-06-28,17,0.42
2026-06-28,18,0.58
2026-06-28,19,0.8
2026-06-28,20,1.04
2026-06-28,21,1.25
2026-06-28,22,1.39
2026-06-28,23,1.45
2026-06-28,24,1.41
2026-06-29,1,1.33
2026-06-29,2,1.27
2026-06-29,3,1.29
2026-06-29,4,1.43
2026-06-29,5,1.68
2026-06-29,6,1.99
2026-06-29,7,2.27
2026-06-29,8,2.44
2026-06-29,9,2.47
2026-06-29,10,2.36
2026-06-29,11,2.14
2026-06-29,12,1.8
2026-06-29,13,1.4
2026-06-29,14,1.0
2026-06-29,15,0.64
2026-06-29,16,0.41
2026-06-29,17,0.33
2026-06-29,18,0.42
2026-06-29,19,0.62
2026-06-29,20,0.88
2026-06-29,21,1.14
2026-06-29,22,1.33
2026-06-29,23,1.45
2026-06-29,24,1.46
2026-06-30,1,1.39
2026-06-30,2,1.31
2026-06-30,3,1.26
2026-06-30,4,1.33
2026-06-30,5,1.51
2026-06-30,6,1.8
2026-06-30,7,2.13
2026-06-30,8,2.39
2026-06-30,9,2.51
2026-06-30,10,2.49
2026-06-30,11,2.32
2026-06-30,12,2.05
2026-06-30,13,1.67
2026-06-30,14,1.25
2026-06-30,15,0.84
2026-06-30,16,0.51
2026-06-30,17,0.34
2026-06-30,18,0.32
2026-06-30,19,0.48
2026-06-30,20,0.72
2026-06-30,21,1.0
2026-06-30,22,1.24
2026-06-30,23,1.41
2026-06-30,24,1.48
2026-07-01,1,1.44
2026-07-01,2,1.35
2026-07-01,3,1.27
2026-07-01,4,1.26
2026-07-01,5,1.37
2026-07-01,6,1.6
2026-07-01,7,1.93
2026-07-01,8,2.25
2026-07-01,9,2.47
2026-07-01,10,2.54
2026-07-01,11,2.45
2026-07-01,12,2.24
2026-07-01,13,1.92
2026-07-01,14,1.51
2026-07-01,15,1.09
2026-07-01,16,0.69
2026-07-01,17,0.42
2026-07-01,18,0.31
2026-07-01,19,0.37
2026-07-01,20,0.59
2026-07-01,21,0.86
2026-07-01,22,1.14
2026-07-01,23,1.35
2026-07-01,24,1.46
2026-07-02,1,1.48
2026-07-02,2,1.41
2026-07-02,3,1.32
2026-07-02,4,1.24
2026-07-02,5,1.27
2026-07-02,6,1.42
2026-07-02,7,1.69
2026-07-02,8,2.04
2026-07-02,9,2.33
2026-07-02,10,2.5
2026-07-02,11,2.51
2026-07-02,12,2.38
2026-07-02,13,2.13
2026-07-02,14,1.76
2026-07-02,15,1.34
2026-07-02,16,0.92
2026-07-02,17,0.57
2026-07-02,18,0.37
2026-07-02,19,0.33
2026-07-02,20,0.49
2026-07-02,21,0.75
2026-07-02,22,1.03
2026-07-02,23,1.28
2026-07-02,24,1.43
2026-07-03,1,1.5
2026-07-03,2,1.47
2026-07-03,3,1.38
2026-07-03,4,1.29
2026-07-03,5,1.23
2026-07-03,6,1.29
2026-07-03,7,1.48
2026-07-03,8,1.78
2026-07-03,9,2.12
2026-07-03,10,2.36
2026-07-03,11,2.48
2026-07-03,12,2.44
2026-07-03,13,2.26
2026-07-03,14,1.98
2026-07-03,15,1.59
2026-07-03,16,1.17
2026-07-03,17,0.77
2026-07-03,18,0.49
2026-07-03,19,0.37
2026-07-03,20,0.43
2026-07-03,21,0.65
2026-07-03,22,0.92
2026-07-03,23,1.19
2026-07-03,24,1.39
2026-07-04,1,1.5
2026-07-04,2,1.53
2026-07-04,3,1.47
2026-07-04,4,1.37
2026-07-04,5,1.27
2026-07-04,6,1.23
2026-07-04,7,1.32
2026-07-04,8,1.53
2026-07-04,9,1.84
2026-07-04,10,2.14
2026-07-04,11,2.34
2026-07-04,12,2.4
2026-07-04,13,2.32
2026-07-04,14,2.12
2026-07-04,15,1.8
2026-07-04,16,1.41
2026-07-04,17,1.01
2026-07-04,18,0.66
2026-07-04,19,0.47
2026-07-04,20,0.43
2026-07-04,21,0.58
2026-07-04,22,0.84
2026-07-04,23,1.1
2026-07-04,24,1.34
2026-07-05,1,1.49
2026-07-05,2,1.57
2026-07-05,3,1.56
2026-07-05,4,1.47
2026-07-05,5,1.37
2026-07-05,6,1.26
2026-07-05,7,1.24
2026-07-05,8,1.34
2026-07-05,9,1.56
2026-07-05,10,1.85
2026-07-05,11,2.1
2026-07-05,12,2.25
2026-07-05,13,2.27
2026-07-05,14,2.16
2026-07-05,15,1.94
2026-07-05,16,1.61
2026-07-05,17,1.25
2026-07-05,18,0.89
2026-07-05,19,0.62
2026-07-05,20,0.51
2026-07-05,21,0.56
2026-07-05,22,0.77
2026-07-05,23,1.03
2026-07-05,24,1.29
2026-07-06,1,1.48
2026-07-06,2,1.59
2026-07-06,3,1.64
2026-07-06,4,1.59
2026-07-06,5,1.49
2026-07-06,6,1.37
2026-07-06,7,1.26
2026-07-06,8,1.24
2026-07-06,9,1.33
2026-07-06,10,1.54
2026-07-06,11,1.79
2026-07-06,12,1.99
2026-07-06,13,2.1
2026-07-06,14,2.09
2026-07-06,15,1.98
2026-07-06,16,1.76
2026-07-06,17,1.45
2026-07-06,18,1.13
2026-07-06,19,0.83
2026-07-06,20,0.65
2026-07-06,21,0.62
2026-07-06,22,0.74
2026-07-06,23,0.98
2026-07-06,24,1.24
2026-07-07,1,1.47
2026-07-07,2,1.62
2026-07-07,3,1.7
2026-07-07,4,1.71
2026-07-07,5,1.64
2026-07-07,6,1.52
2026-07-07,7,1.37
2026-07-07,8,1.24
2026-07-07,9,1.2
2026-07-07,10,1.27
2026-07-07,11,1.45
2026-07-07,12,1.65
2026-07-07,13,1.82
2026-07-07,14,1.9
2026-07-07,15,1.89
2026-07-07,16,1.79
2026-07-07,17,1.59
2026-07-07,18,1.34
2026-07-07,19,1.07
2026-07-07,20,0.85
2026-07-07,21,0.75
2026-07-07,22,0.78
2026-07-07,23,0.95
2026-07-07,24,1.2
2026-07-08,1,1.45
2026-07-08,2,1.65
2026-07-08,3,1.78
2026-07-08,4,1.83
2026-07-08,5,1.81
2026-07-08,6,1.71
2026-07-08,7,1.55
2026-07-08,8,1.35
2026-07-08,9,1.19
2026-07-08,10,1.11
2026-07-08,11,1.14
2026-07-08,12,1.28
2026-07-08,13,1.44
2026-07-08,14,1.59
2026-07-08,15,1.67
2026-07-08,16,1.68
2026-07-08,17,1.61
2026-07-08,18,1.47
2026-07-08,19,1.29
2026-07-08,20,1.09
2026-07-08,21,0.95
2026-07-08,22,0.9
2026-07-08,23,0.97
2026-07-08,24,1.17
2026-07-09,1,1.42
2026-07-09,2,1.67
2026-07-09,3,1.85
2026-07-09,4,1.96
2026-07-09,5,1.99
2026-07-09,6,1.93
2026-07-09,7,1.79
2026-07-09,8,1.57
2026-07-09,9,1.32
2026-07-09,10,1.1
2026-07-09,11,0.96
2026-07-09,12,0.95
2026-07-09,13,1.04
2026-07-09,14,1.19
2026-07-09,15,1.33
2026-07-09,16,1.43
2026-07-09,17,1.49
2026-07-09,18,1.48
2026-07-09,19,1.41
2026-07-09,20,1.29
2026-07-09,21,1.16
2026-07-09,22,1.07
2026-07-09,23,1.06
2026-07-09,24,1.16
2026-07-10,1,1.38
2026-07-10,2,1.63
2026-07-10,3,1.89
2026-07-10,4,2.07
2026-07-10,5,2.16
2026-07-10,6,2.16
2026-07-10,7,2.06
2026-07-10,8,1.87
2026-07-10,9,1.58
2026-07-10,10,1.26
2026-07-10,11,0.97
2026-07-10,12,0.77
2026-07-10,13,0.71
2026-07-10,14,0.77
2026-07-10,15,0.92
2026-07-10,16,1.08
2026-07-10,17,1.23
2026-07-10,18,1.35
2026-07-10,19,1.41
2026-07-10,20,1.4
2026-07-10,21,1.34
2026-07-10,22,1.25
2026-07-10,23,1.19
2026-07-10,24,1.2
2026-07-11,1,1.32
2026-07-11,2,1.55
2026-07-11,3,1.83
2026-07-11,4,2.1
2026-07-11,5,2.28
2026-07-11,6,2.37
2026-07-11,7,2.34
2026-07-11,8,2.2
2026-07-11,9,1.94
2026-07-11,10,1.58
2026-07-11,11,1.19
2026-07-11,12,0.82
2026-07-11,13,0.56
2026-07-11,14,0.46
2026-07-11,15,0.5
2026-07-11,16,0.67
2026-07-11,17,0.88
2026-07-11,18,1.09
2026-07-11,19,1.27
2026-07-11,20,1.39
2026-07-11,21,1.44
2026-07-11,22,1.41
2026-07-11,23,1.34
2026-07-11,24,1.28
2026-07-12,1,1.29
2026-07-12,2,1.43
2026-07-12,3,1.68
2026-07-12,4,1.99
2026-07-12,5,2.28
2026-07-12,6,2.48
2026-07-12,7,2.56
2026-07-12,8,2.51
2026-07-12,9,2.32
2026-07-12,10,2.01
2026-07-12,11,1.58
2026-07-12,12,1.12
2026-07-12,13,0.68
2026-07-12,14,0.37
2026-07-12,15,0.24
2026-07-12,16,0.28
2026-07-12,17,0.49
2026-07-12,18,0.75
2026-07-12,19,1.02
2026-07-12,20,1.26
2026-07-12,21,1.42
2026-07-12,22,1.49
2026-07-12,23,1.46
2026-07-12,24,1.38
2026-07-13,1,1.32
2026-07-13,2,1.33
2026-07-13,3,1.49
2026-07-13,4,1.76
2026-07-13,5,2.11
2026-07-13,6,2.43
2026-07-13,7,2.64
2026-07-13,8,2.72
2026-07-13,9,2.64
2026-07-13,10,2.41
2026-07-13,11,2.05
2026-07-13,12,1.57
2026-07-13,13,1.06
2026-07-13,14,0.56
2026-07-13,15,0.21
2026-07-13,16,0.07
2026-07-13,17,0.15
2026-07-13,18,0.4
2026-07-13,19,0.72
2026-07-13,20,1.04
2026-07-13,21,1.31
2026-07-13,22,1.47
2026-07-13,23,1.54
2026-07-13,24,1.48
2026-07-14,1,1.39
2026-07-14,2,1.31
2026-07-14,3,1.32
2026-07-14,4,1.49
2026-07-14,5,1.79
2026-07-14,6,2.18
2026-07-14,7,2.53
2026-07-14,8,2.75
2026-07-14,9,2.82
2026-07-14,10,2.71
2026-07-14,11,2.47
2026-07-14,12,2.07
2026-07-14,13,1.55
2026-07-14,14,0.99
2026-07-14,15,0.46
2026-07-14,16,0.11
2026-07-14,17,-0.01
2026-07-14,18,0.11
2026-07-14,19,0.42
2026-07-14,20,0.78
2026-07-14,21,1.14
2026-07-14,22,1.39
2026-07-14,23,1.54
2026-07-14,24,1.57
2026-07-15,1,1.47
2026-07-15,2,1.36
2026-07-15,3,1.25
2026-07-15,4,1.27
2026-07-15,5,1.46
2026-07-15,6,1.79
2026-07-15,7,2.21
2026-07-15,8,2.56
2026-07-15,9,2.79
2026-07-15,10,2.84
2026-07-15,11,2.73
2026-07-15,12,2.48
2026-07-15,13,2.04
2026-07-15,14,1.51
2026-07-15,15,0.92
2026-07-15,16,0.39
2026-07-15,17,0.07
2026-07-15,18,-0.01
2026-07-15,19,0.2
2026-07-15,20,0.54
2026-07-15,21,0.93
2026-07-15,22,1.27
2026-07-15,23,1.49
2026-07-15,24,1.6
2026-07-16,1,1.57
2026-07-16,2,1.45
2026-07-16,3,1.3
2026-07-16,4,1.19
2026-07-16,5,1.22
2026-07-16,6,1.42
2026-07-16,7,1.79
2026-07-16,8,2.21
2026-07-16,9,2.55
2026-07-16,10,2.76
2026-07-16,11,2.78
2026-07-16,12,2.67
2026-07-16,13,2.4
2026-07-16,14,1.95
2026-07-16,15,1.41
2026-07-16,16,0.83
2026-07-16,17,0.35
2026-07-16,18,0.1
2026-07-16,19,0.1
2026-07-16,20,0.38
2026-07-16,21,0.74
2026-07-16,22,1.12
2026-07-16,23,1.42
2026-07-16,24,1.59
2026-07-17,1,1.66
2026-07-17,2,1.57
2026-07-17,3,1.42
2026-07-17,4,1.24
2026-07-17,5,1.13
2026-07-17,6,1.18
2026-07-17,7,1.4
2026-07-17,8,1.78
2026-07-17,9,2.18
2026-07-17,10,2.48
2026-07-17,11,2.65
2026-07-17,12,2.65
2026-07-17,13,2.53
2026-07-17,14,2.24
2026-07-17,15,1.8
2026-07-17,16,1.28
2026-07-17,17,0.74
2026-07-17,18,0.36
2026-07-17,19,0.2
2026-07-17,20,0.31
2026-07-17,21,0.62
2026-07-17,22,0.99
2026-07-17,23,1.34
2026-07-17,24,1.57
2026-07-18,1,1.69
2026-07-18,2,1.69
2026-07-18,3,1.56
2026-07-18,4,1.39
2026-07-18,5,1.2
2026-07-18,6,1.1
2026-07-18,7,1.17
2026-07-18,8,1.39
2026-07-18,9,1.76
2026-07-18,10,2.1
2026-07-18,11,2.35
2026-07-18,12,2.46
2026-07-18,13,2.45
2026-07-18,14,2.32
2026-07-18,15,2.01
2026-07-18,16,1.6
2026-07-18,17,1.13
2026-07-18,18,0.69
2026-07-18,19,0.43
2026-07-18,20,0.38
2026-07-18,21,0.58
2026-07-18,22,0.91
2026-07-18,23,1.25
2026-07-18,24,1.54
2026-07-19,1,1.7
2026-07-19,2,1.77
2026-07-19,3,1.71
2026-07-19,4,1.56
2026-07-19,5,1.38
2026-07-19,6,1.18
2026-07-19,7,1.11
2026-07-19,8,1.17
2026-07-19,9,1.39
2026-07-19,10,1.7
2026-07-19,11,1.97
2026-07-19,12,2.15
2026-07-19,13,2.22
2026-07-19,14,2.19
2026-07-19,15,2.04
2026-07-19,16,1.76
2026-07-19,17,1.41
2026-07-19,18,1.01
2026-07-19,19,0.7
2026-07-19,20,0.56
2026-07-19,21,0.62
2026-07-19,22,0.87
2026-07-19,23,1.19
2026-07-19,24,1.49
2026-07-20,1,1.7
2026-07-20,2,1.81
2026-07-20,3,1.83
2026-07-20,4,1.74
2026-07-20,5,1.58
2026-07-20,6,1.37
2026-07-20,7,1.19
2026-07-20,8,1.12
2026-07-20,9,1.18
2026-07-20,10,1.37
2026-07-20,11,1.6
2026-07-20,12,1.78
2026-07-20,13,1.91
2026-07-20,14,1.94
2026-07-20,15,1.9
2026-07-20,16,1.76
2026-07-20,17,1.53
2026-07-20,18,1.25
2026-07-20,19,0.97
2026-07-20,20,0.79
2026-07-20,21,0.76
2026-07-20,22,0.89
2026-07-20,23,1.16
2026-07-20,24,1.44
2026-07-21,1,1.68
2026-07-21,2,1.84
2026-07-21,3,1.9
2026-07-21,4,1.88
2026-07-21,5,1.77
2026-07-21,6,1.6
2026-07-21,7,1.39
2026-07-21,8,1.21
2026-07-21,9,1.14
2026-07-21,10,1.16
2026-07-21,11,1.29
2026-07-21,12,1.43
2026-07-21,13,1.55
2026-07-21,14,1.63
2026-07-21,15,1.64
2026-07-21,16,1.61
2026-07-21,17,1.51
2026-07-21,18,1.36
2026-07-21,19,1.18
2026-07-21,20,1.01
2026-07-21,21,0.94
2026-07-21,22,0.99
2026-07-21,23,1.16
2026-07-21,24,1.4
2026-07-22,1,1.64
2026-07-22,2,1.83
2026-07-22,3,1.94
2026-07-22,4,1.97
2026-07-22,5,1.93
2026-07-22,6,1.8
2026-07-22,7,1.62
2026-07-22,8,1.4
2026-07-22,9,1.22
2026-07-22,10,1.11
2026-07-22,11,1.09
2026-07-22,12,1.15
2026-07-22,13,1.23
2026-07-22,14,1.3
2026-07-22,15,1.36
2026-07-22,16,1.38
2026-07-22,17,1.39
2026-07-22,18,1.35
2026-07-22,19,1.28
2026-07-22,20,1.19
2026-07-22,21,1.12
2026-07-22,22,1.12
2026-07-22,23,1.2
2026-07-22,24,1.37
2026-07-23,1,1.59
2026-07-23,2,1.79
2026-07-23,3,1.95
2026-07-23,4,2.03
2026-07-23,5,2.04
2026-07-23,6,1.98
2026-07-23,7,1.83
2026-07-23,8,1.63
2026-07-23,9,1.4
2026-07-23,10,1.19
2026-07-23,11,1.05
2026-07-23,12,0.97
2026-07-23,13,0.97
2026-07-23,14,1.01
2026-07-23,15,1.07
2026-07-23,16,1.13
2026-07-23,17,1.2
2026-07-23,18,1.26
2026-07-23,19,1.28
2026-07-23,20,1.28
2026-07-23,21,1.26
2026-07-23,22,1.24
2026-07-23,23,1.27
2026-07-23,24,1.36
2026-07-24,1,1.52
2026-07-24,2,1.72
2026-07-24,3,1.9
2026-07-24,4,2.05
2026-07-24,5,2.12
2026-07-24,6,2.11
2026-07-24,7,2.03
2026-07-24,8,1.86
2026-07-24,9,1.63
2026-07-24,10,1.36
2026-07-24,11,1.13
2026-07-24,12,0.94
2026-07-24,13,0.82
2026-07-24,14,0.78
2026-07-24,15,0.81
2026-07-24,16,0.89
2026-07-24,17,0.99
2026-07-24,18,1.11
2026-07-24,19,1.23
2026-07-24,20,1.3
2026-07-24,21,1.34
2026-07-24,22,1.34
2026-07-24,23,1.34
2026-07-24,24,1.37
2026-07-25,1,1.46
2026-07-25,2,1.62
2026-07-25,3,1.81
2026-07-25,4,2.0
2026-07-25,5,2.15
2026-07-25,6,2.21
2026-07-25,7,2.19
2026-07-25,8,2.07
2026-07-25,9,1.86
2026-07-25,10,1.59
2026-07-25,11,1.29
2026-07-25,12,1.02
2026-07-25,13,0.79
2026-07-25,14,0.66
2026-07-25,15,0.61
2026-07-25,16,0.66
2026-07-25,17,0.79
2026-07-25,18,0.95
2026-07-25,19,1.13
2026-07-25,20,1.28
2026-07-25,21,1.37
2026-07-25,22,1.41
2026-07-25,23,1.4
2026-07-25,24,1.39
2026-07-26,1,1.41
2026-07-26,2,1.51
2026-07-26,3,1.68
2026-07-26,4,1.89
2026-07-26,5,2.1
2026-07-26,6,2.25
2026-07-26,7,2.31
2026-07-26,8,2.26
2026-07-26,9,2.09
2026-07-26,10,1.85
2026-07-26,11,1.53
2026-07-26,12,1.19
2026-07-26,13,0.88
2026-07-26,14,0.64
2026-07-26,15,0.51
2026-07-26,16,0.5
2026-07-26,17,0.6
2026-07-26,18,0.79
2026-07-26,19,1.0
2026-07-26,20,1.21
2026-07-26,21,1.36
2026-07-26,22,1.44
2026-07-26,23,1.45
2026-07-26,24,1.41
2026-07-27,1,1.38
2026-07-27,2,1.41
2026-07-27,3,1.52
2026-07-27,4,1.72
2026-07-27,5,1.97
2026-07-27,6,2.21
2026-07-27,7,2.36
2026-07-27,8,2.39
2026-07-27,9,2.3
2026-07-27,10,2.09
2026-07-27,11,1.79
2026-07-27,12,1.43
2026-07-27,13,1.06
2026-07-27,14,0.74
2026-07-27,15,0.5
2026-07-27,16,0.4
2026-07-27,17,0.45
2026-07-27,18,0.63
2026-07-27,19,0.87
2026-07-27,20,1.12
2026-07-27,21,1.33
2026-07-27,22,1.45
2026-07-27,23,1.49
2026-07-27,24,1.45
2026-07-28,1,1.38
2026-07-28,2,1.34
2026-07-28,3,1.38
2026-07-28,4,1.53
2026-07-28,5,1.78
2026-07-28,6,2.08
2026-07-28,7,2.32
2026-07-28,8,2.46
2026-07-28,9,2.45
2026-07-28,10,2.31
2026-07-28,11,2.06
2026-07-28,12,1.71
2026-07-28,13,1.31
2026-07-28,14,0.92
2026-07-28,15,0.59
2026-07-28,16,0.4
2026-07-28,17,0.36
2026-07-28,18,0.49
2026-07-28,19,0.73
2026-07-28,20,1.01
2026-07-28,21,1.27
2026-07-28,22,1.44
2026-07-28,23,1.52
2026-07-28,24,1.5
2026-07-29,1,1.41
2026-07-29,2,1.32
2026-07-29,3,1.28
2026-07-29,4,1.35
2026-07-29,5,1.55
2026-07-29,6,1.86
2026-07-29,7,2.19
2026-07-29,8,2.43
2026-07-29,9,2.53
2026-07-29,10,2.47
2026-07-29,11,2.28
2026-07-29,12,1.98
2026-07-29,13,1.58
2026-07-29,14,1.16
2026-07-29,15,0.76
2026-07-29,16,0.47
2026-07-29,17,0.34
2026-07-29,18,0.4
2026-07-29,19,0.62
2026-07-29,20,0.9
2026-07-29,21,1.2
2026-07-29,22,1.42
2026-07-29,23,1.54
2026-07-29,24,1.56
2026-07-30,1,1.47
2026-07-30,2,1.35
2026-07-30,3,1.23
2026-07-30,4,1.21
2026-07-30,5,1.34
2026-07-30,6,1.6
2026-07-30,7,1.96
2026-07-30,8,2.29
2026-07-30,9,2.5
2026-07-30,10,2.55
2026-07-30,11,2.44
2026-07-30,12,2.21
2026-07-30,13,1.85
2026-07-30,14,1.43
2026-07-30,15,0.99
2026-07-30,16,0.62
2026-07-30,17,0.4
2026-07-30,18,0.36
2026-07-30,19,0.53
2026-07-30,20,0.81
2026-07-30,21,1.12
2026-07-30,22,1.38
2026-07-30,23,1.54
2026-07-30,24,1.61
2026-07-31,1,1.55
2026-07-31,2,1.42
2026-07-31,3,1.27
2026-07-31,4,1.15
2026-07-31,5,1.17
2026-07-31,6,1.35
2026-07-31,7,1.67
2026-07-31,8,2.05
2026-07-31,9,2.36
2026-07-31,10,2.53
2026-07-31,11,2.52
2026-07-31,12,2.37
2026-07-31,13,2.09
2026-07-31,14,1.68
2026-07-31,15,1.25
2026-07-31,16,0.82
2026-07-31,17,0.51
2026-07-31,18,0.39
2026-07-31,19,0.47
2026-07-31,20,0.73
2026-07-31,21,1.04
2026-07-31,22,1.34
2026-07-31,23,1.55
2026-07-31,24,1.65
2026-08-01,1,1.64
2026-08-01,2,1.52
2026-08-01,3,1.36
2026-08-01,4,1.18
2026-08-01,5,1.08
2026-08-01,6,1.15
2026-08-01,7,1.38
2026-08-01,8,1.75
2026-08-01,9,2.12
2026-08-01,10,2.38
2026-08-01,11,2.5
2026-08-01,12,2.43
2026-08-01,13,2.24
2026-08-01,14,1.91
2026-08-01,15,1.48
2026-08-01,16,1.06
2026-08-01,17,0.68
2026-08-01,18,0.48
2026-08-01,19,0.47
2026-08-01,20,0.67
2026-08-01,21,0.99
2026-08-01,22,1.3
2026-08-01,23,1.55
2026-08-01,24,1.69
2026-08-02,1,1.73
2026-08-02,2,1.65
2026-08-02,3,1.48
2026-08-02,4,1.29
2026-08-02,5,1.11
2026-08-02,6,1.04
2026-08-02,7,1.16
2026-08-02,8,1.42
2026-08-02,9,1.8
2026-08-02,10,2.13
2026-08-02,11,2.34
2026-08-02,12,2.39
2026-08-02,13,2.29
2026-08-02,14,2.06
2026-08-02,15,1.69
2026-08-02,16,1.29
2026-08-02,17,0.89
2026-08-02,18,0.61
2026-08-02,19,0.54
2026-08-02,20,0.65
2026-08-02,21,0.93
2026-08-02,22,1.26
2026-08-02,23,1.54
2026-08-02,24,1.73
2026-08-03,1,1.8
2026-08-03,2,1.78
2026-08-03,3,1.64
2026-08-03,4,1.44
2026-08-03,5,1.23
2026-08-03,6,1.05
2026-08-03,7,1.03
2026-08-03,8,1.16
2026-08-03,9,1.46
2026-08-03,10,1.8
2026-08-03,11,2.06
2026-08-03,12,2.22
2026-08-03,13,2.21
2026-08-03,14,2.09
2026-08-03,15,1.84
2026-08-03,16,1.48
2026-08-03,17,1.12
2026-08-03,18,0.81
2026-08-03,19,0.65
2026-08-03,20,0.69
2026-08-03,21,0.9
2026-08-03,22,1.22
2026-08-03,23,1.52
2026-08-03,24,1.75
2026-08-04,1,1.87
2026-08-04,2,1.89
2026-08-04,3,1.81
2026-08-04,4,1.63
2026-08-04,5,1.41
2026-08-04,6,1.18
2026-08-04,7,1.02
2026-08-04,8,1.01
2026-08-04,9,1.16
2026-08-04,10,1.43
2026-08-04,11,1.71
2026-08-04,12,1.92
2026-08-04,13,2.02
2026-08-04,14,1.99
2026-08-04,15,1.86
2026-08-04,16,1.62
2026-08-04,17,1.32
2026-08-04,18,1.03
2026-08-04,19,0.83
2026-08-04,20,0.79
2026-08-04,21,0.91
2026-08-04,22,1.18
2026-08-04,23,1.5
2026-08-04,24,1.76
2026-08-05,1,1.93
2026-08-05,2,1.99
2026-08-05,3,1.96
2026-08-05,4,1.84
2026-08-05,5,1.64
2026-08-05,6,1.4
2026-08-05,7,1.15
2026-08-05,8,1.0
2026-08-05,9,0.98
2026-08-05,10,1.1
2026-08-05,11,1.33
2026-08-05,12,1.55
2026-08-05,13,1.71
2026-08-05,14,1.77
2026-08-05,15,1.74
2026-08-05,16,1.64
2026-08-05,17,1.45
2026-08-05,18,1.23
2026-08-05,19,1.04
2026-08-05,20,0.94
2026-08-05,21,0.99
2026-08-05,22,1.17
2026-08-05,23,1.46
2026-08-05,24,1.74
2026-08-06,1,1.95
2026-08-06,2,2.07
2026-08-06,3,2.09
2026-08-06,4,2.03
2026-08-06,5,1.88
2026-08-06,6,1.67
2026-08-06,7,1.4
2026-08-06,8,1.14
2026-08-06,9,0.96
2026-08-06,10,0.91
2026-08-06,11,0.99
2026-08-06,12,1.15
2026-08-06,13,1.31
2026-08-06,14,1.44
2026-08-06,15,1.5
2026-08-06,16,1.51
2026-08-06,17,1.46
2026-08-06,18,1.36
2026-08-06,19,1.24
2026-08-06,20,1.14
2026-08-06,21,1.12
2026-08-06,22,1.21
2026-08-06,23,1.41
2026-08-06,24,1.68
2026-08-07,1,1.92
2026-08-07,2,2.1
2026-08-07,3,2.19
2026-08-07,4,2.19
2026-08-07,5,2.12
2026-08-07,6,1.96
2026-08-07,7,1.72
2026-08-07,8,1.43
2026-08-07,9,1.13
2026-08-07,10,0.91
2026-08-07,11,0.8
2026-08-07,12,0.82
2026-08-07,13,0.92
2026-08-07,14,1.05
2026-08-07,15,1.17
2026-08-07,16,1.27
2026-08-07,17,1.34
2026-08-07,18,1.36
2026-08-07,19,1.35
2026-08-07,20,1.31
2026-08-07,21,1.28
2026-08-07,22,1.3
2026-08-07,23,1.4
2026-08-07,24,1.59
2026-08-08,1,1.82
2026-08-08,2,2.05
2026-08-08,3,2.22
2026-08-08,4,2.3
2026-08-08,5,2.31
2026-08-08,6,2.23
2026-08-08,7,2.06
2026-08-08,8,1.8
2026-08-08,9,1.47
2026-08-08,10,1.13
2026-08-08,11,0.84
2026-08-08,12,0.66
2026-08-08,13,0.61
2026-08-08,14,0.67
2026-08-08,15,0.79
2026-08-08,16,0.94
2026-08-08,17,1.1
2026-08-08,18,1.24
2026-08-08,19,1.35
2026-08-08,20,1.41
2026-08-08,21,1.42
2026-08-08,22,1.41
2026-08-08,23,1.43
2026-08-08,24,1.51
2026-08-09,1,1.67
2026-08-09,2,1.88
2026-08-09,3,2.11
2026-08-09,4,2.3
2026-08-09,5,2.42
2026-08-09,6,2.45
2026-08-09,7,2.37
2026-08-09,8,2.19
2026-08-09,9,1.9
2026-08-09,10,1.52
2026-08-09,11,1.12
2026-08-09,12,0.75
2026-08-09,13,0.5
2026-08-09,14,0.4
2026-08-09,15,0.44
2026-08-09,16,0.6
2026-08-09,17,0.81
2026-08-09,18,1.04
2026-08-09,19,1.25
2026-08-09,20,1.4
2026-08-09,21,1.5
2026-08-09,22,1.51
2026-08-09,23,1.49
2026-08-09,24,1.48
2026-08-10,1,1.52
2026-08-10,2,1.66
2026-08-10,3,1.88
2026-08-10,4,2.14
2026-08-10,5,2.38
2026-08-10,6,2.53
2026-08-10,7,2.59
2026-08-10,8,2.51
2026-08-10,9,2.31
2026-08-10,10,1.98
2026-08-10,11,1.55
2026-08-10,12,1.09
2026-08-10,13,0.66
2026-08-10,14,0.36
2026-08-10,15,0.23
2026-08-10,16,0.3
2026-08-10,17,0.51
2026-08-10,18,0.78
2026-08-10,19,1.08
2026-08-10,20,1.33
2026-08-10,21,1.5
2026-08-10,22,1.58
2026-08-10,23,1.56
2026-08-10,24,1.5
2026-08-11,1,1.43
2026-08-11,2,1.44
2026-08-11,3,1.58
2026-08-11,4,1.82
2026-08-11,5,2.14
2026-08-11,6,2.44
2026-08-11,7,2.63
2026-08-11,8,2.71
2026-08-11,9,2.62
2026-08-11,10,2.41
2026-08-11,11,2.04
2026-08-11,12,1.56
2026-08-11,13,1.05
2026-08-11,14,0.56
2026-08-11,15,0.24
2026-08-11,16,0.14
2026-08-11,17,0.26
2026-08-11,18,0.54
2026-08-11,19,0.88
2026-08-11,20,1.22
2026-08-11,21,1.46
2026-08-11,22,1.61
2026-08-11,23,1.64
2026-08-11,24,1.56
2026-08-12,1,1.44
2026-08-12,2,1.32
2026-08-12,3,1.32
2026-08-12,4,1.46
2026-08-12,5,1.76
2026-08-12,6,2.14
2026-08-12,7,2.48
2026-08-12,8,2.71
2026-08-12,9,2.78
2026-08-12,10,2.69
2026-08-12,11,2.45
2026-08-12,12,2.04
2026-08-12,13,1.53
2026-08-12,14,0.97
2026-08-12,15,0.48
2026-08-12,16,0.18
2026-08-12,17,0.13
2026-08-12,18,0.34
2026-08-12,19,0.69
2026-08-12,20,1.07
2026-08-12,21,1.41
2026-08-12,22,1.61
2026-08-12,23,1.71
2026-08-12,24,1.66
2026-08-13,1,1.51
2026-08-13,2,1.34
2026-08-13,3,1.18
2026-08-13,4,1.18
2026-08-13,5,1.36
2026-08-13,6,1.71
2026-08-13,7,2.14
2026-08-13,8,2.5
2026-08-13,9,2.73
2026-08-13,10,2.78
2026-08-13,11,2.67
2026-08-13,12,2.41
2026-08-13,13,1.97
2026-08-13,14,1.44
2026-08-13,15,0.87
2026-08-13,16,0.41
2026-08-13,17,0.19
2026-08-13,18,0.24
2026-08-13,19,0.55
2026-08-13,20,0.94
2026-08-13,21,1.33
2026-08-13,22,1.61
2026-08-13,23,1.76
2026-08-13,24,1.78
2026-08-14,1,1.65
2026-08-14,2,1.44
2026-08-14,3,1.22
2026-08-14,4,1.05
2026-08-14,5,1.08
2026-08-14,6,1.29
2026-08-14,7,1.7
2026-08-14,8,2.13
2026-08-14,9,2.47
2026-08-14,10,2.67
2026-08-14,11,2.69
2026-08-14,12,2.57
2026-08-14,13,2.27
2026-08-14,14,1.82
2026-08-14,15,1.29
2026-08-14,16,0.76
2026-08-14,17,0.41
2026-08-14,18,0.29
2026-08-14,19,0.46
2026-08-14,20,0.84
2026-08-14,21,1.24
2026-08-14,22,1.59
2026-08-14,23,1.8
2026-08-14,24,1.87
2026-08-15,1,1.81
2026-08-15,2,1.61
2026-08-15,3,1.36
2026-08-15,4,1.1
2026-08-15,5,0.96
2026-08-15,6,1.02
2026-08-15,7,1.28
2026-08-15,8,1.71
2026-08-15,9,2.1
2026-08-15,10,2.4
2026-08-15,11,2.54
2026-08-15,12,2.53
2026-08-15,13,2.38
2026-08-15,14,2.05
2026-08-15,15,1.61
2026-08-15,16,1.12
2026-08-15,17,0.69
2026-08-15,18,0.47
2026-08-15,19,0.49
2026-08-15,20,0.78
2026-08-15,21,1.17
2026-08-15,22,1.54
2026-08-15,23,1.83
2026-08-15,24,1.95
2026-08-16,1,1.95
2026-08-16,2,1.8
2026-08-16,3,1.56
2026-08-16,4,1.28
2026-08-16,5,1.02
2026-08-16,6,0.93
2026-08-16,7,1.02
2026-08-16,8,1.31
2026-08-16,9,1.7
2026-08-16,10,2.02
2026-08-16,11,2.26
2026-08-16,12,2.34
2026-08-16,13,2.3
2026-08-16,14,2.12
2026-08-16,15,1.79
2026-08-16,16,1.4
2026-08-16,17,0.99
2026-08-16,18,0.7
2026-08-16,19,0.63
2026-08-16,20,0.78
2026-08-16,21,1.13
2026-08-16,22,1.5
2026-08-16,23,1.81
2026-08-16,24,2.0
2026-08-17,1,2.04
2026-08-17,2,1.97
2026-08-17,3,1.77
2026-08-17,4,1.5
2026-08-17,5,1.21
2026-08-17,6,0.99
2026-08-17,7,0.94
2026-08-17,8,1.06
2026-08-17,9,1.34
2026-08-17,10,1.65
2026-08-17,11,1.9
2026-08-17,12,2.05
2026-08-17,13,2.08
2026-08-17,14,2.02
2026-08-17,15,1.83
2026-08-17,16,1.54
2026-08-17,17,1.23
2026-08-17,18,0.94
2026-08-17,19,0.81
2026-08-17,20,0.87
2026-08-17,21,1.11
2026-08-17,22,1.46
2026-08-17,23,1.77
2026-08-17,24,2.0
2026-08-18,1,2.1
2026-08-18,2,2.08
2026-08-18,3,1.96
2026-08-18,4,1.72
2026-08-18,5,1.46
2026-08-18,6,1.18
2026-08-18,7,1.0
2026-08-18,8,0.98
2026-08-18,9,1.09
2026-08-18,10,1.33
2026-08-18,11,1.55
2026-08-18,12,1.71
2026-08-18,13,1.81
2026-08-18,14,1.81
2026-08-18,15,1.74
2026-08-18,16,1.57
2026-08-18,17,1.36
2026-08-18,18,1.15
2026-08-18,19,1.0
2026-08-18,20,1.01
2026-08-18,21,1.15
2026-08-18,22,1.42
2026-08-18,23,1.72
2026-08-18,24,1.96
2026-08-19,1,2.11
2026-08-19,2,2.14
2026-08-19,3,2.08
2026-08-19,4,1.92
2026-08-19,5,1.69
2026-08-19,6,1.43
2026-08-19,7,1.18
2026-08-19,8,1.03
2026-08-19,9,1.01
2026-08-19,10,1.1
2026-08-19,11,1.25
2026-08-19,12,1.39
2026-08-19,13,1.49
2026-08-19,14,1.55
2026-08-19,15,1.55
2026-08-19,16,1.5
2026-08-19,17,1.39
2026-08-19,18,1.28
2026-08-19,19,1.17
2026-08-19,20,1.15
2026-08-19,21,1.23
2026-08-19,22,1.42
2026-08-19,23,1.67
2026-08-19,24,1.9
2026-08-20,1,2.07
2026-08-20,2,2.16
2026-08-20,3,2.14
2026-08-20,4,2.06
2026-08-20,5,1.89
2026-08-20,6,1.67
2026-08-20,7,1.43
2026-08-20,8,1.2
2026-08-20,9,1.06
2026-08-20,10,1.01
2026-08-20,11,1.05
2026-08-20,12,1.12
2026-08-20,13,1.2
2026-08-20,14,1.27
2026-08-20,15,1.31
2026-08-20,16,1.34
2026-08-20,17,1.34
2026-08-20,18,1.32
2026-08-20,19,1.29
2026-08-20,20,1.28
2026-08-20,21,1.33
2026-08-20,22,1.44
2026-08-20,23,1.61
2026-08-20,24,1.81
2026-08-21,1,1.99
2026-08-21,2,2.11
2026-08-21,3,2.16
2026-08-21,4,2.14
2026-08-21,5,2.05
2026-08-21,6,1.89
2026-08-21,7,1.68
2026-08-21,8,1.44
2026-08-21,9,1.22
2026-08-21,10,1.06
2026-08-21,11,0.97
2026-08-21,12,0.95
2026-08-21,13,0.96
2026-08-21,14,1.01
2026-08-21,15,1.07
2026-08-21,16,1.15
2026-08-21,17,1.22
2026-08-21,18,1.29
2026-08-21,19,1.34
2026-08-21,20,1.38
2026-08-21,21,1.42
2026-08-21,22,1.48
2026-08-21,23,1.58
2026-08-21,24,1.72
2026-08-22,1,1.87
2026-08-22,2,2.01
2026-08-22,3,2.12
2026-08-22,4,2.17
2026-08-22,5,2.15
2026-08-22,6,2.07
2026-08-22,7,1.92
2026-08-22,8,1.7
2026-08-22,9,1.46
2026-08-22,10,1.22
2026-08-22,11,1.03
2026-08-22,12,0.89
2026-08-22,13,0.81
2026-08-22,14,0.8
2026-08-22,15,0.85
2026-08-22,16,0.95
2026-08-22,17,1.07
2026-08-22,18,1.21
2026-08-22,19,1.34
2026-08-22,20,1.43
2026-08-22,21,1.49
2026-08-22,22,1.53
2026-08-22,23,1.57
2026-08-22,24,1.63
2026-08-23,1,1.74
2026-08-23,2,1.87
2026-08-23,3,2.01
2026-08-23,4,2.13
2026-08-23,5,2.21
2026-08-23,6,2.2
2026-08-23,7,2.12
2026-08-23,8,1.96
2026-08-23,9,1.72
2026-08-23,10,1.45
2026-08-23,11,1.18
2026-08-23,12,0.95
2026-08-23,13,0.77
2026-08-23,14,0.68
2026-08-23,15,0.67
2026-08-23,16,0.76
2026-08-23,17,0.91
2026-08-23,18,1.1
2026-08-23,19,1.29
2026-08-23,20,1.44
2026-08-23,21,1.53
2026-08-23,22,1.57
2026-08-23,23,1.57
2026-08-23,24,1.57
2026-08-24,1,1.61
2026-08-24,2,1.7
2026-08-24,3,1.84
2026-08-24,4,2.01
2026-08-24,5,2.18
2026-08-24,6,2.27
2026-08-24,7,2.28
2026-08-24,8,2.18
2026-08-24,9,1.99
2026-08-24,10,1.72
2026-08-24,11,1.41
2026-08-24,12,1.1
2026-08-24,13,0.83
2026-08-24,14,0.64
2026-08-24,15,0.56
2026-08-24,16,0.61
2026-08-24,17,0.76
2026-08-24,18,0.98
2026-08-24,19,1.21
2026-08-24,20,1.42
2026-08-24,21,1.55
2026-08-24,22,1.61
2026-08-24,23,1.59
2026-08-24,24,1.54
2026-08-25,1,1.51
2026-08-25,2,1.53
2026-08-25,3,1.64
2026-08-25,4,1.83
2026-08-25,5,2.05
2026-08-25,6,2.26
2026-08-25,7,2.36
2026-08-25,8,2.36
2026-08-25,9,2.23
2026-08-25,10,2.0
2026-08-25,11,1.69
2026-08-25,12,1.33
2026-08-25,13,0.99
2026-08-25,14,0.71
2026-08-25,15,0.54
2026-08-25,16,0.51
2026-08-25,17,0.63
2026-08-25,18,0.86
2026-08-25,19,1.13
2026-08-25,20,1.38
2026-08-25,21,1.56
2026-08-25,22,1.64
2026-08-25,23,1.64
2026-08-25,24,1.55
2026-08-26,1,1.45
2026-08-26,2,1.39
2026-08-26,3,1.43
2026-08-26,4,1.59
2026-08-26,5,1.85
2026-08-26,6,2.13
2026-08-26,7,2.36
2026-08-26,8,2.46
2026-08-26,9,2.42
2026-08-26,10,2.25
2026-08-26,11,1.97
2026-08-26,12,1.61
2026-08-26,13,1.22
2026-08-26,14,0.85
2026-08-26,15,0.59
2026-08-26,16,0.48
2026-08-26,17,0.54
2026-08-26,18,0.76
2026-08-26,19,1.05
2026-08-26,20,1.34
2026-08-26,21,1.56
2026-08-26,22,1.68
2026-08-26,23,1.69
2026-08-26,24,1.6
2026-08-27,1,1.46
2026-08-27,2,1.32
2026-08-27,3,1.26
2026-08-27,4,1.34
2026-08-27,5,1.57
2026-08-27,6,1.91
2026-08-27,7,2.23
2026-08-27,8,2.45
2026-08-27,9,2.52
2026-08-27,10,2.44
2026-08-27,11,2.22
2026-08-27,12,1.88
2026-08-27,13,1.48
2026-08-27,14,1.07
2026-08-27,15,0.71
2026-08-27,16,0.52
2026-08-27,17,0.5
2026-08-27,18,0.68
2026-08-27,19,0.97
2026-08-27,20,1.29
2026-08-27,21,1.56
2026-08-27,22,1.72
2026-08-27,23,1.77
2026-08-27,24,1.69
2026-08-28,1,1.53
2026-08-28,2,1.33
2026-08-28,3,1.16
2026-08-28,4,1.14
2026-08-28,5,1.29
2026-08-28,6,1.6
2026-08-28,7,1.99
2026-08-28,8,2.32
2026-08-28,9,2.52
2026-08-28,10,2.54
2026-08-28,11,2.41
2026-08-28,12,2.14
2026-08-28,13,1.75
2026-08-28,14,1.32
2026-08-28,15,0.91
2026-08-28,16,0.62
2026-08-28,17,0.52
2026-08-28,18,0.63
2026-08-28,19,0.92
2026-08-28,20,1.25
2026-08-28,21,1.56
2026-08-28,22,1.77
2026-08-28,23,1.85
2026-08-28,24,1.81
2026-08-29,1,1.64
2026-08-29,2,1.41
2026-08-29,3,1.17
2026-08-29,4,1.02
2026-08-29,5,1.05
2026-08-29,6,1.27
2026-08-29,7,1.66
2026-08-29,8,2.06
2026-08-29,9,2.37
2026-08-29,10,2.52
2026-08-29,11,2.49
2026-08-29,12,2.32
2026-08-29,13,1.99
2026-08-29,14,1.58
2026-08-29,15,1.15
2026-08-29,16,0.77
2026-08-29,17,0.59
2026-08-29,18,0.62
2026-08-29,19,0.86
2026-08-29,20,1.22
2026-08-29,21,1.56
2026-08-29,22,1.82
2026-08-29,23,1.94
2026-08-29,24,1.94
2026-08-30,1,1.8
2026-08-30,2,1.56
2026-08-30,3,1.28
2026-08-30,4,1.02
2026-08-30,5,0.9
2026-08-30,6,1.0
2026-08-30,7,1.29
2026-08-30,8,1.72
2026-08-30,9,2.1
2026-08-30,10,2.36
2026-08-30,11,2.46
2026-08-30,12,2.38
2026-08-30,13,2.17
2026-08-30,14,1.8
2026-08-30,15,1.38
2026-08-30,16,0.99
2026-08-30,17,0.72
2026-08-30,18,0.67
2026-08-30,19,0.84
2026-08-30,20,1.18
2026-08-30,21,1.55
2026-08-30,22,1.85
2026-08-30,23,2.03
2026-08-30,24,2.06
2026-08-31,1,1.98
2026-08-31,2,1.76
2026-08-31,3,1.46
2026-08-31,4,1.15
2026-08-31,5,0.89
2026-08-31,6,0.84
2026-08-31,7,0.99
2026-08-31,8,1.33
2026-08-31,9,1.74
2026-08-31,10,2.07
2026-08-31,11,2.28
2026-08-31,12,2.31
2026-08-31,13,2.21
2026-08-31,14,1.96
2026-08-31,15,1.59
2026-08-31,16,1.21
2026-08-31,17,0.9
2026-08-31,18,0.77
2026-08-31,19,0.86
2026-08-31,20,1.14
2026-08-31,21,1.53
2026-08-31,22,1.86
2026-08-31,23,2.09
2026-08-31,24,2.18
2026-09-01,1,2.13
2026-09-01,2,1.97
2026-09-01,3,1.69
2026-09-01,4,1.36
2026-09-01,5,1.03
2026-09-01,6,0.82
2026-09-01,7,0.81
2026-09-01,8,1.0
2026-09-01,9,1.35
2026-09-01,10,1.7
2026-09-01,11,1.97
2026-09-01,12,2.11
2026-09-01,13,2.11
2026-09-01,14,1.99
2026-09-01,15,1.73
2026-09-01,16,1.41
2026-09-01,17,1.11
2026-09-01,18,0.91
2026-09-01,19,0.93
2026-09-01,20,1.13
2026-09-01,21,1.48
2026-09-01,22,1.85
2026-09-01,23,2.12
2026-09-01,24,2.26
2026-09-02,1,2.26
2026-09-02,2,2.16
2026-09-02,3,1.94
2026-09-02,4,1.63
2026-09-02,5,1.29
2026-09-02,6,0.96
2026-09-02,7,0.79
2026-09-02,8,0.8
2026-09-02,9,1.0
2026-09-02,10,1.31
2026-09-02,11,1.58
2026-09-02,12,1.79
2026-09-02,13,1.89
2026-09-02,14,1.87
2026-09-02,15,1.76
2026-09-02,16,1.54
2026-09-02,17,1.3
2026-09-02,18,1.11
2026-09-02,19,1.05
2026-09-02,20,1.17
2026-09-02,21,1.43
2026-09-02,22,1.8
2026-09-02,23,2.1
2026-09-02,24,2.29
2026-09-03,1,2.36
2026-09-03,2,2.3
2026-09-03,3,2.16
2026-09-03,4,1.91
2026-09-03,5,1.6
2026-09-03,6,1.25
2026-09-03,7,0.95
2026-09-03,8,0.79
2026-09-03,9,0.79
2026-09-03,10,0.96
2026-09-03,11,1.2
2026-09-03,12,1.4
2026-09-03,13,1.56
2026-09-03,14,1.63
2026-09-03,15,1.64
2026-09-03,16,1.56
2026-09-03,17,1.42
2026-09-03,18,1.29
2026-09-03,19,1.21
2026-09-03,20,1.25
2026-09-03,21,1.43
2026-09-03,22,1.7
2026-09-03,23,2.02
2026-09-03,24,2.25
2026-09-04,1,2.38
2026-09-04,2,2.4
2026-09-04,3,2.32
2026-09-04,4,2.16
2026-09-04,5,1.92
2026-09-04,6,1.62
2026-09-04,7,1.27
2026-09-04,8,0.98
2026-09-04,9,0.8
2026-09-04,10,0.76
2026-09-04,11,0.87
2026-09-04,12,1.02
2026-09-04,13,1.18
2026-09-04,14,1.31
2026-09-04,15,1.4
2026-09-04,16,1.45
2026-09-04,17,1.44
2026-09-04,18,1.41
2026-09-04,19,1.38
2026-09-04,20,1.38
2026-09-04,21,1.47
2026-09-04,22,1.64
2026-09-04,23,1.88
2026-09-04,24,2.13
2026-09-05,1,2.3
2026-09-05,2,2.4
2026-09-05,3,2.4
2026-09-05,4,2.34
2026-09-05,5,2.2
2026-09-05,6,1.98
2026-09-05,7,1.68
2026-09-05,8,1.34
2026-09-05,9,1.03
2026-09-05,10,0.8
2026-09-05,11,0.7
2026-09-05,12,0.73
2026-09-05,13,0.82
2026-09-05,14,0.95
2026-09-05,15,1.09
2026-09-05,16,1.23
2026-09-05,17,1.34
2026-09-05,18,1.43
2026-09-05,19,1.48
2026-09-05,20,1.51
2026-09-05,21,1.54
2026-09-05,22,1.62
2026-09-05,23,1.75
2026-09-05,24,1.93
2026-09-06,1,2.12
2026-09-06,2,2.28
2026-09-06,3,2.38
2026-09-06,4,2.41
2026-09-06,5,2.38
2026-09-06,6,2.28
2026-09-06,7,2.08
2026-09-06,8,1.79
2026-09-06,9,1.43
2026-09-06,10,1.08
2026-09-06,11,0.79
2026-09-06,12,0.62
2026-09-06,13,0.57
2026-09-06,14,0.64
2026-09-06,15,0.78
2026-09-06,16,0.96
2026-09-06,17,1.16
2026-09-06,18,1.35
2026-09-06,19,1.49
2026-09-06,20,1.59
2026-09-06,21,1.63
2026-09-06,22,1.65
2026-09-06,23,1.67
2026-09-06,24,1.74
2026-09-07,1,1.87
2026-09-07,2,2.03
2026-09-07,3,2.21
2026-09-07,4,2.35
2026-09-07,5,2.44
2026-09-07,6,2.46
2026-09-07,7,2.39
2026-09-07,8,2.2
2026-09-07,9,1.9
2026-09-07,10,1.51
2026-09-07,11,1.11
2026-09-07,12,0.75
2026-09-07,13,0.52
2026-09-07,14,0.44
2026-09-07,15,0.51
2026-09-07,16,0.7
2026-09-07,17,0.94
2026-09-07,18,1.21
2026-09-07,19,1.44
2026-09-07,20,1.61
2026-09-07,21,1.7
2026-09-07,22,1.71
2026-09-07,23,1.66
2026-09-07,24,1.61
2026-09-08,1,1.62
2026-09-08,2,1.72
2026-09-08,3,1.9
2026-09-08,4,2.13
2026-09-08,5,2.35
2026-09-08,6,2.5
2026-09-08,7,2.56
2026-09-08,8,2.5
2026-09-08,9,2.31
2026-09-08,10,1.98
2026-09-08,11,1.55
2026-09-08,12,1.1
2026-09-08,13,0.69
2026-09-08,14,0.43
2026-09-08,15,0.36
2026-09-08,16,0.49
2026-09-08,17,0.74
2026-09-08,18,1.05
2026-09-08,19,1.36
2026-09-08,20,1.6
2026-09-08,21,1.74
2026-09-08,22,1.78
2026-09-08,23,1.71
2026-09-08,24,1.59
2026-09-09,1,1.47
2026-09-09,2,1.43
2026-09-09,3,1.53
2026-09-09,4,1.76
2026-09-09,5,2.07
2026-09-09,6,2.36
2026-09-09,7,2.56
2026-09-09,8,2.64
2026-09-09,9,2.57
2026-09-09,10,2.37
2026-09-09,11,2.0
2026-09-09,12,1.54
2026-09-09,13,1.04
2026-09-09,14,0.61
2026-09-09,15,0.38
2026-09-09,16,0.37
2026-09-09,17,0.58
2026-09-09,18,0.92
2026-09-09,19,1.27
2026-09-09,20,1.58
2026-09-09,21,1.77
2026-09-09,22,1.86
2026-09-09,23,1.81
2026-09-09,24,1.65
2026-09-10,1,1.45
2026-09-10,2,1.27
2026-09-10,3,1.23
2026-09-10,4,1.36
2026-09-10,5,1.67
2026-09-10,6,2.05
2026-09-10,7,2.37
2026-09-10,8,2.6
2026-09-10,9,2.67
2026-09-10,10,2.59
2026-09-10,11,2.35
2026-09-10,12,1.95
2026-09-10,13,1.47
2026-09-10,14,0.95
2026-09-10,15,0.56
2026-09-10,16,0.4
2026-09-10,17,0.49
2026-09-10,18,0.81
2026-09-10,19,1.19
2026-09-10,20,1.56
2026-09-10,21,1.82
2026-09-10,22,1.94
2026-09-10,23,1.93
2026-09-10,24,1.78
2026-09-11,1,1.54
2026-09-11,2,1.27
2026-09-11,3,1.07
2026-09-11,4,1.06
2026-09-11,5,1.25
2026-09-11,6,1.62
2026-09-11,7,2.04
2026-09-11,8,2.37
2026-09-11,9,2.58
2026-09-11,10,2.62
2026-09-11,11,2.52
2026-09-11,12,2.24
2026-09-11,13,1.82
2026-09-11,14,1.34
2026-09-11,15,0.86
2026-09-11,16,0.56
2026-09-11,17,0.51
2026-09-11,18,0.73
2026-09-11,19,1.12
2026-09-11,20,1.53
2026-09-11,21,1.86
2026-09-11,22,2.04
2026-09-11,23,2.07
2026-09-11,24,1.96
2026-09-12,1,1.71
2026-09-12,2,1.41
2026-09-12,3,1.09
2026-09-12,4,0.91
2026-09-12,5,0.95
2026-09-12,6,1.2
2026-09-12,7,1.62
2026-09-12,8,2.02
2026-09-12,9,2.33
2026-09-12,10,2.5
2026-09-12,11,2.51
2026-09-12,12,2.37
2026-09-12,13,2.06
2026-09-12,14,1.64
2026-09-12,15,1.19
2026-09-12,16,0.8
2026-09-12,17,0.64
2026-09-12,18,0.73
2026-09-12,19,1.06
2026-09-12,20,1.48
2026-09-12,21,1.86
2026-09-12,22,2.11
2026-09-12,23,2.19
2026-09-12,24,2.13
2026-09-13,1,1.92
2026-09-13,2,1.61
2026-09-13,3,1.26
2026-09-13,4,0.95
2026-09-13,5,0.82
2026-09-13,6,0.91
2026-09-13,7,1.21
2026-09-13,8,1.63
2026-09-13,9,1.98
2026-09-13,10,2.25
2026-09-13,11,2.36
2026-09-13,12,2.33
2026-09-13,13,2.16
2026-09-13,14,1.83
2026-09-13,15,1.45
2026-09-13,16,1.06
2026-09-13,17,0.82
2026-09-13,18,0.82
2026-09-13,19,1.03
2026-09-13,20,1.44
2026-09-13,21,1.83
2026-09-13,22,2.13
2026-09-13,23,2.28
2026-09-13,24,2.27
2026-09-14,1,2.13
2026-09-14,2,1.84
2026-09-14,3,1.49
2026-09-14,4,1.13
2026-09-14,5,0.85
2026-09-14,6,0.79
2026-09-14,7,0.93
2026-09-14,8,1.26
2026-09-14,9,1.62
2026-09-14,10,1.91
2026-09-14,11,2.11
2026-09-14,12,2.16
2026-09-14,13,2.11
2026-09-14,14,1.91
2026-09-14,15,1.61
2026-09-14,16,1.3
2026-09-14,17,1.02
2026-09-14,18,0.95
2026-09-14,19,1.08
2026-09-14,20,1.39
2026-09-14,21,1.79
2026-09-14,22,2.11
2026-09-14,23,2.32
2026-09-14,24,2.36
2026-09-15,1,2.27
2026-09-15,2,2.05
2026-09-15,3,1.73
2026-09-15,4,1.37
2026-09-15,5,1.03
2026-09-15,6,0.83
2026-09-15,7,0.82
2026-09-15,8,0.99
2026-09-15,9,1.29
2026-09-15,10,1.57
2026-09-15,11,1.8
2026-09-15,12,1.93
2026-09-15,13,1.95
2026-09-15,14,1.87
2026-09-15,15,1.68
2026-09-15,16,1.44
2026-09-15,17,1.22
2026-09-15,18,1.1
2026-09-15,19,1.16
2026-09-15,20,1.38
2026-09-15,21,1.73
2026-09-15,22,2.06
2026-09-15,23,2.29
2026-09-15,24,2.4
2026-09-16,1,2.36
2026-09-16,2,2.21
2026-09-16,3,1.95
2026-09-16,4,1.62
2026-09-16,5,1.28
2026-09-16,6,0.98
2026-09-16,7,0.85
2026-09-16,8,0.87
2026-09-16,9,1.04
2026-09-16,10,1.28
2026-09-16,11,1.49
2026-09-16,12,1.65
2026-09-16,13,1.73
2026-09-16,14,1.73
2026-09-16,15,1.66
2026-09-16,16,1.51
2026-09-16,17,1.36
2026-09-16,18,1.25
2026-09-16,19,1.26
2026-09-16,20,1.41
2026-09-16,21,1.67
2026-09-16,22,1.98
2026-09-16,23,2.23
2026-09-16,24,2.37
2026-09-17,1,2.39
2026-09-17,2,2.29
2026-09-17,3,2.11
2026-09-17,4,1.84
2026-09-17,5,1.53
2026-09-17,6,1.23
2026-09-17,7,0.99
2026-09-17,8,0.9
2026-09-17,9,0.93
2026-09-17,10,1.06
2026-09-17,11,1.23
2026-09-17,12,1.36
2026-09-17,13,1.48
2026-09-17,14,1.53
2026-09-17,15,1.55
2026-09-17,16,1.5
2026-09-17,17,1.43
2026-09-17,18,1.38
2026-09-17,19,1.37
2026-09-17,20,1.46
2026-09-17,21,1.65
2026-09-17,22,1.89
2026-09-17,23,2.13
2026-09-17,24,2.29
2026-09-18,1,2.36
2026-09-18,2,2.33
2026-09-18,3,2.21
2026-09-18,4,2.02
2026-09-18,5,1.77
2026-09-18,6,1.5
2026-09-18,7,1.23
2026-09-18,8,1.04
2026-09-18,9,0.95
2026-09-18,10,0.95
2026-09-18,11,1.03
2026-09-18,12,1.13
2026-09-18,13,1.22
2026-09-18,14,1.31
2026-09-18,15,1.38
2026-09-18,16,1.42
2026-09-18,17,1.44
2026-09-18,18,1.45
2026-09-18,19,1.47
2026-09-18,20,1.53
2026-09-18,21,1.65
2026-09-18,22,1.81
2026-09-18,23,2.0
2026-09-18,24,2.16
2026-09-19,1,2.26
2026-09-19,2,2.29
2026-09-19,3,2.25
2026-09-19,4,2.14
2026-09-19,5,1.97
2026-09-19,6,1.75
2026-09-19,7,1.5
2026-09-19,8,1.26
2026-09-19,9,1.08
2026-09-19,10,0.97
2026-09-19,11,0.94
2026-09-19,12,0.96
2026-09-19,13,1.01
2026-09-19,14,1.09
2026-09-19,15,1.19
2026-09-19,16,1.29
2026-09-19,17,1.38
2026-09-19,18,1.47
2026-09-19,19,1.53
2026-09-19,20,1.6
2026-09-19,21,1.67
2026-09-19,22,1.77
2026-09-19,23,1.88
2026-09-19,24,2.01
2026-09-20,1,2.12
2026-09-20,2,2.19
2026-09-20,3,2.23
2026-09-20,4,2.2
2026-09-20,5,2.11
2026-09-20,6,1.97
2026-09-20,7,1.77
2026-09-20,8,1.53
2026-09-20,9,1.3
2026-09-20,10,1.1
2026-09-20,11,0.96
2026-09-20,12,0.88
2026-09-20,13,0.86
2026-09-20,14,0.91
2026-09-20,15,1.0
2026-09-20,16,1.14
2026-09-20,17,1.29
2026-09-20,18,1.44
2026-09-20,19,1.56
2026-09-20,20,1.65
2026-09-20,21,1.71
2026-09-20,22,1.75
2026-09-20,23,1.79
2026-09-20,24,1.85
2026-09-21,1,1.94
2026-09-21,2,2.03
2026-09-21,3,2.12
2026-09-21,4,2.19
2026-09-21,5,2.2
2026-09-21,6,2.14
2026-09-21,7,2.01
2026-09-21,8,1.8
2026-09-21,9,1.56
2026-09-21,10,1.31
2026-09-21,11,1.08
2026-09-21,12,0.9
2026-09-21,13,0.8
2026-09-21,14,0.78
2026-09-21,15,0.85
2026-09-21,16,0.99
2026-09-21,17,1.18
2026-09-21,18,1.38
2026-09-21,19,1.56
2026-09-21,20,1.68
2026-09-21,21,1.75
2026-09-21,22,1.76
2026-09-21,23,1.73
2026-09-21,24,1.72
2026-09-22,1,1.75
2026-09-22,2,1.82
2026-09-22,3,1.95
2026-09-22,4,2.09
2026-09-22,5,2.2
2026-09-22,6,2.24
2026-09-22,7,2.2
2026-09-22,8,2.06
2026-09-22,9,1.84
2026-09-22,10,1.57
2026-09-22,11,1.28
2026-09-22,12,1.02
2026-09-22,13,0.82
2026-09-22,14,0.72
2026-09-22,15,0.74
2026-09-22,16,0.86
2026-09-22,17,1.08
2026-09-22,18,1.32
2026-09-22,19,1.54
2026-09-22,20,1.71
2026-09-22,21,1.79
2026-09-22,22,1.79
2026-09-22,23,1.73
2026-09-22,24,1.64
2026-09-23,1,1.58
2026-09-23,2,1.6
2026-09-23,3,1.71
2026-09-23,4,1.9
2026-09-23,5,2.1
2026-09-23,6,2.26
2026-09-23,7,2.31
2026-09-23,8,2.26
2026-09-23,9,2.09
2026-09-23,10,1.84
2026-09-23,11,1.53
2026-09-23,12,1.21
2026-09-23,13,0.92
2026-09-23,14,0.74
2026-09-23,15,0.68
2026-09-23,16,0.78
2026-09-23,17,0.98
2026-09-23,18,1.26
2026-09-23,19,1.52
2026-09-23,20,1.73
2026-09-23,21,1.84
2026-09-23,22,1.85
2026-09-23,23,1.76
2026-09-23,24,1.62
2026-09-24,1,1.47
2026-09-24,2,1.4
2026-09-24,3,1.45
2026-09-24,4,1.63
2026-09-24,5,1.89
2026-09-24,6,2.15
2026-09-24,7,2.33
2026-09-24,8,2.39
2026-09-24,9,2.31
2026-09-24,10,2.1
2026-09-24,11,1.81
2026-09-24,12,1.46
2026-09-24,13,1.1
2026-09-24,14,0.83
2026-09-24,15,0.69
2026-09-24,16,0.72
2026-09-24,17,0.92
2026-09-24,18,1.2
2026-09-24,19,1.51
2026-09-24,20,1.76
2026-09-24,21,1.9
2026-09-24,22,1.93
2026-09-24,23,1.84
2026-09-24,24,1.67
2026-09-25,1,1.44
2026-09-25,2,1.26
2026-09-25,3,1.21
2026-09-25,4,1.32
2026-09-25,5,1.59
2026-09-25,6,1.93
2026-09-25,7,2.22
2026-09-25,8,2.4
2026-09-25,9,2.43
2026-09-25,10,2.31
2026-09-25,11,2.07
2026-09-25,12,1.72
2026-09-25,13,1.34
2026-09-25,14,0.99
2026-09-25,15,0.76
2026-09-25,16,0.72
2026-09-25,17,0.87
2026-09-25,18,1.17
2026-09-25,19,1.5
2026-09-25,20,1.8
2026-09-25,21,1.99
2026-09-25,22,2.04
2026-09-25,23,1.97
2026-09-25,24,1.78
2026-09-26,1,1.51
2026-09-26,2,1.23
2026-09-26,3,1.04
2026-09-26,4,1.04
2026-09-26,5,1.24
2026-09-26,6,1.59
2026-09-26,7,1.97
2026-09-26,8,2.27
2026-09-26,9,2.43
2026-09-26,10,2.42
2026-09-26,11,2.27
2026-09-26,12,1.98
2026-09-26,13,1.6
2026-09-26,14,1.21
2026-09-26,15,0.9
2026-09-26,16,0.77
2026-09-26,17,0.85
2026-09-26,18,1.13
2026-09-26,19,1.5
2026-09-26,20,1.83
2026-09-26,21,2.08
2026-09-26,22,2.18
2026-09-26,23,2.13
2026-09-26,24,1.95
2026-09-27,1,1.66
2026-09-27,2,1.32
2026-09-27,3,1.0
2026-09-27,4,0.85
2026-09-27,5,0.92
2026-09-27,6,1.2
2026-09-27,7,1.62
2026-09-27,8,2.0
2026-09-27,9,2.28
2026-09-27,10,2.41
2026-09-27,11,2.36
2026-09-27,12,2.17
2026-09-27,13,1.84
2026-09-27,14,1.46
2026-09-27,15,1.1
2026-09-27,16,0.87
2026-09-27,17,0.88
2026-09-27,18,1.09
2026-09-27,19,1.47
2026-09-27,20,1.86
2026-09-27,21,2.15
2026-09-27,22,2.31
2026-09-27,23,2.3
2026-09-27,24,2.16
2026-09-28,1,1.88
2026-09-28,2,1.5
2026-09-28,3,1.12
2026-09-28,4,0.8
2026-09-28,5,0.71
2026-09-28,6,0.85
2026-09-28,7,1.2
2026-09-28,8,1.63
2026-09-28,9,1.99
2026-09-28,10,2.23
2026-09-28,11,2.31
2026-09-28,12,2.24
2026-09-28,13,2.02
2026-09-28,14,1.67
2026-09-28,15,1.32
2026-09-28,16,1.03
2026-09-28,17,0.95
2026-09-28,18,1.1
2026-09-28,19,1.42
2026-09-28,20,1.85
2026-09-28,21,2.2
2026-09-28,22,2.42
2026-09-28,23,2.47
2026-09-28,24,2.37
2026-09-29,1,2.14
2026-09-29,2,1.77
2026-09-29,3,1.35
2026-09-29,4,0.94
2026-09-29,5,0.66
2026-09-29,6,0.63
2026-09-29,7,0.82
2026-09-29,8,1.21
2026-09-29,9,1.6
2026-09-29,10,1.92
2026-09-29,11,2.12
2026-09-29,12,2.16
2026-09-29,13,2.07
2026-09-29,14,1.83
2026-09-29,15,1.52
2026-09-29,16,1.24
2026-09-29,17,1.07
2026-09-29,18,1.13
2026-09-29,19,1.38
2026-09-29,20,1.79
2026-09-29,21,2.2
2026-09-29,22,2.46
2026-09-29,23,2.59
2026-09-29,24,2.54
2026-09-30,1,2.37
2026-09-30,2,2.07
2026-09-30,3,1.65
2026-09-30,4,1.22
2026-09-30,5,0.81
2026-09-30,6,0.59
2026-09-30,7,0.61
2026-09-30,8,0.83
2026-09-30,9,1.2
2026-09-30,10,1.53
2026-09-30,11,1.79
2026-09-30,12,1.94
2026-09-30,13,1.97
2026-09-30,14,1.88
2026-09-30,15,1.66
2026-09-30,16,1.42
2026-09-30,17,1.23
2026-09-30,18,1.2
2026-09-30,19,1.37
2026-09-30,20,1.7
2026-09-30,21,2.11
2026-09-30,22,2.44
2026-09-30,23,2.63
2026-09-30,24,2.66
2026-10-01,1,2.55
2026-10-01,2,2.33
2026-10-01,3,1.99
2026-10-01,4,1.57
2026-10-01,5,1.14
2026-10-01,6,0.77
2026-10-01,7,0.59
2026-10-01,8,0.62
2026-10-01,9,0.83
2026-10-01,10,1.14
2026-10-01,11,1.4
2026-10-01,12,1.62
2026-10-01,13,1.74
2026-10-01,14,1.77
2026-10-01,15,1.7
2026-10-01,16,1.54
2026-10-01,17,1.4
2026-10-01,18,1.32
2026-10-01,19,1.4
2026-10-01,20,1.63
2026-10-01,21,1.97
2026-10-01,22,2.33
2026-10-01,23,2.57
2026-10-01,24,2.68
2026-10-02,1,2.65
2026-10-02,2,2.5
2026-10-02,3,2.27
2026-10-02,4,1.93
2026-10-02,5,1.54
2026-10-02,6,1.13
2026-10-02,7,0.79
2026-10-02,8,0.63
2026-10-02,9,0.64
2026-10-02,10,0.81
2026-10-02,11,1.04
2026-10-02,12,1.25
2026-10-02,13,1.44
2026-10-02,14,1.55
2026-10-02,15,1.61
2026-10-02,16,1.58
2026-10-02,17,1.52
2026-10-02,18,1.47
2026-10-02,19,1.48
2026-10-02,20,1.61
2026-10-02,21,1.84
2026-10-02,22,2.14
2026-10-02,23,2.41
2026-10-02,24,2.57
2026-10-03,1,2.63
2026-10-03,2,2.57
2026-10-03,3,2.44
2026-10-03,4,2.23
2026-10-03,5,1.93
2026-10-03,6,1.57
2026-10-03,7,1.18
2026-10-03,8,0.87
2026-10-03,9,0.68
2026-10-03,10,0.65
2026-10-03,11,0.76
2026-10-03,12,0.92
2026-10-03,13,1.1
2026-10-03,14,1.27
2026-10-03,15,1.4
2026-10-03,16,1.51
2026-10-03,17,1.56
2026-10-03,18,1.58
2026-10-03,19,1.6
2026-10-03,20,1.65
2026-10-03,21,1.77
2026-10-03,22,1.94
2026-10-03,23,2.17
2026-10-03,24,2.36
2026-10-04,1,2.48
2026-10-04,2,2.52
2026-10-04,3,2.49
2026-10-04,4,2.4
2026-10-04,5,2.24
2026-10-04,6,1.98
2026-10-04,7,1.65
2026-10-04,8,1.28
2026-10-04,9,0.96
2026-10-04,10,0.73
2026-10-04,11,0.64
2026-10-04,12,0.69
2026-10-04,13,0.8
2026-10-04,14,0.98
2026-10-04,15,1.16
2026-10-04,16,1.34
2026-10-04,17,1.5
2026-10-04,18,1.62
2026-10-04,19,1.69
2026-10-04,20,1.73
2026-10-04,21,1.77
2026-10-04,22,1.83
2026-10-04,23,1.92
2026-10-04,24,2.07
2026-10-05,1,2.21
2026-10-05,2,2.33
2026-10-05,3,2.4
2026-10-05,4,2.42
2026-10-05,5,2.39
2026-10-05,6,2.28
2026-10-05,7,2.07
2026-10-05,8,1.76
2026-10-05,9,1.39
2026-10-05,10,1.03
2026-10-05,11,0.75
2026-10-05,12,0.62
2026-10-05,13,0.62
2026-10-05,14,0.73
2026-10-05,15,0.92
2026-10-05,16,1.15
2026-10-05,17,1.38
2026-10-05,18,1.59
2026-10-05,19,1.73
2026-10-05,20,1.82
2026-10-05,21,1.82
2026-10-05,22,1.8
2026-10-05,23,1.77
2026-10-05,24,1.79
2026-10-06,1,1.88
2026-10-06,2,2.01
2026-10-06,3,2.16
2026-10-06,4,2.3
2026-10-06,5,2.39
2026-10-06,6,2.42
2026-10-06,7,2.34
2026-10-06,8,2.15
2026-10-06,9,1.84
2026-10-06,10,1.46
2026-10-06,11,1.07
2026-10-06,12,0.76
2026-10-06,13,0.59
2026-10-06,14,0.59
2026-10-06,15,0.74
2026-10-06,16,0.98
2026-10-06,17,1.26
2026-10-06,18,1.53
2026-10-06,19,1.74
2026-10-06,20,1.87
2026-10-06,21,1.91
2026-10-06,22,1.84
2026-10-06,23,1.73
2026-10-06,24,1.62
2026-10-07,1,1.58
2026-10-07,2,1.65
2026-10-07,3,1.81
2026-10-07,4,2.03
2026-10-07,5,2.23
2026-10-07,6,2.38
2026-10-07,7,2.44
2026-10-07,8,2.39
2026-10-07,9,2.2
2026-10-07,10,1.88
2026-10-07,11,1.48
2026-10-07,12,1.07
2026-10-07,13,0.74
2026-10-07,14,0.59
2026-10-07,15,0.64
2026-10-07,16,0.86
2026-10-07,17,1.16
2026-10-07,18,1.47
2026-10-07,19,1.75
2026-10-07,20,1.92
2026-10-07,21,1.99
2026-10-07,22,1.94
2026-10-07,23,1.78
2026-10-07,24,1.58
2026-10-08,1,1.4
2026-10-08,2,1.34
2026-10-08,3,1.43
2026-10-08,4,1.65
2026-10-08,5,1.93
2026-10-08,6,2.19
2026-10-08,7,2.38
2026-10-08,8,2.45
2026-10-08,9,2.39
2026-10-08,10,2.19
2026-10-08,11,1.85
2026-10-08,12,1.44
2026-10-08,13,1.03
2026-10-08,14,0.73
2026-10-08,15,0.65
2026-10-08,16,0.79
2026-10-08,17,1.09
2026-10-08,18,1.44
2026-10-08,19,1.76
2026-10-08,20,1.99
2026-10-08,21,2.09
2026-10-08,22,2.07
2026-10-08,23,1.91
2026-10-08,24,1.66
2026-10-09,1,1.38
2026-10-09,2,1.16
2026-10-09,3,1.11
2026-10-09,4,1.25
2026-10-09,5,1.54
2026-10-09,6,1.88
2026-10-09,7,2.16
2026-10-09,8,2.36
2026-10-09,9,2.42
2026-10-09,10,2.34
2026-10-09,11,2.12
2026-10-09,12,1.77
2026-10-09,13,1.36
2026-10-09,14,0.98
2026-10-09,15,0.77
2026-10-09,16,0.79
2026-10-09,17,1.03
2026-10-09,18,1.41
2026-10-09,19,1.77
2026-10-09,20,2.06
2026-10-09,21,2.21
2026-10-09,22,2.21
2026-10-09,23,2.08
2026-10-09,24,1.82
2026-10-10,1,1.49
2026-10-10,2,1.16
2026-10-10,3,0.95
2026-10-10,4,0.94
2026-10-10,5,1.14
2026-10-10,6,1.49
2026-10-10,7,1.84
2026-10-10,8,2.13
2026-10-10,9,2.3
2026-10-10,10,2.34
2026-10-10,11,2.24
2026-10-10,12,1.98
2026-10-10,13,1.64
2026-10-10,14,1.26
2026-10-10,15,0.96
2026-10-10,16,0.87
2026-10-10,17,1.01
2026-10-10,18,1.36
2026-10-10,19,1.77
2026-10-10,20,2.11
2026-10-10,21,2.32
2026-10-10,22,2.36
2026-10-10,23,2.27
2026-10-10,24,2.03
2026-10-11,1,1.68
2026-10-11,2,1.3
2026-10-11,3,0.96
2026-10-11,4,0.79
2026-10-11,5,0.84
2026-10-11,6,1.1
2026-10-11,7,1.47
2026-10-11,8,1.81
2026-10-11,9,2.08
2026-10-11,10,2.21
2026-10-11,11,2.22
2026-10-11,12,2.09
2026-10-11,13,1.82
2026-10-11,14,1.5
2026-10-11,15,1.18
2026-10-11,16,1.0
2026-10-11,17,1.05
2026-10-11,18,1.31
2026-10-11,19,1.72
2026-10-11,20,2.1
2026-10-11,21,2.38
2026-10-11,22,2.49
2026-10-11,23,2.43
2026-10-11,24,2.24
2026-10-12,1,1.91
2026-10-12,2,1.52
2026-10-12,3,1.11
2026-10-12,4,0.8
2026-10-12,5,0.7
2026-10-12,6,0.81
2026-10-12,7,1.12
2026-10-12,8,1.47
2026-10-12,9,1.78
2026-10-12,10,2.0
2026-10-12,11,2.1
2026-10-12,12,2.08
2026-10-12,13,1.92
2026-10-12,14,1.66
2026-10-12,15,1.38
2026-10-12,16,1.16
2026-10-12,17,1.14
2026-10-12,18,1.31
2026-10-12,19,1.65
2026-10-12,20,2.06
2026-10-12,21,2.37
2026-10-12,22,2.55
2026-10-12,23,2.55
2026-10-12,24,2.41
2026-10-13,1,2.14
2026-10-13,2,1.75
2026-10-13,3,1.34
2026-10-13,4,0.95
2026-10-13,5,0.71
2026-10-13,6,0.69
2026-10-13,7,0.85
2026-10-13,8,1.16
2026-10-13,9,1.47
2026-10-13,10,1.73
2026-10-13,11,1.9
2026-10-13,12,1.96
2026-10-13,13,1.92
2026-10-13,14,1.74
2026-10-13,15,1.53
2026-10-13,16,1.33
2026-10-13,17,1.24
2026-10-13,18,1.34
2026-10-13,19,1.6
2026-10-13,20,1.98
2026-10-13,21,2.32
2026-10-13,22,2.54
2026-10-13,23,2.62
2026-10-13,24,2.52
2026-10-14,1,2.31
2026-10-14,2,1.99
2026-10-14,3,1.58
2026-10-14,4,1.19
2026-10-14,5,0.85
2026-10-14,6,0.7
2026-10-14,7,0.72
2026-10-14,8,0.92
2026-10-14,9,1.2
2026-10-14,10,1.45
2026-10-14,11,1.67
2026-10-14,12,1.79
2026-10-14,13,1.83
2026-10-14,14,1.76
2026-10-14,15,1.61
2026-10-14,16,1.46
2026-10-14,17,1.35
2026-10-14,18,1.39
2026-10-14,19,1.58
2026-10-14,20,1.88
2026-10-14,21,2.23
2026-10-14,22,2.48
2026-10-14,23,2.6
2026-10-14,24,2.58
2026-10-15,1,2.42
2026-10-15,2,2.17
2026-10-15,3,1.82
2026-10-15,4,1.44
2026-10-15,5,1.08
2026-10-15,6,0.82
2026-10-15,7,0.73
2026-10-15,8,0.79
2026-10-15,9,0.99
2026-10-15,10,1.21
2026-10-15,11,1.41
2026-10-15,12,1.58
2026-10-15,13,1.67
2026-10-15,14,1.7
2026-10-15,15,1.63
2026-10-15,16,1.54
2026-10-15,17,1.46
2026-10-15,18,1.46
2026-10-15,19,1.58
2026-10-15,20,1.81
2026-10-15,21,2.11
2026-10-15,22,2.38
2026-10-15,23,2.53
2026-10-15,24,2.57
2026-10-16,1,2.48
2026-10-16,2,2.29
2026-10-16,3,2.02
2026-10-16,4,1.68
2026-10-16,5,1.34
2026-10-16,6,1.03
2026-10-16,7,0.84
2026-10-16,8,0.79
2026-10-16,9,0.86
2026-10-16,10,1.02
2026-10-16,11,1.19
2026-10-16,12,1.36
2026-10-16,13,1.49
2026-10-16,14,1.56
2026-10-16,15,1.59
2026-10-16,16,1.56
2026-10-16,17,1.54
2026-10-16,18,1.54
2026-10-16,19,1.61
2026-10-16,20,1.77
2026-10-16,21,1.99
2026-10-16,22,2.23
2026-10-16,23,2.41
2026-10-16,24,2.49
2026-10-17,1,2.47
2026-10-17,2,2.35
2026-10-17,3,2.15
2026-10-17,4,1.89
2026-10-17,5,1.59
2026-10-17,6,1.29
2026-10-17,7,1.04
2026-10-17,8,0.89
2026-10-17,9,0.84
2026-10-17,10,0.91
2026-10-17,11,1.03
2026-10-17,12,1.16
2026-10-17,13,1.29
2026-10-17,14,1.41
2026-10-17,15,1.49
2026-10-17,16,1.54
2026-10-17,17,1.57
2026-10-17,18,1.6
2026-10-17,19,1.65
2026-10-17,20,1.75
2026-10-17,21,1.9
2026-10-17,22,2.08
2026-10-17,23,2.25
2026-10-17,24,2.36
2026-10-18,1,2.39
2026-10-18,2,2.35
2026-10-18,3,2.23
2026-10-18,4,2.05
2026-10-18,5,1.82
2026-10-18,6,1.56
2026-10-18,7,1.29
2026-10-18,8,1.08
2026-10-18,9,0.94
2026-10-18,10,0.88
2026-10-18,11,0.92
2026-10-18,12,1.0
2026-10-18,13,1.11
2026-10-18,14,1.24
2026-10-18,15,1.36
2026-10-18,16,1.47
2026-10-18,17,1.57
2026-10-18,18,1.64
2026-10-18,19,1.71
2026-10-18,20,1.77
2026-10-18,21,1.85
2026-10-18,22,1.95
2026-10-18,23,2.07
2026-10-18,24,2.17
2026-10-19,1,2.25
2026-10-19,2,2.27
2026-10-19,3,2.24
2026-10-19,4,2.15
2026-10-19,5,2.0
2026-10-19,6,1.8
2026-10-19,7,1.56
2026-10-19,8,1.32
2026-10-19,9,1.11
2026-10-19,10,0.96
2026-10-19,11,0.9
2026-10-19,12,0.9
2026-10-19,13,0.97
2026-10-19,14,1.09
2026-10-19,15,1.23
2026-10-19,16,1.39
2026-10-19,17,1.53
2026-10-19,18,1.66
2026-10-19,19,1.75
2026-10-19,20,1.81
2026-10-19,21,1.84
2026-10-19,22,1.86
2026-10-19,23,1.9
2026-10-19,24,1.97
2026-10-20,1,2.04
2026-10-20,2,2.12
2026-10-20,3,2.16
2026-10-20,4,2.17
2026-10-20,5,2.11
2026-10-20,6,1.99
2026-10-20,7,1.81
2026-10-20,8,1.58
2026-10-20,9,1.34
2026-10-20,10,1.12
2026-10-20,11,0.96
2026-10-20,12,0.88
2026-10-20,13,0.88
2026-10-20,14,0.97
2026-10-20,15,1.11
2026-10-20,16,1.3
2026-10-20,17,1.49
2026-10-20,18,1.66
2026-10-20,19,1.79
2026-10-20,20,1.85
2026-10-20,21,1.87
2026-10-20,22,1.84
2026-10-20,23,1.79
2026-10-20,24,1.77
2026-10-21,1,1.81
2026-10-21,2,1.89
2026-10-21,3,2.0
2026-10-21,4,2.09
2026-10-21,5,2.14
2026-10-21,6,2.11
2026-10-21,7,2.01
2026-10-21,8,1.83
2026-10-21,9,1.59
2026-10-21,10,1.34
2026-10-21,11,1.11
2026-10-21,12,0.94
2026-10-21,13,0.86
2026-10-21,14,0.89
2026-10-21,15,1.02
2026-10-21,16,1.22
2026-10-21,17,1.45
2026-10-21,18,1.66
2026-10-21,19,1.83
2026-10-21,20,1.92
2026-10-21,21,1.92
2026-10-21,22,1.86
2026-10-21,23,1.74
2026-10-21,24,1.63
2026-10-22,1,1.58
2026-10-22,2,1.62
2026-10-22,3,1.75
2026-10-22,4,1.91
2026-10-22,5,2.07
2026-10-22,6,2.15
2026-10-22,7,2.15
2026-10-22,8,2.04
2026-10-22,9,1.84
2026-10-22,10,1.59
2026-10-22,11,1.32
2026-10-22,12,1.07
2026-10-22,13,0.91
2026-10-22,14,0.87
2026-10-22,15,0.96
2026-10-22,16,1.17
2026-10-22,17,1.42
2026-10-22,18,1.68
2026-10-22,19,1.88
2026-10-22,20,2.0
2026-10-22,21,2.01
2026-10-22,22,1.92
2026-10-22,23,1.76
2026-10-22,24,1.56
2026-10-23,1,1.4
2026-10-23,2,1.35
2026-10-23,3,1.44
2026-10-23,4,1.64
2026-10-23,5,1.87
2026-10-23,6,2.07
2026-10-23,7,2.19
2026-10-23,8,2.18
2026-10-23,9,2.06
2026-10-23,10,1.84
2026-10-23,11,1.56
2026-10-23,12,1.27
2026-10-23,13,1.02
2026-10-23,14,0.9
2026-10-23,15,0.94
2026-10-23,16,1.13
2026-10-23,17,1.41
2026-10-23,18,1.7
2026-10-23,19,1.96
2026-10-23,20,2.11
2026-10-23,21,2.14
2026-10-23,22,2.05
2026-10-23,23,1.85
2026-10-23,24,1.58
2026-10-24,1,1.31
2026-10-24,2,1.14
2026-10-24,3,1.12
2026-10-24,4,1.28
2026-10-24,5,1.56
2026-10-24,6,1.85
2026-10-24,7,2.09
2026-10-24,8,2.21
2026-10-24,9,2.2
2026-10-24,10,2.06
2026-10-24,11,1.81
2026-10-24,12,1.51
2026-10-24,13,1.21
2026-10-24,14,1.0
2026-10-24,15,0.96
2026-10-24,16,1.1
2026-10-24,17,1.39
2026-10-24,18,1.74
2026-10-24,19,2.03
2026-10-24,20,2.24
2026-10-24,21,2.3
2026-10-24,22,2.23
2026-10-24,23,2.02
2026-10-24,24,1.71
2026-10-25,1,1.36
2026-10-25,2,1.04
2026-10-25,3,0.88
2026-10-25,4,0.92
2026-10-25,5,1.16
2026-10-25,6,1.51
2026-10-25,7,1.84
2026-10-25,8,2.09
2026-10-25,9,2.2
2026-10-25,10,2.17
2026-10-25,11,2.01
2026-10-25,12,1.74
2026-10-25,13,1.44
2026-10-25,14,1.16
2026-10-25,15,1.03
2026-10-25,16,1.1
2026-10-25,17,1.36
2026-10-25,18,1.74
2026-10-25,19,2.1
2026-10-25,20,2.36
2026-10-25,21,2.48
2026-10-25,22,2.44
2026-10-25,23,2.25
2026-10-25,24,1.93
2026-10-26,1,1.53
2026-10-26,2,1.11
2026-10-26,3,0.77
2026-10-26,4,0.66
2026-10-26,5,0.77
2026-10-26,6,1.08
2026-10-26,7,1.47
2026-10-26,8,1.81
2026-10-26,9,2.06
2026-10-26,10,2.15
2026-10-26,11,2.11
2026-10-26,12,1.93
2026-10-26,13,1.65
2026-10-26,14,1.37
2026-10-26,15,1.15
2026-10-26,16,1.13
2026-10-26,17,1.33
2026-10-26,18,1.68
2026-10-26,19,2.11
2026-10-26,20,2.44
2026-10-26,21,2.63
2026-10-26,22,2.65
2026-10-26,23,2.51
2026-10-26,24,2.23
2026-10-27,1,1.81
2026-10-27,2,1.34
2026-10-27,3,0.88
2026-10-27,4,0.57
2026-10-27,5,0.51
2026-10-27,6,0.67
2026-10-27,7,1.04
2026-10-27,8,1.43
2026-10-27,9,1.75
2026-10-27,10,1.98
2026-10-27,11,2.06
2026-10-27,12,2.02
2026-10-27,13,1.82
2026-10-27,14,1.56
2026-10-27,15,1.33
2026-10-27,16,1.2
2026-10-27,17,1.31
2026-10-27,18,1.6
2026-10-27,19,2.03
2026-10-27,20,2.45
2026-10-27,21,2.71
2026-10-27,22,2.82
2026-10-27,23,2.73
2026-10-27,24,2.51
2026-10-28,1,2.15
2026-10-28,2,1.67
2026-10-28,3,1.17
2026-10-28,4,0.7
2026-10-28,5,0.44
2026-10-28,6,0.42
2026-10-28,7,0.64
2026-10-28,8,1.01
2026-10-28,9,1.37
2026-10-28,10,1.68
2026-10-28,11,1.88
2026-10-28,12,1.95
2026-10-28,13,1.89
2026-10-28,14,1.7
2026-10-28,15,1.49
2026-10-28,16,1.33
2026-10-28,17,1.33
2026-10-28,18,1.54
2026-10-28,19,1.89
2026-10-28,20,2.34
2026-10-28,21,2.68
2026-10-28,22,2.87
2026-10-28,23,2.89
2026-10-28,24,2.73
2026-10-29,1,2.46
2026-10-29,2,2.05
2026-10-29,3,1.55
2026-10-29,4,1.05
2026-10-29,5,0.61
2026-10-29,6,0.4
2026-10-29,7,0.41
2026-10-29,8,0.64
2026-10-29,9,0.98
2026-10-29,10,1.3
2026-10-29,11,1.58
2026-10-29,12,1.75
2026-10-29,13,1.82
2026-10-29,14,1.77
2026-10-29,15,1.61
2026-10-29,16,1.48
2026-10-29,17,1.4
2026-10-29,18,1.5
2026-10-29,19,1.76
2026-10-29,20,2.13
2026-10-29,21,2.54
2026-10-29,22,2.8
2026-10-29,23,2.91
2026-10-29,24,2.86
2026-10-30,1,2.67
2026-10-30,2,2.39
2026-10-30,3,1.96
2026-10-30,4,1.48
2026-10-30,5,0.99
2026-10-30,6,0.6
2026-10-30,7,0.42
2026-10-30,8,0.44
2026-10-30,9,0.66
2026-10-30,10,0.95
2026-10-30,11,1.23
2026-10-30,12,1.48
2026-10-30,13,1.63
2026-10-30,14,1.71
2026-10-30,15,1.68
2026-10-30,16,1.59
2026-10-30,17,1.52
2026-10-30,18,1.52
2026-10-30,19,1.67
2026-10-30,20,1.94
2026-10-30,21,2.28
2026-10-30,22,2.6
2026-10-30,23,2.78
2026-10-30,24,2.84
2026-10-31,1,2.75
2026-10-31,2,2.57
2026-10-31,3,2.3
2026-10-31,4,1.91
2026-10-31,5,1.46
2026-10-31,6,1.01
2026-10-31,7,0.66
2026-10-31,8,0.48
2026-10-31,9,0.49
2026-10-31,10,0.68
2026-10-31,11,0.91
2026-10-31,12,1.17
2026-10-31,13,1.38
2026-10-31,14,1.54
2026-10-31,15,1.64
2026-10-31,16,1.64
2026-10-31,17,1.63
2026-10-31,18,1.61
2026-10-31,19,1.66
2026-10-31,20,1.8
2026-10-31,21,2.02
2026-10-31,22,2.3
2026-10-31,23,2.53
2026-10-31,24,2.66
2026-11-01,1,2.69
2026-11-01,2,2.61
2026-11-01,3,2.47
2026-11-01,4,2.23
2026-11-01,5,1.89
2026-11-01,6,1.5
2026-11-01,7,1.08
2026-11-01,8,0.75
2026-11-01,9,0.56
2026-11-01,10,0.56
2026-11-01,11,0.7
2026-11-01,12,0.89
2026-11-01,13,1.12
2026-11-01,14,1.33
2026-11-01,15,1.5
2026-11-01,16,1.63
2026-11-01,17,1.69
2026-11-01,18,1.72
2026-11-01,19,1.72
2026-11-01,20,1.76
2026-11-01,21,1.85
2026-11-01,22,2.0
2026-11-01,23,2.2
2026-11-01,24,2.36
2026-11-02,1,2.47
2026-11-02,2,2.5
2026-11-02,3,2.46
2026-11-02,4,2.38
2026-11-02,5,2.19
2026-11-02,6,1.91
2026-11-02,7,1.55
2026-11-02,8,1.17
2026-11-02,9,0.85
2026-11-02,10,0.65
2026-11-02,11,0.62
2026-11-02,12,0.72
2026-11-02,13,0.9
2026-11-02,14,1.12
2026-11-02,15,1.34
2026-11-02,16,1.54
2026-11-02,17,1.69
2026-11-02,18,1.79
2026-11-02,19,1.83
2026-11-02,20,1.82
2026-11-02,21,1.8
2026-11-02,22,1.81
2026-11-02,23,1.89
2026-11-02,24,2.01
2026-11-03,1,2.13
2026-11-03,2,2.24
2026-11-03,3,2.31
2026-11-03,4,2.33
2026-11-03,5,2.3
2026-11-03,6,2.17
2026-11-03,7,1.94
2026-11-03,8,1.61
2026-11-03,9,1.25
2026-11-03,10,0.93
2026-11-03,11,0.72
2026-11-03,12,0.68
2026-11-03,13,0.77
2026-11-03,14,0.96
2026-11-03,15,1.2
2026-11-03,16,1.44
2026-11-03,17,1.66
2026-11-03,18,1.82
2026-11-03,19,1.91
2026-11-03,20,1.92
2026-11-03,21,1.86
2026-11-03,22,1.76
2026-11-03,23,1.69
2026-11-03,24,1.69
2026-11-04,1,1.77
2026-11-04,2,1.89
2026-11-04,3,2.03
2026-11-04,4,2.14
2026-11-04,5,2.22
2026-11-04,6,2.23
2026-11-04,7,2.14
2026-11-04,8,1.95
2026-11-04,9,1.65
2026-11-04,10,1.31
2026-11-04,11,0.99
2026-11-04,12,0.79
2026-11-04,13,0.76
2026-11-04,14,0.87
2026-11-04,15,1.1
2026-11-04,16,1.36
2026-11-04,17,1.62
2026-11-04,18,1.84
2026-11-04,19,1.98
2026-11-04,20,2.03
2026-11-04,21,1.97
2026-11-04,22,1.82
2026-11-04,23,1.65
2026-11-04,24,1.5
2026-11-05,1,1.45
2026-11-05,2,1.51
2026-11-05,3,1.66
2026-11-05,4,1.84
2026-11-05,5,2.0
2026-11-05,6,2.12
2026-11-05,7,2.17
2026-11-05,8,2.11
2026-11-05,9,1.93
2026-11-05,10,1.65
2026-11-05,11,1.33
2026-11-05,12,1.03
2026-11-05,13,0.86
2026-11-05,14,0.87
2026-11-05,15,1.04
2026-11-05,16,1.32
2026-11-05,17,1.61
2026-11-05,18,1.87
2026-11-05,19,2.06
2026-11-05,20,2.14
2026-11-05,21,2.11
2026-11-05,22,1.96
2026-11-05,23,1.72
2026-11-05,24,1.47
2026-11-06,1,1.26
2026-11-06,2,1.2
2026-11-06,3,1.29
2026-11-06,4,1.48
2026-11-06,5,1.7
2026-11-06,6,1.9
2026-11-06,7,2.05
2026-11-06,8,2.1
2026-11-06,9,2.05
2026-11-06,10,1.88
2026-11-06,11,1.61
2026-11-06,12,1.31
2026-11-06,13,1.05
2026-11-06,14,0.95
2026-11-06,15,1.04
2026-11-06,16,1.28
2026-11-06,17,1.61
2026-11-06,18,1.91
2026-11-06,19,2.15
2026-11-06,20,2.26
2026-11-06,21,2.25
2026-11-06,22,2.12
2026-11-06,23,1.87
2026-11-06,24,1.56
2026-11-07,1,1.24
2026-11-07,2,1.03
2026-11-07,3,0.99
2026-11-07,4,1.11
2026-11-07,5,1.34
2026-11-07,6,1.6
2026-11-07,7,1.82
2026-11-07,8,1.98
2026-11-07,9,2.03
2026-11-07,10,1.98
2026-11-07,11,1.8
2026-11-07,12,1.55
2026-11-07,13,1.28
2026-11-07,14,1.09
2026-11-07,15,1.08
2026-11-07,16,1.26
2026-11-07,17,1.58
2026-11-07,18,1.94
2026-11-07,19,2.22
2026-11-07,20,2.39
2026-11-07,21,2.41
2026-11-07,22,2.3
2026-11-07,23,2.07
2026-11-07,24,1.73
2026-11-08,1,1.36
2026-11-08,2,1.01
2026-11-08,3,0.82
2026-11-08,4,0.82
2026-11-08,5,0.99
2026-11-08,6,1.27
2026-11-08,7,1.54
2026-11-08,8,1.77
2026-11-08,9,1.92
2026-11-08,10,1.96
2026-11-08,11,1.89
2026-11-08,12,1.71
2026-11-08,13,1.48
2026-11-08,14,1.26
2026-11-08,15,1.17
2026-11-08,16,1.26
2026-11-08,17,1.53
2026-11-08,18,1.91
2026-11-08,19,2.24
2026-11-08,20,2.47
2026-11-08,21,2.55
2026-11-08,22,2.47
2026-11-08,23,2.27
2026-11-08,24,1.94
2026-11-09,1,1.55
2026-11-09,2,1.14
2026-11-09,3,0.81
2026-11-09,4,0.67
2026-11-09,5,0.72
2026-11-09,6,0.95
2026-11-09,7,1.24
2026-11-09,8,1.51
2026-11-09,9,1.74
2026-11-09,10,1.87
2026-11-09,11,1.89
2026-11-09,12,1.8
2026-11-09,13,1.62
2026-11-09,14,1.42
2026-11-09,15,1.27
2026-11-09,16,1.29
2026-11-09,17,1.49
2026-11-09,18,1.82
2026-11-09,19,2.2
2026-11-09,20,2.49
2026-11-09,21,2.64
2026-11-09,22,2.62
2026-11-09,23,2.45
2026-11-09,24,2.17
2026-11-10,1,1.77
2026-11-10,2,1.35
2026-11-10,3,0.94
2026-11-10,4,0.67
2026-11-10,5,0.59
2026-11-10,6,0.7
2026-11-10,7,0.96
2026-11-10,8,1.25
2026-11-10,9,1.51
2026-11-10,10,1.72
2026-11-10,11,1.82
2026-11-10,12,1.82
2026-11-10,13,1.7
2026-11-10,14,1.54
2026-11-10,15,1.39
2026-11-10,16,1.34
2026-11-10,17,1.47
2026-11-10,18,1.73
2026-11-10,19,2.11
2026-11-10,20,2.44
2026-11-10,21,2.64
2026-11-10,22,2.7
2026-11-10,23,2.59
2026-11-10,24,2.36
2026-11-11,1,2.01
2026-11-11,2,1.58
2026-11-11,3,1.16
2026-11-11,4,0.79
2026-11-11,5,0.6
2026-11-11,6,0.58
2026-11-11,7,0.74
2026-11-11,8,1.01
2026-11-11,9,1.27
2026-11-11,10,1.52
2026-11-11,11,1.69
2026-11-11,12,1.77
2026-11-11,13,1.74
2026-11-11,14,1.62
2026-11-11,15,1.49
2026-11-11,16,1.41
2026-11-11,17,1.46
2026-11-11,18,1.67
2026-11-11,19,1.98
2026-11-11,20,2.33
2026-11-11,21,2.59
2026-11-11,22,2.71
2026-11-11,23,2.67
2026-11-11,24,2.49
2026-11-12,1,2.21
2026-11-12,2,1.82
2026-11-12,3,1.4
2026-11-12,4,1.0
2026-11-12,5,0.7
2026-11-12,6,0.58
2026-11-12,7,0.62
2026-11-12,8,0.82
2026-11-12,9,1.07
2026-11-12,10,1.31
2026-11-12,11,1.53
2026-11-12,12,1.66
2026-11-12,13,1.71
2026-11-12,14,1.66
2026-11-12,15,1.56
2026-11-12,16,1.48
2026-11-12,17,1.48
2026-11-12,18,1.62
2026-11-12,19,1.86
2026-11-12,20,2.18
2026-11-12,21,2.48
2026-11-12,22,2.65
2026-11-12,23,2.69
2026-11-12,24,2.57
2026-11-13,1,2.35
2026-11-13,2,2.03
2026-11-13,3,1.64
2026-11-13,4,1.25
2026-11-13,5,0.89
2026-11-13,6,0.67
2026-11-13,7,0.61
2026-11-13,8,0.69
2026-11-13,9,0.9
2026-11-13,10,1.12
2026-11-13,11,1.34
2026-11-13,12,1.52
2026-11-13,13,1.61
2026-11-13,14,1.64
2026-11-13,15,1.59
2026-11-13,16,1.54
2026-11-13,17,1.52
2026-11-13,18,1.59
2026-11-13,19,1.77
2026-11-13,20,2.03
2026-11-13,21,2.32
2026-11-13,22,2.54
2026-11-13,23,2.63
2026-11-13,24,2.59
2026-11-14,1,2.43
2026-11-14,2,2.18
2026-11-14,3,1.86
2026-11-14,4,1.49
2026-11-14,5,1.14
2026-11-14,6,0.84
2026-11-14,7,0.69
2026-11-14,8,0.67
2026-11-14,9,0.78
2026-11-14,10,0.97
2026-11-14,11,1.17
2026-11-14,12,1.36
2026-11-14,13,1.5
2026-11-14,14,1.58
2026-11-14,15,1.6
2026-11-14,16,1.58
2026-11-14,17,1.57
2026-11-14,18,1.6
2026-11-14,19,1.71
2026-11-14,20,1.9
2026-11-14,21,2.13
2026-11-14,22,2.37
2026-11-14,23,2.51
2026-11-14,24,2.54
2026-11-15,1,2.46
2026-11-15,2,2.28
2026-11-15,3,2.03
2026-11-15,4,1.71
2026-11-15,5,1.38
2026-11-15,6,1.07
2026-11-15,7,0.84
2026-11-15,8,0.73
2026-11-15,9,0.74
2026-11-15,10,0.86
2026-11-15,11,1.03
2026-11-15,12,1.21
2026-11-15,13,1.37
2026-11-15,14,1.49
2026-11-15,15,1.56
2026-11-15,16,1.6
2026-11-15,17,1.61
2026-11-15,18,1.64
2026-11-15,19,1.7
2026-11-15,20,1.81
2026-11-15,21,1.97
2026-11-15,22,2.16
2026-11-15,23,2.33
2026-11-15,24,2.42
2026-11-16,1,2.41
2026-11-16,2,2.31
2026-11-16,3,2.13
2026-11-16,4,1.89
2026-11-16,5,1.61
2026-11-16,6,1.31
2026-11-16,7,1.05
2026-11-16,8,0.86
2026-11-16,9,0.78
2026-11-16,10,0.81
2026-11-16,11,0.92
2026-11-16,12,1.08
2026-11-16,13,1.24
2026-11-16,14,1.39
2026-11-16,15,1.51
2026-11-16,16,1.59
2026-11-16,17,1.65
2026-11-16,18,1.69
2026-11-16,19,1.72
2026-11-16,20,1.77
2026-11-16,21,1.85
2026-11-16,22,1.97
2026-11-16,23,2.11
2026-11-16,24,2.22
2026-11-17,1,2.28
2026-11-17,2,2.26
2026-11-17,3,2.17
2026-11-17,4,2.01
2026-11-17,5,1.79
2026-11-17,6,1.54
2026-11-17,7,1.28
2026-11-17,8,1.05
2026-11-17,9,0.89
2026-11-17,10,0.83
2026-11-17,11,0.87
2026-11-17,12,0.98
2026-11-17,13,1.13
2026-11-17,14,1.29
2026-11-17,15,1.45
2026-11-17,16,1.58
2026-11-17,17,1.68
2026-11-17,18,1.75
2026-11-17,19,1.78
2026-11-17,20,1.79
2026-11-17,21,1.8
2026-11-17,22,1.82
2026-11-17,23,1.88
2026-11-17,24,1.98
2026-11-18,1,2.07
2026-11-18,2,2.12
2026-11-18,3,2.12
2026-11-18,4,2.06
2026-11-18,5,1.92
2026-11-18,6,1.74
2026-11-18,7,1.51
2026-11-18,8,1.27
2026-11-18,9,1.07
2026-11-18,10,0.93
2026-11-18,11,0.88
2026-11-18,12,0.93
2026-11-18,13,1.05
2026-11-18,14,1.22
2026-11-18,15,1.39
2026-11-18,16,1.56
2026-11-18,17,1.71
2026-11-18,18,1.81
2026-11-18,19,1.85
2026-11-18,20,1.84
2026-11-18,21,1.8
2026-11-18,22,1.74
2026-11-18,23,1.7
2026-11-18,24,1.73
2026-11-19,1,1.79
2026-11-19,2,1.89
2026-11-19,3,1.97
2026-11-19,4,2.0
2026-11-19,5,1.97
2026-11-19,6,1.87
2026-11-19,7,1.72
2026-11-19,8,1.5
2026-11-19,9,1.28
2026-11-19,10,1.09
2026-11-19,11,0.96
2026-11-19,12,0.93
2026-11-19,13,1.0
2026-11-19,14,1.16
2026-11-19,15,1.36
2026-11-19,16,1.56
2026-11-19,17,1.75
2026-11-19,18,1.88
2026-11-19,19,1.95
2026-11-19,20,1.94
2026-11-19,21,1.86
2026-11-19,22,1.73
2026-11-19,23,1.59
2026-11-19,24,1.51
2026-11-20,1,1.51
2026-11-20,2,1.58
2026-11-20,3,1.72
2026-11-20,4,1.83
2026-11-20,5,1.92
2026-11-20,6,1.92
2026-11-20,7,1.86
2026-11-20,8,1.71
2026-11-20,9,1.51
2026-11-20,10,1.3
2026-11-20,11,1.12
2026-11-20,12,1.0
2026-11-20,13,1.01
2026-11-20,14,1.12
2026-11-20,15,1.33
2026-11-20,16,1.58
2026-11-20,17,1.8
2026-11-20,18,1.98
2026-11-20,19,2.07
2026-11-20,20,2.08
2026-11-20,21,1.97
2026-11-20,22,1.8
2026-11-20,23,1.58
2026-11-20,24,1.37
2026-11-21,1,1.25
2026-11-21,2,1.25
2026-11-21,3,1.37
2026-11-21,4,1.55
2026-11-21,5,1.73
2026-11-21,6,1.86
2026-11-21,7,1.9
2026-11-21,8,1.85
2026-11-21,9,1.72
2026-11-21,10,1.52
2026-11-21,11,1.32
2026-11-21,12,1.14
2026-11-21,13,1.06
2026-11-21,14,1.12
2026-11-21,15,1.31
2026-11-21,16,1.59
2026-11-21,17,1.86
2026-11-21,18,2.09
2026-11-21,19,2.23
2026-11-21,20,2.25
2026-11-21,21,2.16
2026-11-21,22,1.95
2026-11-21,23,1.67
2026-11-21,24,1.35
2026-11-22,1,1.09
2026-11-22,2,0.96
2026-11-22,3,1.0
2026-11-22,4,1.17
2026-11-22,5,1.42
2026-11-22,6,1.64
2026-11-22,7,1.81
2026-11-22,8,1.88
2026-11-22,9,1.85
2026-11-22,10,1.72
2026-11-22,11,1.53
2026-11-22,12,1.32
2026-11-22,13,1.17
2026-11-22,14,1.15
2026-11-22,15,1.29
2026-11-22,16,1.56
2026-11-22,17,1.9
2026-11-22,18,2.19
2026-11-22,19,2.39
2026-11-22,20,2.46
2026-11-22,21,2.39
2026-11-22,22,2.19
2026-11-22,23,1.87
2026-11-22,24,1.49
2026-11-23,1,1.1
2026-11-23,2,0.8
2026-11-23,3,0.69
2026-11-23,4,0.77
2026-11-23,5,1.01
2026-11-23,6,1.31
2026-11-23,7,1.57
2026-11-23,8,1.77
2026-11-23,9,1.86
2026-11-23,10,1.84
2026-11-23,11,1.71
2026-11-23,12,1.52
2026-11-23,13,1.33
2026-11-23,14,1.22
2026-11-23,15,1.27
2026-11-23,16,1.5
2026-11-23,17,1.85
2026-11-23,18,2.24
2026-11-23,19,2.51
2026-11-23,20,2.66
2026-11-23,21,2.65
2026-11-23,22,2.48
2026-11-23,23,2.18
2026-11-23,24,1.76
2026-11-24,1,1.29
2026-11-24,2,0.85
2026-11-24,3,0.54
2026-11-24,4,0.46
2026-11-24,5,0.59
2026-11-24,6,0.89
2026-11-24,7,1.22
2026-11-24,8,1.51
2026-11-24,9,1.73
2026-11-24,10,1.83
2026-11-24,11,1.82
2026-11-24,12,1.68
2026-11-24,13,1.49
2026-11-24,14,1.34
2026-11-24,15,1.29
2026-11-24,16,1.44
2026-11-24,17,1.74
2026-11-24,18,2.16
2026-11-24,19,2.54
2026-11-24,20,2.78
2026-11-24,21,2.86
2026-11-24,22,2.76
2026-11-24,23,2.51
2026-11-24,24,2.13
2026-11-25,1,1.63
2026-11-25,2,1.12
2026-11-25,3,0.64
2026-11-25,4,0.35
2026-11-25,5,0.3
2026-11-25,6,0.48
2026-11-25,7,0.81
2026-11-25,8,1.15
2026-11-25,9,1.47
2026-11-25,10,1.69
2026-11-25,11,1.79
2026-11-25,12,1.78
2026-11-25,13,1.63
2026-11-25,14,1.48
2026-11-25,15,1.36
2026-11-25,16,1.39
2026-11-25,17,1.62
2026-11-25,18,1.98
2026-11-25,19,2.42
2026-11-25,20,2.76
2026-11-25,21,2.95
2026-11-25,22,2.96
2026-11-25,23,2.79
2026-11-25,24,2.5
2026-11-26,1,2.06
2026-11-26,2,1.52
2026-11-26,3,0.98
2026-11-26,4,0.5
2026-11-26,5,0.25
2026-11-26,6,0.22
2026-11-26,7,0.44
2026-11-26,8,0.78
2026-11-26,9,1.12
2026-11-26,10,1.43
2026-11-26,11,1.64
2026-11-26,12,1.74
2026-11-26,13,1.72
2026-11-26,14,1.59
2026-11-26,15,1.47
2026-11-26,16,1.4
2026-11-26,17,1.5
2026-11-26,18,1.78
2026-11-26,19,2.16
2026-11-26,20,2.59
2026-11-26,21,2.87
2026-11-26,22,3.01
2026-11-26,23,2.96
2026-11-26,24,2.76
2026-11-27,1,2.44
2026-11-27,2,1.97
2026-11-27,3,1.43
2026-11-27,4,0.89
2026-11-27,5,0.44
2026-11-27,6,0.22
2026-11-27,7,0.22
2026-11-27,8,0.46
2026-11-27,9,0.78
2026-11-27,10,1.11
2026-11-27,11,1.41
2026-11-27,12,1.6
2026-11-27,13,1.7
2026-11-27,14,1.66
2026-11-27,15,1.56
2026-11-27,16,1.48
2026-11-27,17,1.47
2026-11-27,18,1.61
2026-11-27,19,1.89
2026-11-27,20,2.28
2026-11-27,21,2.65
2026-11-27,22,2.87
2026-11-27,23,2.96
2026-11-27,24,2.87
2026-11-28,1,2.68
2026-11-28,2,2.36
2026-11-28,3,1.89
2026-11-28,4,1.38
2026-11-28,5,0.85
2026-11-28,6,0.45
2026-11-28,7,0.26
2026-11-28,8,0.28
2026-11-28,9,0.52
2026-11-28,10,0.82
2026-11-28,11,1.14
2026-11-28,12,1.41
2026-11-28,13,1.58
2026-11-28,14,1.67
2026-11-28,15,1.64
2026-11-28,16,1.57
2026-11-28,17,1.52
2026-11-28,18,1.54
2026-11-28,19,1.69
2026-11-28,20,1.95
2026-11-28,21,2.3
2026-11-28,22,2.59
2026-11-28,23,2.77
2026-11-28,24,2.82
2026-11-29,1,2.73
2026-11-29,2,2.56
2026-11-29,3,2.25
2026-11-29,4,1.82
2026-11-29,5,1.35
2026-11-29,6,0.86
2026-11-29,7,0.51
2026-11-29,8,0.34
2026-11-29,9,0.39
2026-11-29,10,0.62
2026-11-29,11,0.9
2026-11-29,12,1.19
2026-11-29,13,1.42
2026-11-29,14,1.58
2026-11-29,15,1.67
2026-11-29,16,1.65
2026-11-29,17,1.62
2026-11-29,18,1.58
2026-11-29,19,1.6
2026-11-29,20,1.73
2026-11-29,21,1.94
2026-11-29,22,2.23
2026-11-29,23,2.45
2026-11-29,24,2.59
2026-11-30,1,2.62
2026-11-30,2,2.55
2026-11-30,3,2.4
2026-11-30,4,2.13
2026-11-30,5,1.76
2026-11-30,6,1.33
2026-11-30,7,0.9
2026-11-30,8,0.6
2026-11-30,9,0.46
2026-11-30,10,0.53
2026-11-30,11,0.74
2026-11-30,12,1.0
2026-11-30,13,1.26
2026-11-30,14,1.47
2026-11-30,15,1.63
2026-11-30,16,1.71
2026-11-30,17,1.72
2026-11-30,18,1.7
2026-11-30,19,1.64
2026-11-30,20,1.64
2026-11-30,21,1.71
2026-11-30,22,1.86
2026-11-30,23,2.07
2026-11-30,24,2.24
2026-12-01,1,2.35
2026-12-01,2,2.37
2026-12-01,3,2.34
2026-12-01,4,2.23
2026-12-01,5,2.01
2026-12-01,6,1.71
2026-12-01,7,1.33
2026-12-01,8,0.97
2026-12-01,9,0.71
2026-12-01,10,0.6
2026-12-01,11,0.69
2026-12-01,12,0.88
2026-12-01,13,1.13
2026-12-01,14,1.36
2026-12-01,15,1.56
2026-12-01,16,1.72
2026-12-01,17,1.8
2026-12-01,18,1.82
2026-12-01,19,1.77
2026-12-01,20,1.69
2026-12-01,21,1.64
2026-12-01,22,1.63
2026-12-01,23,1.72
2026-12-01,24,1.86
2026-12-02,1,1.98
2026-12-02,2,2.08
2026-12-02,3,2.12
2026-12-02,4,2.13
2026-12-02,5,2.06
2026-12-02,6,1.9
2026-12-02,7,1.65
2026-12-02,8,1.34
2026-12-02,9,1.04
2026-12-02,10,0.83
2026-12-02,11,0.76
2026-12-02,12,0.85
2026-12-02,13,1.04
2026-12-02,14,1.28
2026-12-02,15,1.51
2026-12-02,16,1.71
2026-12-02,17,1.86
2026-12-02,18,1.93
2026-12-02,19,1.92
2026-12-02,20,1.83
2026-12-02,21,1.7
2026-12-02,22,1.58
2026-12-02,23,1.5
2026-12-02,24,1.52
2026-12-03,1,1.61
2026-12-03,2,1.71
2026-12-03,3,1.81
2026-12-03,4,1.88
2026-12-03,5,1.92
2026-12-03,6,1.9
2026-12-03,7,1.79
2026-12-03,8,1.61
2026-12-03,9,1.36
2026-12-03,10,1.12
2026-12-03,11,0.95
2026-12-03,12,0.91
2026-12-03,13,1.03
2026-12-03,14,1.24
2026-12-03,15,1.48
2026-12-03,16,1.71
2026-12-03,17,1.9
2026-12-03,18,2.02
2026-12-03,19,2.06
2026-12-03,20,2.0
2026-12-03,21,1.85
2026-12-03,22,1.65
2026-12-03,23,1.46
2026-12-03,24,1.32
2026-12-04,1,1.29
2026-12-04,2,1.35
2026-12-04,3,1.45
2026-12-04,4,1.57
2026-12-04,5,1.67
2026-12-04,6,1.75
2026-12-04,7,1.77
2026-12-04,8,1.71
2026-12-04,9,1.57
2026-12-04,10,1.38
2026-12-04,11,1.19
2026-12-04,12,1.06
2026-12-04,13,1.07
2026-12-04,14,1.22
2026-12-04,15,1.46
2026-12-04,16,1.72
2026-12-04,17,1.94
2026-12-04,18,2.11
2026-12-04,19,2.18
2026-12-04,20,2.16
2026-12-04,21,2.03
2026-12-04,22,1.81
2026-12-04,23,1.54
2026-12-04,24,1.28
2026-12-05,1,1.11
2026-12-05,2,1.06
2026-12-05,3,1.11
2026-12-05,4,1.24
2026-12-05,5,1.38
2026-12-05,6,1.52
2026-12-05,7,1.63
2026-12-05,8,1.68
2026-12-05,9,1.65
2026-12-05,10,1.55
2026-12-05,11,1.39
2026-12-05,12,1.25
2026-12-05,13,1.17
2026-12-05,14,1.24
2026-12-05,15,1.43
2026-12-05,16,1.7
2026-12-05,17,1.98
2026-12-05,18,2.18
2026-12-05,19,2.3
2026-12-05,20,2.31
2026-12-05,21,2.21
2026-12-05,22,2.0
2026-12-05,23,1.7
2026-12-05,24,1.38
2026-12-06,1,1.08
2026-12-06,2,0.89
2026-12-06,3,0.84
2026-12-06,4,0.92
2026-12-06,5,1.08
2026-12-06,6,1.26
2026-12-06,7,1.43
2026-12-06,8,1.57
2026-12-06,9,1.63
2026-12-06,10,1.62
2026-12-06,11,1.53
2026-12-06,12,1.4
2026-12-06,13,1.29
2026-12-06,14,1.27
2026-12-06,15,1.4
2026-12-06,16,1.65
2026-12-06,17,1.96
2026-12-06,18,2.22
2026-12-06,19,2.4
2026-12-06,20,2.45
2026-12-06,21,2.38
2026-12-06,22,2.2
2026-12-06,23,1.9
2026-12-06,24,1.55
2026-12-07,1,1.18
2026-12-07,2,0.87
2026-12-07,3,0.7
2026-12-07,4,0.68
2026-12-07,5,0.8
2026-12-07,6,1.0
2026-12-07,7,1.21
2026-12-07,8,1.41
2026-12-07,9,1.55
2026-12-07,10,1.62
2026-12-07,11,1.6
2026-12-07,12,1.51
2026-12-07,13,1.4
2026-12-07,14,1.33
2026-12-07,15,1.39
2026-12-07,16,1.58
2026-12-07,17,1.87
2026-12-07,18,2.19
2026-12-07,19,2.43
2026-12-07,20,2.55
2026-12-07,21,2.53
2026-12-07,22,2.38
2026-12-07,23,2.12
2026-12-07,24,1.76
2026-12-08,1,1.36
2026-12-08,2,0.98
2026-12-08,3,0.69
2026-12-08,4,0.56
2026-12-08,5,0.59
2026-12-08,6,0.76
2026-12-08,7,0.98
2026-12-08,8,1.22
2026-12-08,9,1.43
2026-12-08,10,1.57
2026-12-08,11,1.62
2026-12-08,12,1.57
2026-12-08,13,1.48
2026-12-08,14,1.39
2026-12-08,15,1.38
2026-12-08,16,1.51
2026-12-08,17,1.76
2026-12-08,18,2.09
2026-12-08,19,2.39
2026-12-08,20,2.58
2026-12-08,21,2.64
2026-12-08,22,2.54
2026-12-08,23,2.32
2026-12-08,24,1.99
2026-12-09,1,1.58
2026-12-09,2,1.17
2026-12-09,3,0.79
2026-12-09,4,0.56
2026-12-09,5,0.48
2026-12-09,6,0.57
2026-12-09,7,0.78
2026-12-09,8,1.03
2026-12-09,9,1.28
2026-12-09,10,1.48
2026-12-09,11,1.59
2026-12-09,12,1.61
2026-12-09,13,1.54
2026-12-09,14,1.45
2026-12-09,15,1.39
2026-12-09,16,1.45
2026-12-09,17,1.64
2026-12-09,18,1.93
2026-12-09,19,2.28
2026-12-09,20,2.53
2026-12-09,21,2.66
2026-12-09,22,2.64
2026-12-09,23,2.47
2026-12-09,24,2.2
2026-12-10,1,1.82
2026-12-10,2,1.4
2026-12-10,3,0.99
2026-12-10,4,0.66
2026-12-10,5,0.48
2026-12-10,6,0.46
2026-12-10,7,0.62
2026-12-10,8,0.85
2026-12-10,9,1.11
2026-12-10,10,1.36
2026-12-10,11,1.52
2026-12-10,12,1.6
2026-12-10,13,1.58
2026-12-10,14,1.49
2026-12-10,15,1.43
2026-12-10,16,1.42
2026-12-10,17,1.54
2026-12-10,18,1.78
2026-12-10,19,2.1
2026-12-10,20,2.42
2026-12-10,21,2.62
2026-12-10,22,2.68
2026-12-10,23,2.58
2026-12-10,24,2.36
2026-12-11,1,2.05
2026-12-11,2,1.64
2026-12-11,3,1.22
2026-12-11,4,0.84
2026-12-11,5,0.57
2026-12-11,6,0.46
2026-12-11,7,0.51
2026-12-11,8,0.71
2026-12-11,9,0.96
2026-12-11,10,1.21
2026-12-11,11,1.42
2026-12-11,12,1.54
2026-12-11,13,1.58
2026-12-11,14,1.53
2026-12-11,15,1.46
2026-12-11,16,1.42
2026-12-11,17,1.47
2026-12-11,18,1.65
2026-12-11,19,1.91
2026-12-11,20,2.24
2026-12-11,21,2.5
2026-12-11,22,2.64
2026-12-11,23,2.63
2026-12-11,24,2.47
2026-12-12,1,2.22
2026-12-12,2,1.86
2026-12-12,3,1.46
2026-12-12,4,1.06
2026-12-12,5,0.72
2026-12-12,6,0.53
2026-12-12,7,0.49
2026-12-12,8,0.61
2026-12-12,9,0.83
2026-12-12,10,1.08
2026-12-12,11,1.31
2026-12-12,12,1.46
2026-12-12,13,1.55
2026-12-12,14,1.55
2026-12-12,15,1.5
2026-12-12,16,1.45
2026-12-12,17,1.45
2026-12-12,18,1.54
2026-12-12,19,1.74
2026-12-12,20,2.03
2026-12-12,21,2.33
2026-12-12,22,2.53
2026-12-12,23,2.6
2026-12-12,24,2.52
2026-12-13,1,2.33
2026-12-13,2,2.04
2026-12-13,3,1.68
2026-12-13,4,1.29
2026-12-13,5,0.93
2026-12-13,6,0.66
2026-12-13,7,0.54
2026-12-13,8,0.56
2026-12-13,9,0.74
2026-12-13,10,0.96
2026-12-13,11,1.2
2026-12-13,12,1.38
2026-12-13,13,1.5
2026-12-13,14,1.55
2026-12-13,15,1.53
2026-12-13,16,1.49
2026-12-13,17,1.47
2026-12-13,18,1.49
2026-12-13,19,1.62
2026-12-13,20,1.82
2026-12-13,21,2.1
2026-12-13,22,2.35
2026-12-13,23,2.49
2026-12-13,24,2.5
2026-12-14,1,2.38
2026-12-14,2,2.16
2026-12-14,3,1.86
2026-12-14,4,1.5
2026-12-14,5,1.15
2026-12-14,6,0.83
2026-12-14,7,0.64
2026-12-14,8,0.58
2026-12-14,9,0.67
2026-12-14,10,0.87
2026-12-14,11,1.09
2026-12-14,12,1.3
2026-12-14,13,1.45
2026-12-14,14,1.53
2026-12-14,15,1.56
2026-12-14,16,1.54
2026-12-14,17,1.52
2026-12-14,18,1.51
2026-12-14,19,1.55
2026-12-14,20,1.67
2026-12-14,21,1.87
2026-12-14,22,2.11
2026-12-14,23,2.3
2026-12-14,24,2.39
2026-12-15,1,2.35
2026-12-15,2,2.21
2026-12-15,3,1.98
2026-12-15,4,1.68
2026-12-15,5,1.35
2026-12-15,6,1.04
2026-12-15,7,0.79
2026-12-15,8,0.66
2026-12-15,9,0.67
2026-12-15,10,0.81
2026-12-15,11,1.01
2026-12-15,12,1.22
2026-12-15,13,1.4
2026-12-15,14,1.51
2026-12-15,15,1.59
2026-12-15,16,1.6
2026-12-15,17,1.59
2026-12-15,18,1.57
2026-12-15,19,1.55
2026-12-15,20,1.59
2026-12-15,21,1.69
2026-12-15,22,1.86
2026-12-15,23,2.05
2026-12-15,24,2.18
2026-12-16,1,2.24
2026-12-16,2,2.18
2026-12-16,3,2.03
2026-12-16,4,1.81
2026-12-16,5,1.53
2026-12-16,6,1.24
2026-12-16,7,0.98
2026-12-16,8,0.8
2026-12-16,9,0.73
2026-12-16,10,0.79
2026-12-16,11,0.95
2026-12-16,12,1.15
2026-12-16,13,1.35
2026-12-16,14,1.5
2026-12-16,15,1.61
2026-12-16,16,1.66
2026-12-16,17,1.68
2026-12-16,18,1.66
2026-12-16,19,1.61
2026-12-16,20,1.57
2026-12-16,21,1.58
2026-12-16,22,1.64
2026-12-16,23,1.77
2026-12-16,24,1.91
2026-12-17,1,2.02
2026-12-17,2,2.05
2026-12-17,3,1.99
2026-12-17,4,1.86
2026-12-17,5,1.67
2026-12-17,6,1.43
2026-12-17,7,1.18
2026-12-17,8,0.97
2026-12-17,9,0.85
2026-12-17,10,0.83
2026-12-17,11,0.93
2026-12-17,12,1.1
2026-12-17,13,1.31
2026-12-17,14,1.49
2026-12-17,15,1.63
2026-12-17,16,1.73
2026-12-17,17,1.77
2026-12-17,18,1.77
2026-12-17,19,1.72
2026-12-17,20,1.63
2026-12-17,21,1.55
2026-12-17,22,1.5
2026-12-17,23,1.52
2026-12-17,24,1.61
2026-12-18,1,1.72
2026-12-18,2,1.81
2026-12-18,3,1.84
2026-12-18,4,1.81
2026-12-18,5,1.72
2026-12-18,6,1.57
2026-12-18,7,1.38
2026-12-18,8,1.18
2026-12-18,9,1.02
2026-12-18,10,0.94
2026-12-18,11,0.96
2026-12-18,12,1.09
2026-12-18,13,1.27
2026-12-18,14,1.49
2026-12-18,15,1.67
2026-12-18,16,1.81
2026-12-18,17,1.89
2026-12-18,18,1.91
2026-12-18,19,1.87
2026-12-18,20,1.75
2026-12-18,21,1.6
2026-12-18,22,1.45
2026-12-18,23,1.34
2026-12-18,24,1.32
2026-12-19,1,1.38
2026-12-19,2,1.48
2026-12-19,3,1.59
2026-12-19,4,1.65
2026-12-19,5,1.66
2026-12-19,6,1.61
2026-12-19,7,1.52
2026-12-19,8,1.37
2026-12-19,9,1.22
2026-12-19,10,1.1
2026-12-19,11,1.05
2026-12-19,12,1.1
2026-12-19,13,1.26
2026-12-19,14,1.47
2026-12-19,15,1.7
2026-12-19,16,1.89
2026-12-19,17,2.03
2026-12-19,18,2.08
2026-12-19,19,2.05
2026-12-19,20,1.94
2026-12-19,21,1.75
2026-12-19,22,1.51
2026-12-19,23,1.28
2026-12-19,24,1.12
2026-12-20,1,1.06
2026-12-20,2,1.11
2026-12-20,3,1.23
2026-12-20,4,1.37
2026-12-20,5,1.48
2026-12-20,6,1.55
2026-12-20,7,1.56
2026-12-20,8,1.51
2026-12-20,9,1.4
2026-12-20,10,1.28
2026-12-20,11,1.19
2026-12-20,12,1.16
2026-12-20,13,1.25
2026-12-20,14,1.44
2026-12-20,15,1.7
2026-12-20,16,1.96
2026-12-20,17,2.15
2026-12-20,18,2.27
2026-12-20,19,2.28
2026-12-20,20,2.19
2026-12-20,21,1.99
2026-12-20,22,1.7
2026-12-20,23,1.38
2026-12-20,24,1.07
2026-12-21,1,0.85
2026-12-21,2,0.78
2026-12-21,3,0.84
2026-12-21,4,0.99
2026-12-21,5,1.18
2026-12-21,6,1.35
2026-12-21,7,1.48
2026-12-21,8,1.54
2026-12-21,9,1.53
2026-12-21,10,1.45
2026-12-21,11,1.35
2026-12-21,12,1.27
2026-12-21,13,1.26
2026-12-21,14,1.39
2026-12-21,15,1.63
2026-12-21,16,1.93
2026-12-21,17,2.23
2026-12-21,18,2.42
2026-12-21,19,2.51
2026-12-21,20,2.46
2026-12-21,21,2.3
2026-12-21,22,2.01
2026-12-21,23,1.63
2026-12-21,24,1.22
2026-12-22,1,0.84
2026-12-22,2,0.59
2026-12-22,3,0.51
2026-12-22,4,0.59
2026-12-22,5,0.8
2026-12-22,6,1.04
2026-12-22,7,1.26
2026-12-22,8,1.45
2026-12-22,9,1.54
2026-12-22,10,1.56
2026-12-22,11,1.49
2026-12-22,12,1.39
2026-12-22,13,1.32
2026-12-22,14,1.34
2026-12-22,15,1.52
2026-12-22,16,1.81
2026-12-22,17,2.16
2026-12-22,18,2.48
2026-12-22,19,2.66
2026-12-22,20,2.72
2026-12-22,21,2.61
2026-12-22,22,2.37
2026-12-22,23,2.01
2026-12-22,24,1.54
2026-12-23,1,1.06
2026-12-23,2,0.63
2026-12-23,3,0.36
2026-12-23,4,0.28
2026-12-23,5,0.4
2026-12-23,6,0.66
2026-12-23,7,0.95
2026-12-23,8,1.23
2026-12-23,9,1.45
2026-12-23,10,1.57
2026-12-23,11,1.59
2026-12-23,12,1.51
2026-12-23,13,1.41
2026-12-23,14,1.35
2026-12-23,15,1.41
2026-12-23,16,1.63
2026-12-23,17,1.96
2026-12-23,18,2.36
2026-12-23,19,2.67
2026-12-23,20,2.85
2026-12-23,21,2.86
2026-12-23,22,2.7
2026-12-23,23,2.42
2026-12-23,24,1.99
2026-12-24,1,1.46
2026-12-24,2,0.93
2026-12-24,3,0.46
2026-12-24,4,0.19
2026-12-24,5,0.13
2026-12-24,6,0.3
2026-12-24,7,0.61
2026-12-24,8,0.93
2026-12-24,9,1.25
2026-12-24,10,1.47
2026-12-24,11,1.59
2026-12-24,12,1.59
2026-12-24,13,1.5
2026-12-24,14,1.4
2026-12-24,15,1.35
2026-12-24,16,1.45
2026-12-24,17,1.7
2026-12-24,18,2.08
2026-12-24,19,2.49
2026-12-24,20,2.79
2026-12-24,21,2.95
2026-12-24,22,2.92
2026-12-24,23,2.74
2026-12-24,24,2.42
2026-12-25,1,1.94
2026-12-25,2,1.39
2026-12-25,3,0.83
2026-12-25,4,0.35
2026-12-25,5,0.1
2026-12-25,6,0.07
2026-12-25,7,0.3
2026-12-25,8,0.63
2026-12-25,9,0.98
2026-12-25,10,1.3
2026-12-25,11,1.5
2026-12-25,12,1.61
2026-12-25,13,1.58
2026-12-25,14,1.48
2026-12-25,15,1.38
2026-12-25,16,1.34
2026-12-25,17,1.47
2026-12-25,18,1.74
2026-12-25,19,2.14
2026-12-25,20,2.55
2026-12-25,21,2.83
2026-12-25,22,2.96
2026-12-25,23,2.9
2026-12-25,24,2.71
2026-12-26,1,2.37
2026-12-26,2,1.88
2026-12-26,3,1.32
2026-12-26,4,0.74
2026-12-26,5,0.3
2026-12-26,6,0.08
2026-12-26,7,0.11
2026-12-26,8,0.38
2026-12-26,9,0.73
2026-12-26,10,1.09
2026-12-26,11,1.37
2026-12-26,12,1.55
2026-12-26,13,1.63
2026-12-26,14,1.56
2026-12-26,15,1.46
2026-12-26,16,1.36
2026-12-26,17,1.33
2026-12-26,18,1.48
2026-12-26,19,1.76
2026-12-26,20,2.16
2026-12-26,21,2.53
2026-12-26,22,2.78
2026-12-26,23,2.87
2026-12-26,24,2.8
2026-12-27,1,2.62
2026-12-27,2,2.27
2026-12-27,3,1.78
2026-12-27,4,1.24
2026-12-27,5,0.69
2026-12-27,6,0.31
2026-12-27,7,0.15
2026-12-27,8,0.24
2026-12-27,9,0.54
2026-12-27,10,0.88
2026-12-27,11,1.22
2026-12-27,12,1.46
2026-12-27,13,1.6
2026-12-27,14,1.64
2026-12-27,15,1.56
2026-12-27,16,1.45
2026-12-27,17,1.34
2026-12-27,18,1.33
2026-12-27,19,1.48
2026-12-27,20,1.75
2026-12-27,21,2.13
2026-12-27,22,2.44
2026-12-27,23,2.65
2026-12-27,24,2.71
2026-12-28,1,2.63
2026-12-28,2,2.45
2026-12-28,3,2.11
2026-12-28,4,1.66
2026-12-28,5,1.15
2026-12-28,6,0.67
2026-12-28,7,0.37
2026-12-28,8,0.28
2026-12-28,9,0.44
2026-12-28,10,0.74
2026-12-28,11,1.07
2026-12-28,12,1.36
2026-12-28,13,1.55
2026-12-28,14,1.67
2026-12-28,15,1.66
2026-12-28,16,1.58
2026-12-28,17,1.47
2026-12-28,18,1.35
2026-12-28,19,1.35
2026-12-28,20,1.47
2026-12-28,21,1.72
2026-12-28,22,2.04
2026-12-28,23,2.28
2026-12-28,24,2.44
2026-12-29,1,2.47
2026-12-29,2,2.4
2026-12-29,3,2.23
2026-12-29,4,1.91
2026-12-29,5,1.52
2026-12-29,6,1.07
2026-12-29,7,0.7
2026-12-29,8,0.49
2026-12-29,9,0.47
2026-12-29,10,0.68
2026-12-29,11,0.97
2026-12-29,12,1.26
2026-12-29,13,1.5
2026-12-29,14,1.65
2026-12-29,15,1.74
2026-12-29,16,1.71
2026-12-29,17,1.63
2026-12-29,18,1.5
2026-12-29,19,1.38
2026-12-29,20,1.36
2026-12-29,21,1.44
2026-12-29,22,1.65
2026-12-29,23,1.89
2026-12-29,24,2.07
2026-12-30,1,2.17
2026-12-30,2,2.18
2026-12-30,3,2.12
2026-12-30,4,1.97
2026-12-30,5,1.71
2026-12-30,6,1.39
2026-12-30,7,1.04
2026-12-30,8,0.78
2026-12-30,9,0.65
2026-12-30,10,0.71
2026-12-30,11,0.93
2026-12-30,12,1.19
2026-12-30,13,1.45
2026-12-30,14,1.64
2026-12-30,15,1.76
2026-12-30,16,1.82
2026-12-30,17,1.78
2026-12-30,18,1.69
2026-12-30,19,1.55
2026-12-30,20,1.42
2026-12-30,21,1.36
2026-12-30,22,1.39
2026-12-30,23,1.53
2026-12-30,24,1.68
2026-12-31,1,1.8
2026-12-31,2,1.86
2026-12-31,3,1.87
2026-12-31,4,1.83
2026-12-31,5,1.72
2026-12-31,6,1.54
2026-12-31,7,1.3
2026-12-31,8,1.06
2026-12-31,9,0.9
2026-12-31,10,0.85
2026-12-31,11,0.95
2026-12-31,12,1.17
2026-12-31,13,1.41
2026-12-31,14,1.63
2026-12-31,15,1.78
2026-12-31,16,1.88
2026-12-31,17,1.91
2026-12-31,18,1.86
2026-12-31,19,1.75
2026-12-31,20,1.58
2026-12-31,21,1.43
2026-12-31,22,1.32
2026-12-31,23,1.3
2026-12-31,24,1.35
